transaction_id,customer_id,product_id,branch_id,rm_id,transaction_date,transaction_type,channel,amount_vnd
5872,128,103,12,41,2025-10-27,Phi banca,Internet Banking,2000000
5415,201,108,2,8,2025-10-15,Tra no vay,Mobile Banking,33000000
2472,351,109,5,16,2026-01-25,Giai ngan vay,Internet Banking,1989000000
488,388,108,3,11,2026-05-16,Giai ngan vay,Internet Banking,482000000
3115,215,101,3,9,2026-05-17,Phi banca,Quay giao dich,300000
412,102,106,11,39,2025-10-11,Tra no vay,POS,55000000
199,286,109,5,17,2026-01-29,Phi banca,Quay giao dich,1400000
1534,166,103,10,32,2026-07-23,Gui tiet kiem,POS,47000000
2988,141,101,12,40,2025-10-13,Giai ngan vay,Mobile Banking,197000000
173,41,107,1,1,2026-05-17,Chi tieu the,Mobile Banking,4800000
1239,130,110,6,19,2025-07-06,Gui tiet kiem,ATM,361000000
4787,170,107,1,1,2026-04-24,Rut tiet kiem,POS,79000000
910,391,106,11,38,2026-05-07,Rut tiet kiem,Quay giao dich,56000000
5208,213,107,7,23,2025-12-07,Tra no vay,POS,-29000000
2558,334,101,7,24,2025-09-12,Chi tieu the,ATM,500000
5240,283,109,1,3,2026-01-20,Phi banca,Internet Banking,600000
5848,255,105,6,20,2026-06-28,Phi banca,Mobile Banking,1200000
203,185,108,6,20,2026-02-15,Gui tiet kiem,ATM,376000000
1685,375,103,7,24,2025-08-29,Rut tiet kiem,Mobile Banking,236000000
67,365,109,8,26,2026-05-20,Rut tiet kiem,Mobile Banking,149000000
2107,168,101,5,16,2025-09-08,Rut tiet kiem,Internet Banking,237000000
3210,369,107,10,33,2026-07-03,Phi banca,Quay giao dich,400000
16,114,104,9,31,2026-06-12,Giai ngan vay,Mobile Banking,1101000000
431,49,110,9,31,2025-12-20,Gui tiet kiem,Internet Banking,295000000
2940,160,109,5,17,2026-07-26,Gui tiet kiem,POS,285000000
5565,54,107,8,28,2026-07-06,Giai ngan vay,Internet Banking,315000000
517,267,109,8,26,2025-11-23,Gui tiet kiem,Mobile Banking,266000000
4734,305,108,12,40,2026-05-21,Gui tiet kiem,Quay giao dich,435000000
890,192,103,2,7,2026-05-14,Chi tieu the,POS,2600000
1505,140,109,9,29,2025-12-06,Gui tiet kiem,ATM,37000000
1298,312,105,8,28,2025-09-11,Chi tieu the,Mobile Banking,2700000
4616,49,107,9,31,2026-03-15,Rut tiet kiem,Internet Banking,186000000
655,376,107,12,41,2025-09-26,Giai ngan vay,Mobile Banking,455000000
3075,226,108,1,5,2026-02-10,Giai ngan vay,POS,1600000000
3797,317,105,4,13,2026-03-21,Phi banca,Quay giao dich,1200000
1317,253,107,7,22,2026-04-06,Chi tieu the,Quay giao dich,3600000
1368,212,102,8,26,2026-04-13,Rut tiet kiem,Quay giao dich,76000000
4983,289,101,6,19,2025-10-22,Rut tiet kiem,ATM,265000000
5554,186,102,9,29,2026-06-22,Giai ngan vay,ATM,1018000000
5666,315,106,7,22,2025-10-29,Phi banca,POS,1600000
3420,105,105,7,22,2026-07-15,Giai ngan vay,Mobile Banking,1504000000
249,319,105,9,31,2025-07-07,Tra no vay,ATM,1000000
1396,85,103,12,42,2025-10-21,Gui tiet kiem,Internet Banking,6000000
1399,269,106,8,27,2025-12-12,Tra no vay,Quay giao dich,57000000
4503,271,106,2,8,2026-03-29,Gui tiet kiem,Mobile Banking,213000000
2089,273,110,11,37,2026-04-10,Tra no vay,Internet Banking,69000000
2190,163,102,5,16,2026-07-19,Tra no vay,Mobile Banking,58000000
4569,320,109,1,4,2026-07-02,Chi tieu the,POS,1100000
2068,191,110,11,37,2025-10-23,Tra no vay,POS,30000000
1483,163,102,5,16,2025-10-02,Rut tiet kiem,POS,41000000
3900,17,106,4,13,2025-09-04,Gui tiet kiem,Mobile Banking,350000000
2076,133,108,9,30,2026-02-18,Giai ngan vay,Internet Banking,1616000000
5639,229,110,5,17,2025-10-13,Giai ngan vay,POS,-224000000
5809,138,110,10,35,2025-08-27,Tra no vay,Quay giao dich,79000000
4136,69,109,8,28,2025-12-30,Phi banca,POS,2000000
93,73,102,9,30,2025-07-22,Chi tieu the,Quay giao dich,600000
4584,163,108,5,16,2026-07-14,Gui tiet kiem,Internet Banking,176000000
4151,83,110,8,27,2025-11-23,Gui tiet kiem,ATM,164000000
1248,309,109,6,19,2025-11-25,Rut tiet kiem,POS,281000000
5535,,108,4,13,2026-05-27,Giai ngan vay,Mobile Banking,999000000
5028,82,105,8,28,2025-10-04,Tra no vay,Mobile Banking,33000000
4664,326,106,4,13,2025-08-13,Phi banca,Internet Banking,100000
5148,175,107,6,19,2025-09-19,Phi banca,Internet Banking,700000
4315,265,110,10,35,2025-10-16,Phi banca,POS,1900000
5670,1,102,5,17,2026-05-21,Phi banca,Internet Banking,1000000
3758,104,104,7,22,2025-07-04,Tra no vay,Internet Banking,39000000
4687,128,105,12,41,2025-09-14,Gui tiet kiem,Internet Banking,293000000
3154,198,105,4,14,2025-12-27,Giai ngan vay,ATM,1049000000
4359,225,107,3,9,2026-01-24,Giai ngan vay,Internet Banking,714000000
3165,145,109,1,3,2026-03-04,Gui tiet kiem,Mobile Banking,441000000
5080,11,103,3,11,2025-11-28,Phi banca,Internet Banking,1900000
822,224,104,3,9,2025-08-20,Chi tieu the,Mobile Banking,4900000
4036,66,106,7,24,2025-08-17,Giai ngan vay,Internet Banking,1929000000
293,222,110,7,23,2026-01-18,Phi banca,Internet Banking,700000
1807,189,109,10,32,2026-07-25,Tra no vay,Mobile Banking,38000000
5979,356,110,10,33,2025-11-02,Phi banca,POS,800000
5040,289,104,6,19,2026-06-19,Chi tieu the,Quay giao dich,4900000
5887,113,109,5,18,2025-08-24,Chi tieu the,POS,2200000
5236,34,107,4,14,2026-02-25,Giai ngan vay,POS,1385000000
146,315,101,7,22,2026-04-04,Tra no vay,Quay giao dich,74000000
307,249,103,9,30,2026-03-28,Giai ngan vay,Quay giao dich,1269000000
2571,385,108,6,20,2026-05-22,Phi banca,ATM,1800000
2552,149,101,1,2,2026-04-25,Giai ngan vay,Internet Banking,1064000000
2564,17,106,4,13,2025-10-27,Rut tiet kiem,POS,91000000
3434,388,104,3,11,2025-08-30,Gui tiet kiem,ATM,432000000
184,5,101,10,32,2026-04-24,Phi banca,ATM,800000
3528,47,108,1,3,2026-02-06,Chi tieu the,Quay giao dich,3200000
3204,228,109,2,6,2025-08-22,Gui tiet kiem,Quay giao dich,231000000
2160,230,101,3,9,2026-03-16,Gui tiet kiem,Mobile Banking,119000000
5922,214,102,1,3,2025-07-16,Giai ngan vay,POS,387000000
3068,305,110,12,40,2026-01-01,Phi banca,POS,400000
2846,40,108,8,27,2025-10-17,Tra no vay,Internet Banking,53000000
900,201,107,2,8,2026-06-23,Tra no vay,Quay giao dich,4000000
77,21,107,3,9,2025-11-20,Giai ngan vay,POS,1246000000
5873,338,102,5,15,2026-02-04,Tra no vay,Internet Banking,8000000
3967,123,104,1,2,2026-02-13,Gui tiet kiem,Quay giao dich,406000000
4017,93,105,10,32,2026-02-14,Rut tiet kiem,ATM,290000000
2314,220,106,2,7,2025-10-09,Tra no vay,POS,73000000
758,5,102,10,32,2026-04-04,Phi banca,Internet Banking,1900000
3592,321,103,4,14,2025-12-09,Giai ngan vay,Internet Banking,312000000
4938,364,105,5,15,2026-06-19,Giai ngan vay,Internet Banking,140000000
2577,288,110,4,14,2026-06-23,Rut tiet kiem,ATM,296000000
3466,357,106,6,19,2026-02-08,Tra no vay,Mobile Banking,1000000
3296,227,102,2,8,2026-06-17,Tra no vay,ATM,88000000
5716,355,102,1,1,2025-11-02,Phi banca,POS,1800000
2436,278,105,10,32,2025-11-03,Phi banca,Quay giao dich,2000000
1745,56,104,5,16,2025-10-18,Phi banca,ATM,200000
762,116,107,1,2,2026-06-17,Tra no vay,Quay giao dich,14000000
935,11,108,3,11,2025-07-18,Giai ngan vay,Internet Banking,665000000
3842,350,110,3,9,2026-04-30,Phi banca,Mobile Banking,1500000
5201,194,103,6,20,2026-02-10,Rut tiet kiem,ATM,53000000
2990,140,107,9,29,2025-07-09,Rut tiet kiem,Internet Banking,79000000
4660,67,101,4,14,2026-02-16,Phi banca,Mobile Banking,1800000
4827,70,107,12,40,2026-02-27,Giai ngan vay,POS,1414000000
2295,5,102,10,32,2026-03-31,Giai ngan vay,Mobile Banking,394000000
1306,187,101,11,37,2026-02-28,Rut tiet kiem,Mobile Banking,2000000
228,285,105,2,7,2025-10-24,Giai ngan vay,Mobile Banking,1395000000
3575,44,102,6,21,2026-07-24,Tra no vay,ATM,56000000
1848,253,102,7,22,2026-02-12,Rut tiet kiem,Mobile Banking,282000000
4413,237,106,1,1,2026-06-18,Chi tieu the,POS,3900000
3180,166,109,10,32,2025-11-22,Giai ngan vay,Internet Banking,346000000
3634,199,108,8,27,2025-10-01,Chi tieu the,Quay giao dich,1200000
3100,219,101,6,19,2025-08-15,Giai ngan vay,Internet Banking,519000000
5877,52,109,11,36,2025-10-16,Tra no vay,Quay giao dich,23000000
5134,394,105,6,19,2026-01-30,Gui tiet kiem,Internet Banking,72000000
5239,275,108,1,4,2025-11-16,Giai ngan vay,POS,1230000000
2894,217,101,5,16,2026-06-17,Tra no vay,Quay giao dich,73000000
461,135,104,11,39,2026-05-13,Rut tiet kiem,ATM,299000000
2441,334,103,7,24,2025-07-24,Rut tiet kiem,Mobile Banking,94000000
4047,168,106,5,16,2026-04-23,Giai ngan vay,Mobile Banking,388000000
4530,187,101,11,37,2026-04-11,Phi banca,Quay giao dich,1500000
4333,231,102,2,8,2025-09-13,Giai ngan vay,ATM,1471000000
4460,233,103,3,10,2026-03-24,Gui tiet kiem,Mobile Banking,393000000
4739,174,101,10,35,2025-08-12,Phi banca,Internet Banking,1100000
4442,203,103,6,19,2026-02-11,Tra no vay,Internet Banking,29000000
4523,155,101,6,20,2026-06-17,Tra no vay,POS,73000000
343,142,101,5,15,2025-10-08,Rut tiet kiem,Quay giao dich,243000000
1477,162,108,7,22,2025-08-13,Gui tiet kiem,Mobile Banking,309000000
4329,161,107,2,7,2026-05-16,Rut tiet kiem,Internet Banking,243000000
5644,299,101,8,27,2026-01-19,Gui tiet kiem,Internet Banking,323000000
5898,160,110,5,17,2026-01-29,Tra no vay,POS,83000000
1810,242,109,9,31,2026-06-15,Chi tieu the,ATM,-3800000
4289,215,110,3,9,2025-07-10,Tra no vay,Quay giao dich,66000000
4524,,104,3,9,2025-08-07,Gui tiet kiem,ATM,492000000
4475,60,104,10,34,2025-08-27,Chi tieu the,POS,3900000
5005,190,105,9,31,2026-06-13,Gui tiet kiem,Quay giao dich,203000000
5533,105,107,7,22,2026-01-16,Gui tiet kiem,ATM,151000000
3313,289,101,6,19,2025-10-03,Rut tiet kiem,Mobile Banking,289000000
5679,51,104,7,23,2025-10-18,Giai ngan vay,Internet Banking,1200000000
4390,371,110,8,28,2025-12-13,Rut tiet kiem,Mobile Banking,66000000
4343,384,105,8,26,2025-09-17,Rut tiet kiem,ATM,137000000
4641,,109,9,29,2025-10-04,Tra no vay,Mobile Banking,1000000
2447,126,104,4,14,2026-06-10,Rut tiet kiem,Mobile Banking,222000000
3244,370,108,11,37,2026-04-19,Chi tieu the,Mobile Banking,2100000
2297,47,103,1,3,2025-09-22,Giai ngan vay,Mobile Banking,1216000000
122,397,107,1,5,2026-03-25,Giai ngan vay,ATM,1478000000
1785,226,108,1,5,2026-03-16,Chi tieu the,Internet Banking,2300000
34,24,105,11,38,2025-11-26,Phi banca,ATM,500000
1333,153,101,10,33,2025-08-31,Rut tiet kiem,Internet Banking,234000000
4969,271,102,2,8,2026-02-15,Giai ngan vay,Quay giao dich,1829000000
5368,14,110,6,19,2025-10-01,Tra no vay,ATM,97000000
4852,135,107,11,39,2026-07-04,Chi tieu the,Internet Banking,3300000
4554,263,101,12,40,2025-08-23,Tra no vay,ATM,2000000
5051,313,104,5,18,2026-05-05,Giai ngan vay,POS,507000000
2300,146,101,9,29,2025-07-10,Chi tieu the,Mobile Banking,600000
5851,235,110,10,32,2026-04-11,Chi tieu the,POS,2200000
3916,73,105,9,30,2026-02-25,Tra no vay,Quay giao dich,18000000
3791,101,105,3,10,2026-07-17,Gui tiet kiem,Internet Banking,236000000
3520,4,104,6,20,2026-04-11,Giai ngan vay,POS,899000000
5373,390,109,4,14,2025-07-19,Giai ngan vay,Internet Banking,1950000000
4358,242,104,9,31,2025-08-17,Rut tiet kiem,Mobile Banking,29000000
1922,,101,11,37,2026-05-04,Chi tieu the,Mobile Banking,2300000
344,28,106,2,6,2025-11-23,Tra no vay,Mobile Banking,98000000
2485,165,108,7,25,2026-05-24,Chi tieu the,Mobile Banking,3800000
3280,388,102,3,11,2025-12-26,Rut tiet kiem,Mobile Banking,106000000
678,,104,3,9,2026-03-11,Phi banca,Internet Banking,700000
4079,400,102,11,36,2025-08-01,Gui tiet kiem,Internet Banking,234000000
1953,365,101,8,26,2025-07-01,Tra no vay,Mobile Banking,51000000
4797,80,104,7,25,2025-11-01,Phi banca,Mobile Banking,400000
5298,368,103,4,13,2025-07-26,Chi tieu the,Mobile Banking,1400000
2003,100,101,5,15,2026-06-20,Rut tiet kiem,POS,149000000
2029,100,109,5,15,2026-01-19,Gui tiet kiem,Mobile Banking,6000000
501,107,105,9,29,2026-06-19,Phi banca,Quay giao dich,2000000
5217,303,102,10,34,2026-06-14,Giai ngan vay,ATM,1217000000
5065,71,110,10,33,,Chi tieu the,Internet Banking,4400000
4128,32,102,1,1,2025-11-24,Giai ngan vay,Quay giao dich,329000000
3907,331,103,10,35,2026-03-18,Gui tiet kiem,POS,177000000
4909,171,110,2,6,2025-12-29,Gui tiet kiem,Quay giao dich,420000000
4515,329,109,12,42,2026-04-27,Rut tiet kiem,Mobile Banking,245000000
222,193,110,11,39,2026-06-05,Gui tiet kiem,POS,135000000
3022,181,104,11,38,2026-02-05,Rut tiet kiem,ATM,183000000
4353,281,102,5,16,2026-03-07,Tra no vay,ATM,22000000
4677,97,102,4,14,2026-05-17,Phi banca,Quay giao dich,800000
2594,18,102,8,27,2025-10-08,Rut tiet kiem,Mobile Banking,140000000
1047,234,110,5,15,2026-04-21,Phi banca,ATM,1200000
4216,363,110,10,33,2026-06-07,Rut tiet kiem,Quay giao dich,157000000
1446,134,103,5,17,2026-05-26,Gui tiet kiem,POS,259000000
2147,151,103,12,42,2025-10-03,Rut tiet kiem,Internet Banking,204000000
167,140,109,9,29,2026-02-13,Phi banca,Mobile Banking,1900000
3609,83,103,8,27,2025-10-04,Chi tieu the,Mobile Banking,2900000
1961,269,110,8,27,2026-04-13,Giai ngan vay,POS,764000000
4414,229,108,5,17,2025-07-29,Chi tieu the,ATM,1200000
4777,125,101,1,4,2025-11-12,Gui tiet kiem,ATM,69000000
2167,345,109,5,15,2026-04-22,Phi banca,ATM,1100000
5147,186,110,9,29,2026-06-14,Giai ngan vay,POS,1755000000
1883,258,102,7,24,2026-01-30,Gui tiet kiem,Internet Banking,213000000
2036,116,110,1,2,2025-09-17,Phi banca,Quay giao dich,600000
1381,148,110,1,2,2026-03-20,Giai ngan vay,Mobile Banking,1907000000
424,50,107,4,12,2025-12-24,Tra no vay,Internet Banking,32000000
4494,218,108,11,38,2025-08-31,Tra no vay,Quay giao dich,75000000
1084,57,110,8,26,2025-11-26,Rut tiet kiem,Mobile Banking,206000000
808,8,103,9,30,2026-02-20,Tra no vay,Mobile Banking,87000000
2611,177,106,5,17,2025-09-24,Rut tiet kiem,Internet Banking,255000000
1909,60,105,10,34,,Rut tiet kiem,Internet Banking,29000000
4693,334,107,7,24,2026-03-06,Phi banca,Quay giao dich,1600000
51,361,109,3,9,2026-07-16,Phi banca,POS,1700000
5780,273,101,11,37,2026-01-09,Rut tiet kiem,Internet Banking,43000000
4587,45,108,7,24,2026-02-07,Giai ngan vay,Mobile Banking,-274000000
3984,3,107,11,37,2025-08-09,Giai ngan vay,POS,898000000
4166,8,107,9,30,2026-02-11,Phi banca,Internet Banking,1000000
4819,326,102,4,13,2025-10-29,Rut tiet kiem,ATM,40000000
4542,68,106,1,5,2025-09-11,Giai ngan vay,ATM,873000000
8,191,101,11,37,2025-12-20,Giai ngan vay,Internet Banking,1807000000
738,271,110,2,8,2026-01-07,Phi banca,Mobile Banking,400000
2711,138,107,10,35,2026-02-05,Tra no vay,POS,100000000
5488,291,105,10,35,2026-03-23,Rut tiet kiem,Internet Banking,32000000
4038,146,103,9,29,2026-02-05,Rut tiet kiem,Internet Banking,95000000
4222,344,104,1,3,2026-01-26,Phi banca,Quay giao dich,500000
3798,231,106,2,8,2026-01-30,Chi tieu the,Mobile Banking,700000
3949,148,103,1,2,2025-07-21,Rut tiet kiem,Internet Banking,284000000
3803,328,110,10,33,2026-01-29,Chi tieu the,POS,4900000
5965,112,101,7,24,2026-01-02,Phi banca,Mobile Banking,600000
262,260,109,3,10,2025-12-13,Gui tiet kiem,Quay giao dich,356000000
4003,309,104,6,19,2026-06-13,Gui tiet kiem,Internet Banking,272000000
1734,23,110,5,16,2025-12-29,Phi banca,Mobile Banking,1400000
329,123,108,1,2,2026-01-16,Chi tieu the,Quay giao dich,2900000
4522,140,109,9,29,2026-07-25,Phi banca,POS,400000
3830,161,104,2,7,2026-07-23,Rut tiet kiem,Internet Banking,275000000
1412,257,109,9,30,2025-07-30,Rut tiet kiem,ATM,25000000
3323,41,103,1,1,2026-02-01,Chi tieu the,POS,4600000
1621,21,109,3,9,2026-04-29,Phi banca,POS,1800000
5770,90,110,11,36,2025-08-09,Rut tiet kiem,POS,209000000
5297,52,104,11,36,2026-01-12,Giai ngan vay,Mobile Banking,1610000000
4721,143,105,6,19,2026-06-11,Rut tiet kiem,POS,239000000
3834,11,104,3,11,2025-10-20,Giai ngan vay,Quay giao dich,88000000
1267,61,109,1,4,2026-05-13,Rut tiet kiem,ATM,283000000
4316,321,105,4,14,2025-07-03,Rut tiet kiem,Internet Banking,127000000
5846,370,105,11,37,2025-09-07,Rut tiet kiem,POS,193000000
631,171,103,2,6,2026-05-22,Phi banca,Internet Banking,1900000
4007,144,106,5,16,2025-07-08,Rut tiet kiem,POS,127000000
2426,328,103,10,33,2026-07-23,Tra no vay,ATM,46000000
3600,113,101,5,18,2026-05-22,Gui tiet kiem,Quay giao dich,417000000
3882,276,110,9,29,2025-09-23,Gui tiet kiem,Mobile Banking,395000000
4229,201,105,2,8,2026-07-07,Gui tiet kiem,POS,307000000
5940,341,108,2,8,2026-05-23,Gui tiet kiem,Quay giao dich,70000000
2443,151,103,12,42,2025-10-17,Tra no vay,Internet Banking,76000000
848,386,106,8,28,2026-01-21,Chi tieu the,Quay giao dich,400000
4452,81,102,1,1,2025-11-05,Chi tieu the,ATM,2400000
2156,,105,5,15,2025-07-13,Phi banca,POS,300000
464,182,110,8,27,2026-06-09,Phi banca,POS,2000000
2939,193,108,11,39,2025-12-24,Rut tiet kiem,POS,276000000
139,151,106,12,42,2025-08-29,Giai ngan vay,POS,1715000000
476,23,110,5,16,2026-02-17,Phi banca,Internet Banking,1000000
4975,335,109,9,30,2025-08-16,Giai ngan vay,POS,1822000000
1288,219,105,6,19,2025-12-24,Chi tieu the,Mobile Banking,1100000
987,15,105,3,10,2025-11-15,Rut tiet kiem,POS,210000000
795,21,106,3,9,2025-11-24,Tra no vay,ATM,47000000
1860,253,104,7,22,2026-01-11,Giai ngan vay,Internet Banking,426000000
3453,158,107,12,41,2025-07-16,Tra no vay,Mobile Banking,78000000
2868,161,105,2,7,2025-07-08,Chi tieu the,Quay giao dich,1100000
5973,354,101,2,8,2025-12-15,Giai ngan vay,Quay giao dich,685000000
2862,220,105,2,7,2026-01-02,Chi tieu the,POS,4700000
1715,64,105,7,22,2025-07-20,Phi banca,Quay giao dich,1800000
2211,85,102,12,42,2025-07-12,Rut tiet kiem,ATM,271000000
1876,261,105,2,8,2025-12-17,Gui tiet kiem,Internet Banking,341000000
2859,,110,4,14,2026-05-03,Giai ngan vay,Internet Banking,1739000000
5820,92,109,8,27,2026-07-17,Chi tieu the,ATM,4000000
5264,100,107,5,15,2025-07-27,Chi tieu the,Internet Banking,3400000
4243,85,109,12,42,2026-04-22,Gui tiet kiem,Internet Banking,462000000
1983,230,106,3,9,2026-07-09,Rut tiet kiem,Mobile Banking,69000000
5823,334,105,7,24,2026-05-09,Gui tiet kiem,POS,469000000
5229,340,103,10,34,2026-06-21,Giai ngan vay,POS,1406000000
164,281,101,5,16,2025-07-14,Chi tieu the,ATM,4000000
4319,268,102,5,15,2026-02-21,Rut tiet kiem,Internet Banking,284000000
741,23,103,5,16,2025-10-07,Chi tieu the,ATM,3600000
2750,354,102,2,8,2026-03-18,Tra no vay,ATM,68000000
4134,369,102,10,33,2025-07-21,Chi tieu the,Internet Banking,3500000
3894,126,103,4,14,2025-11-04,Giai ngan vay,Quay giao dich,1461000000
1106,317,103,4,13,2025-12-24,Chi tieu the,Mobile Banking,2400000
5126,327,107,7,25,2026-01-05,Rut tiet kiem,Mobile Banking,220000000
4612,255,109,6,20,2026-05-03,Phi banca,Quay giao dich,1100000
1919,238,104,4,13,2025-08-31,Gui tiet kiem,ATM,314000000
1004,130,107,6,19,2025-12-07,Rut tiet kiem,Internet Banking,165000000
4374,380,109,9,29,2025-08-18,Gui tiet kiem,Quay giao dich,143000000
3032,56,110,5,16,2026-03-08,Chi tieu the,POS,4000000
1214,209,103,4,14,2026-04-03,Giai ngan vay,POS,1298000000
1874,196,109,10,35,2026-03-22,Phi banca,Quay giao dich,1800000
1788,329,106,12,42,2025-11-01,Gui tiet kiem,POS,80000000
4624,391,102,11,38,2025-09-15,Tra no vay,Quay giao dich,78000000
4692,164,110,11,39,2025-08-29,Phi banca,Quay giao dich,1900000
4415,175,104,6,19,2025-09-05,Rut tiet kiem,Quay giao dich,163000000
1307,288,103,4,14,2025-11-17,Tra no vay,Internet Banking,83000000
2593,87,106,1,5,2026-04-19,Gui tiet kiem,Quay giao dich,210000000
2960,215,106,3,9,2025-12-01,Giai ngan vay,ATM,1468000000
3151,261,108,2,8,2026-06-28,Phi banca,POS,1400000
3976,133,106,9,30,2026-01-31,Tra no vay,ATM,86000000
1358,260,108,3,10,2025-08-05,Rut tiet kiem,POS,141000000
2429,293,101,1,4,2026-01-08,Rut tiet kiem,Mobile Banking,155000000
1038,383,103,6,19,2025-12-06,Tra no vay,Quay giao dich,36000000
3028,187,107,11,37,2026-01-03,Rut tiet kiem,POS,13000000
4586,395,108,7,22,2025-10-28,Rut tiet kiem,Internet Banking,214000000
1006,165,108,7,25,2026-06-28,Chi tieu the,ATM,2800000
1561,209,109,4,14,2026-07-04,Gui tiet kiem,POS,10000000
4756,364,109,5,15,2025-07-04,Tra no vay,Quay giao dich,33000000
1898,103,109,11,36,2025-12-21,Rut tiet kiem,Mobile Banking,145000000
3074,35,104,6,21,2026-03-23,Tra no vay,Mobile Banking,5000000
2066,95,103,10,35,2025-09-02,Gui tiet kiem,POS,174000000
3808,200,110,4,14,2026-06-29,Rut tiet kiem,Mobile Banking,128000000
5479,154,110,10,34,2026-03-11,Giai ngan vay,Quay giao dich,1179000000
4402,,105,12,42,2026-06-22,Chi tieu the,Mobile Banking,1200000
3102,49,106,9,31,2025-07-23,Chi tieu the,Quay giao dich,4300000
2984,180,109,11,39,2025-10-03,Gui tiet kiem,Quay giao dich,207000000
3091,58,108,2,6,2026-06-07,Tra no vay,POS,55000000
3971,,105,8,28,2026-07-25,Phi banca,POS,1600000
811,8,106,9,30,2026-01-03,Giai ngan vay,Quay giao dich,1078000000
3142,388,106,3,11,2025-12-31,Gui tiet kiem,ATM,462000000
3566,355,110,1,1,2026-03-13,Giai ngan vay,Quay giao dich,1771000000
5720,123,104,1,2,2026-07-17,Tra no vay,POS,66000000
1259,330,105,11,36,2025-10-18,Rut tiet kiem,ATM,56000000
3932,7,103,4,14,2026-01-11,Tra no vay,Quay giao dich,33000000
2797,226,104,1,5,2026-06-12,Rut tiet kiem,Quay giao dich,111000000
4923,131,110,11,36,2026-05-28,Tra no vay,ATM,62000000
2169,12,110,8,27,2026-04-28,Giai ngan vay,POS,560000000
5925,154,106,10,34,2026-01-23,Giai ngan vay,Quay giao dich,1792000000
1195,167,108,2,7,2026-06-23,Rut tiet kiem,Internet Banking,286000000
4197,214,108,1,3,2025-10-14,Tra no vay,Internet Banking,80000000
3821,212,106,8,26,2025-09-17,Gui tiet kiem,Quay giao dich,429000000
1375,384,103,8,26,2026-03-03,Chi tieu the,POS,4100000
3159,231,106,2,8,2025-08-05,Giai ngan vay,POS,1879000000
498,60,108,10,34,2026-05-15,Tra no vay,Internet Banking,21000000
4301,245,104,3,10,2026-06-30,Giai ngan vay,Mobile Banking,524000000
2715,279,108,8,26,2025-10-06,Chi tieu the,Quay giao dich,900000
2875,197,106,6,21,2026-05-12,Rut tiet kiem,Internet Banking,296000000
5362,235,109,10,32,2025-08-04,Tra no vay,Quay giao dich,18000000
4946,109,108,2,6,2025-08-15,Tra no vay,Mobile Banking,2000000
5308,217,108,5,16,2026-07-06,Tra no vay,Mobile Banking,100000000
1912,229,102,5,17,2026-04-12,Giai ngan vay,Internet Banking,792000000
3474,242,106,9,31,2026-01-24,Chi tieu the,ATM,400000
3014,228,101,2,6,2025-12-01,Tra no vay,Quay giao dich,76000000
4807,397,107,1,5,2026-03-16,Gui tiet kiem,POS,453000000
3492,262,103,3,10,2026-03-15,Tra no vay,Quay giao dich,62000000
4469,166,103,10,32,2025-08-29,Giai ngan vay,POS,1910000000
520,230,105,3,9,2026-04-20,Tra no vay,Quay giao dich,96000000
5557,351,101,5,16,2026-02-19,Rut tiet kiem,ATM,74000000
5260,54,110,8,28,2026-01-18,Rut tiet kiem,Quay giao dich,226000000
5324,285,107,2,7,2026-04-19,Phi banca,Mobile Banking,600000
2572,327,106,7,25,2025-09-29,Tra no vay,POS,52000000
3425,285,109,2,7,2026-05-27,Phi banca,POS,1000000
4762,352,101,10,35,2025-12-24,Chi tieu the,POS,4500000
3999,40,110,8,27,2026-07-24,Phi banca,Quay giao dich,500000
1316,84,104,12,42,2025-08-17,Giai ngan vay,Internet Banking,895000000
4841,31,109,3,11,2026-06-13,Gui tiet kiem,ATM,447000000
1173,224,109,3,9,2025-08-12,Rut tiet kiem,POS,262000000
347,399,102,12,40,2025-12-14,Gui tiet kiem,Mobile Banking,126000000
816,298,101,8,28,2026-06-07,Tra no vay,Internet Banking,59000000
2695,75,105,12,42,2026-05-15,Gui tiet kiem,Internet Banking,469000000
1065,133,104,9,30,2026-03-21,Phi banca,POS,1000000
4872,232,110,4,12,2025-09-17,Rut tiet kiem,POS,76000000
5884,163,110,5,16,2026-01-15,Gui tiet kiem,Quay giao dich,7000000
5924,74,110,7,25,2026-02-15,Tra no vay,ATM,82000000
5681,307,101,12,40,2026-04-25,Giai ngan vay,POS,203000000
195,360,110,12,40,2025-11-09,Giai ngan vay,Quay giao dich,76000000
4434,262,101,3,10,2026-01-28,Phi banca,Quay giao dich,1300000
3042,74,110,7,25,2026-01-08,Tra no vay,Quay giao dich,9000000
1454,359,103,6,20,2025-07-04,Giai ngan vay,Mobile Banking,1047000000
1326,58,101,2,6,2026-01-15,Phi banca,Quay giao dich,1000000
4790,193,101,11,39,2026-01-04,Rut tiet kiem,ATM,24000000
4212,257,106,9,30,2025-09-20,Chi tieu the,POS,100000
3547,239,102,11,38,2026-04-04,Giai ngan vay,Quay giao dich,838000000
1644,188,110,3,10,2025-10-18,Tra no vay,ATM,31000000
2135,94,103,4,12,2026-01-08,Tra no vay,Quay giao dich,19000000
1373,321,107,4,14,2026-05-17,Rut tiet kiem,Internet Banking,135000000
4107,94,104,4,12,2025-10-08,Tra no vay,Internet Banking,35000000
5284,135,105,11,39,2026-04-01,Rut tiet kiem,Internet Banking,27000000
1385,327,104,7,25,2025-10-14,Phi banca,POS,1200000
2123,384,108,8,26,2025-09-08,Gui tiet kiem,ATM,237000000
1985,118,101,5,17,2025-10-21,Giai ngan vay,Mobile Banking,953000000
20,145,105,1,3,2026-06-16,Tra no vay,Quay giao dich,82000000
1220,32,109,1,1,2025-07-31,Gui tiet kiem,Internet Banking,91000000
5105,47,110,1,3,2025-11-03,Gui tiet kiem,POS,481000000
2540,114,107,9,31,2026-03-07,Chi tieu the,Internet Banking,2900000
4385,354,106,2,8,2026-05-03,Rut tiet kiem,Quay giao dich,3000000
3931,267,104,8,26,2026-05-08,Phi banca,ATM,200000
2763,53,103,12,42,2025-12-22,Gui tiet kiem,Quay giao dich,334000000
3120,203,105,6,19,2025-08-03,Tra no vay,Internet Banking,74000000
2885,319,106,9,31,2026-05-08,Tra no vay,Internet Banking,73000000
1624,153,110,10,33,2025-12-20,Chi tieu the,POS,1900000
4562,149,101,1,2,2025-08-09,Tra no vay,Internet Banking,84000000
3403,183,107,5,18,2026-04-08,Gui tiet kiem,POS,169000000
3483,387,103,7,23,2026-01-24,Chi tieu the,ATM,4300000
3714,386,107,8,28,2026-02-17,Tra no vay,ATM,18000000
4314,163,102,5,16,2025-10-02,Rut tiet kiem,POS,41000000
2757,97,109,4,14,2026-01-06,Gui tiet kiem,POS,167000000
4526,348,103,7,24,2026-04-08,Giai ngan vay,Quay giao dich,-830000000
5501,114,109,9,31,2026-07-08,Tra no vay,Mobile Banking,38000000
5320,293,106,1,4,2025-07-31,Phi banca,POS,800000
5958,93,103,10,32,2025-11-05,Gui tiet kiem,Internet Banking,256000000
1643,167,105,2,7,2026-02-18,Giai ngan vay,Quay giao dich,464000000
2249,31,103,3,11,2025-09-28,Tra no vay,Mobile Banking,10000000
783,15,104,3,10,2025-11-22,Chi tieu the,Mobile Banking,100000
5245,151,110,12,42,2026-05-27,Tra no vay,Internet Banking,18000000
5782,63,106,11,39,2026-01-11,Rut tiet kiem,Internet Banking,290000000
1806,166,102,10,32,2026-01-21,Chi tieu the,POS,4000000
1793,304,108,5,15,2025-09-22,Rut tiet kiem,POS,291000000
4041,327,106,7,25,2025-07-17,Phi banca,Quay giao dich,1800000
5607,303,106,10,34,2026-04-03,Phi banca,Mobile Banking,700000
3372,337,107,7,24,2025-12-19,Giai ngan vay,POS,1824000000
3307,79,103,10,32,2025-09-15,Phi banca,POS,1000000
894,,104,12,40,2026-06-11,Giai ngan vay,Mobile Banking,1522000000
5698,67,101,4,14,2026-04-19,Gui tiet kiem,Quay giao dich,285000000
4308,172,110,12,40,2025-07-15,Gui tiet kiem,Internet Banking,290000000
4089,224,109,3,9,2026-04-11,Rut tiet kiem,ATM,46000000
2374,18,105,8,27,2026-07-10,Gui tiet kiem,POS,116000000
3062,388,109,3,11,2026-02-18,Tra no vay,ATM,8000000
928,291,101,10,35,2025-07-08,Gui tiet kiem,Mobile Banking,44000000
2433,223,105,7,22,2026-07-03,Chi tieu the,ATM,800000
1016,320,107,1,4,2025-11-08,Chi tieu the,POS,1000000
2740,302,104,4,12,2025-08-03,Tra no vay,POS,1000000
5170,367,110,11,38,2026-04-25,Phi banca,Mobile Banking,1300000
2499,297,101,3,11,2025-09-16,Rut tiet kiem,Mobile Banking,294000000
1353,304,101,5,15,2026-06-13,Gui tiet kiem,ATM,260000000
3250,322,105,9,31,2026-05-23,Rut tiet kiem,POS,239000000
4062,94,104,4,12,2025-09-01,Chi tieu the,POS,300000
1242,203,104,6,19,2025-08-14,Tra no vay,POS,5000000
3919,261,109,2,8,2025-11-10,Rut tiet kiem,Internet Banking,286000000
3942,400,110,11,36,2026-03-22,Giai ngan vay,ATM,788000000
2626,342,101,7,23,2025-12-08,Giai ngan vay,Mobile Banking,1949000000
4389,346,107,7,24,2025-11-26,Tra no vay,Quay giao dich,68000000
1573,38,106,8,27,2026-07-17,Gui tiet kiem,Mobile Banking,492000000
5402,67,106,4,14,2026-02-01,Chi tieu the,Internet Banking,2200000
4037,369,104,10,33,2026-02-18,Rut tiet kiem,Mobile Banking,204000000
3667,16,107,11,39,2025-11-14,Tra no vay,Quay giao dich,27000000
1803,143,106,6,19,2026-07-16,Tra no vay,POS,3000000
4748,320,105,1,4,2025-09-13,Tra no vay,ATM,69000000
2227,342,110,7,23,2025-12-16,Giai ngan vay,Mobile Banking,241000000
4644,333,108,2,7,2026-07-15,Chi tieu the,Mobile Banking,2900000
1804,224,107,3,9,2026-06-08,Tra no vay,ATM,2000000
3790,246,109,6,21,2025-09-02,Rut tiet kiem,Quay giao dich,81000000
5090,226,110,1,5,2026-05-09,Gui tiet kiem,POS,475000000
2357,6,105,11,39,2026-06-04,Giai ngan vay,Mobile Banking,490000000
2520,39,101,6,20,2026-04-25,Tra no vay,ATM,7000000
5478,382,103,11,37,2025-12-05,Chi tieu the,POS,3500000
3456,232,102,4,12,2025-11-14,Rut tiet kiem,Quay giao dich,140000000
5365,43,107,6,21,2026-05-26,Gui tiet kiem,Mobile Banking,47000000
2389,162,102,7,22,2025-07-03,Tra no vay,ATM,97000000
5359,321,110,4,14,2026-01-18,Giai ngan vay,ATM,1849000000
1896,263,101,12,40,2026-03-31,Chi tieu the,ATM,2700000
2518,158,108,12,41,2025-07-27,Rut tiet kiem,Quay giao dich,117000000
3913,237,110,1,1,2025-10-25,Giai ngan vay,POS,1387000000
3571,149,110,1,2,2025-12-31,Phi banca,ATM,1800000
3904,275,103,1,4,2026-01-22,Rut tiet kiem,POS,189000000
5581,278,101,10,32,2026-03-04,Giai ngan vay,POS,538000000
1924,78,108,6,19,2025-10-25,Rut tiet kiem,POS,268000000
5466,219,102,6,19,2026-02-08,Gui tiet kiem,POS,375000000
1200,260,109,3,10,2025-11-29,Chi tieu the,POS,500000
4063,94,110,4,12,2025-12-26,Gui tiet kiem,POS,464000000
739,67,110,4,14,2025-08-31,Chi tieu the,Quay giao dich,2900000
5603,101,105,3,10,2025-09-18,Chi tieu the,Internet Banking,1300000
3333,74,108,7,25,2026-04-25,Rut tiet kiem,POS,64000000
2230,280,102,3,11,2026-02-15,Giai ngan vay,ATM,324000000
3201,266,110,3,11,2025-11-17,Giai ngan vay,POS,1007000000
4729,318,107,3,11,2025-10-22,Giai ngan vay,Internet Banking,1242000000
3261,364,107,5,15,2025-10-22,Tra no vay,Quay giao dich,50000000
1149,205,104,1,3,2025-10-14,Chi tieu the,ATM,3300000
3935,291,109,10,35,2025-10-08,Chi tieu the,Quay giao dich,3700000
3896,126,105,4,14,2025-11-01,Giai ngan vay,ATM,775000000
3509,114,108,9,31,2026-05-14,Tra no vay,Mobile Banking,27000000
3164,194,108,6,20,2026-06-18,Tra no vay,POS,54000000
3127,75,108,12,42,2026-03-15,Rut tiet kiem,ATM,167000000
3350,337,101,7,24,2026-01-02,Giai ngan vay,POS,1107000000
2045,115,110,4,13,2025-11-17,Phi banca,ATM,1000000
155,288,110,4,14,2025-07-25,Gui tiet kiem,ATM,358000000
3818,92,103,8,27,2025-08-13,Gui tiet kiem,POS,334000000
5013,392,102,5,16,2025-11-06,Chi tieu the,Mobile Banking,2200000
3801,9,105,9,29,2025-09-13,Phi banca,ATM,1200000
5944,278,105,10,32,2026-05-04,Tra no vay,POS,91000000
1948,272,109,2,8,2026-05-15,Phi banca,ATM,700000
2856,310,103,10,32,2025-09-13,Giai ngan vay,Internet Banking,1706000000
2672,177,110,5,17,2026-06-03,Tra no vay,POS,62000000
4125,213,109,7,23,2025-10-25,Gui tiet kiem,Mobile Banking,478000000
4888,341,107,2,8,,Gui tiet kiem,Internet Banking,336000000
5699,235,104,10,32,2025-08-02,Gui tiet kiem,Quay giao dich,152000000
3411,202,106,8,28,2025-08-19,Chi tieu the,Quay giao dich,2400000
367,56,103,5,16,2025-11-19,Phi banca,Quay giao dich,100000
3259,2,104,12,41,2026-06-08,Phi banca,Internet Banking,700000
3715,279,104,8,26,2025-12-01,Phi banca,POS,1300000
4068,239,101,11,38,2026-07-02,Tra no vay,POS,19000000
2509,333,108,2,7,2025-07-04,Tra no vay,ATM,16000000
1827,162,103,7,22,2026-02-04,Phi banca,Quay giao dich,1500000
4934,8,109,9,30,2026-07-24,Chi tieu the,Mobile Banking,2100000
1682,48,101,8,27,2025-09-15,Rut tiet kiem,POS,179000000
2819,351,102,5,16,2026-07-21,Chi tieu the,ATM,100000
4719,244,103,1,2,2026-06-16,Tra no vay,Quay giao dich,10000000
3729,377,103,1,4,2026-01-19,Phi banca,ATM,900000
976,45,103,7,24,2025-11-20,Giai ngan vay,Quay giao dich,1574000000
1104,312,105,8,28,2026-01-13,Phi banca,Internet Banking,1000000
1680,202,101,8,28,2026-07-20,Rut tiet kiem,Quay giao dich,143000000
3556,205,102,1,3,2025-08-04,Tra no vay,Mobile Banking,5000000
1585,400,104,11,36,2025-11-28,Tra no vay,Mobile Banking,8000000
528,190,110,9,31,2025-11-26,Chi tieu the,Quay giao dich,2400000
5881,219,102,6,19,2025-07-25,Chi tieu the,ATM,4800000
1180,201,103,2,8,2026-05-27,Tra no vay,ATM,45000000
761,73,101,9,30,2025-10-23,Rut tiet kiem,Quay giao dich,198000000
4529,388,110,3,11,2025-12-29,Phi banca,ATM,900000
1927,96,107,11,37,2026-05-07,Gui tiet kiem,ATM,396000000
5322,309,105,6,19,2026-03-15,Tra no vay,Internet Banking,60000000
4965,292,108,7,22,2025-12-16,Chi tieu the,ATM,3600000
934,108,102,10,33,2026-01-07,Gui tiet kiem,Mobile Banking,125000000
4915,187,102,11,37,2026-03-20,Phi banca,Quay giao dich,100000
4512,195,101,2,8,2026-03-25,Tra no vay,Quay giao dich,44000000
2005,238,101,4,13,2025-09-24,Giai ngan vay,Quay giao dich,1618000000
5640,135,103,11,39,2025-08-06,Giai ngan vay,Internet Banking,1237000000
1489,241,104,10,32,2026-07-09,Rut tiet kiem,Mobile Banking,261000000
576,30,104,1,5,2026-03-17,Gui tiet kiem,POS,221000000
3369,193,104,11,39,2026-03-22,Gui tiet kiem,POS,61000000
959,335,108,9,30,2026-05-06,Tra no vay,Mobile Banking,73000000
1820,400,109,11,36,2025-09-03,Chi tieu the,Quay giao dich,3200000
4576,277,108,7,25,2026-01-01,Gui tiet kiem,Quay giao dich,452000000
3412,152,105,12,42,2025-12-11,Gui tiet kiem,Mobile Banking,416000000
220,157,108,8,26,2026-02-27,Giai ngan vay,Quay giao dich,483000000
4379,9,104,9,29,2025-10-19,Phi banca,Internet Banking,400000
3495,177,103,5,17,2026-01-07,Rut tiet kiem,ATM,6000000
5145,272,101,2,8,2026-06-13,Giai ngan vay,POS,1536000000
1355,195,101,2,8,2026-03-07,Tra no vay,Quay giao dich,11000000
3271,187,101,11,37,2025-08-24,Gui tiet kiem,Quay giao dich,473000000
2437,185,107,6,20,2026-03-08,Rut tiet kiem,Mobile Banking,74000000
5956,229,107,5,17,2026-04-10,Rut tiet kiem,POS,205000000
5895,321,106,4,14,2025-08-26,Rut tiet kiem,ATM,57000000
3249,186,107,9,29,2025-11-05,Phi banca,Quay giao dich,600000
5353,66,106,7,24,2025-10-26,Tra no vay,Mobile Banking,2000000
4552,55,108,12,42,2026-02-16,Gui tiet kiem,POS,179000000
620,72,108,12,41,2025-11-20,Rut tiet kiem,Mobile Banking,10000000
2046,70,110,12,40,2026-05-08,Tra no vay,Quay giao dich,98000000
2871,343,109,3,10,2026-02-04,Giai ngan vay,Quay giao dich,66000000
1404,224,105,3,9,2025-12-26,Giai ngan vay,Mobile Banking,1030000000
5269,84,102,12,42,2026-06-21,Chi tieu the,ATM,2100000
1390,63,106,11,39,2026-07-25,Gui tiet kiem,Quay giao dich,438000000
1435,27,110,11,36,2025-12-01,Gui tiet kiem,Internet Banking,426000000
2327,137,107,11,37,2026-04-30,Rut tiet kiem,POS,14000000
3891,328,101,10,33,2025-11-11,Chi tieu the,Mobile Banking,3900000
3562,54,101,8,28,2026-04-25,Phi banca,ATM,200000
5732,222,105,7,23,2026-07-04,Phi banca,Internet Banking,500000
4798,339,110,9,30,2026-01-14,Rut tiet kiem,Quay giao dich,14000000
2258,226,103,1,5,,Tra no vay,Internet Banking,72000000
4663,400,102,11,36,2026-07-09,Giai ngan vay,ATM,118000000
4922,26,109,2,6,2025-07-16,Phi banca,Internet Banking,100000
2131,138,105,10,35,2025-08-03,Gui tiet kiem,Quay giao dich,367000000
5379,12,101,8,27,2025-11-20,Tra no vay,Mobile Banking,14000000
2741,23,103,5,16,2026-03-27,Giai ngan vay,Mobile Banking,182000000
2276,206,104,1,3,2025-08-08,Tra no vay,ATM,21000000
5788,332,101,7,24,2026-07-10,Rut tiet kiem,Internet Banking,272000000
4574,378,105,12,42,2026-07-21,Rut tiet kiem,ATM,211000000
3163,123,108,1,2,2026-06-26,Tra no vay,ATM,87000000
5842,172,107,12,40,2026-04-16,Rut tiet kiem,Internet Banking,212000000
3041,6,107,11,39,2026-06-04,Tra no vay,ATM,100000000
5003,87,106,1,5,2025-12-13,Phi banca,Mobile Banking,300000
2360,68,105,1,5,2025-11-02,Giai ngan vay,ATM,136000000
4822,210,107,10,35,2025-09-08,Chi tieu the,Quay giao dich,3400000
3273,21,104,3,9,2025-08-12,Giai ngan vay,ATM,537000000
3103,15,110,3,10,2025-09-05,Gui tiet kiem,Internet Banking,297000000
2435,192,108,2,7,2025-07-26,Rut tiet kiem,Mobile Banking,245000000
997,201,104,2,8,2026-05-07,Giai ngan vay,Internet Banking,1572000000
3288,331,101,10,35,2026-02-26,Tra no vay,Mobile Banking,75000000
2985,295,108,5,18,2026-05-30,Rut tiet kiem,Mobile Banking,144000000
1709,90,102,11,36,2026-06-26,Gui tiet kiem,Mobile Banking,13000000
2853,387,101,7,23,2025-12-06,Gui tiet kiem,POS,129000000
2119,347,105,7,24,2026-02-18,Chi tieu the,Quay giao dich,2100000
4925,48,108,8,27,2025-12-25,Chi tieu the,POS,1000000
1903,139,107,1,1,2026-01-14,Chi tieu the,POS,1800000
4013,50,103,4,12,2026-01-16,Tra no vay,ATM,88000000
4095,67,103,4,14,2026-06-06,Chi tieu the,Mobile Banking,1500000
5592,69,108,8,28,2025-09-30,Rut tiet kiem,Mobile Banking,162000000
2105,243,105,11,38,2025-09-07,Giai ngan vay,Internet Banking,1531000000
1140,273,103,11,37,2026-03-20,Chi tieu the,Quay giao dich,1300000
4241,290,108,10,33,2026-05-15,Phi banca,POS,500000
2705,265,107,10,35,2025-08-27,Chi tieu the,Quay giao dich,2900000
3489,305,103,12,40,2026-06-10,Tra no vay,ATM,57000000
4788,75,107,12,42,2026-04-14,Chi tieu the,POS,3000000
1393,283,106,1,3,2025-10-30,Gui tiet kiem,Mobile Banking,288000000
3959,343,103,3,10,2026-02-26,Giai ngan vay,Mobile Banking,291000000
3986,32,107,1,1,2026-03-03,Giai ngan vay,Mobile Banking,464000000
3282,67,109,4,14,2026-05-22,Chi tieu the,POS,3200000
4347,182,110,8,27,2025-07-29,Phi banca,ATM,1100000
1595,223,110,7,22,2026-01-17,Gui tiet kiem,ATM,33000000
2061,370,101,11,37,2026-05-31,Chi tieu the,Quay giao dich,300000
112,257,103,9,30,2026-02-11,Rut tiet kiem,Mobile Banking,264000000
2134,239,101,11,38,2026-04-27,Tra no vay,POS,74000000
283,145,106,1,3,2026-05-06,Rut tiet kiem,POS,53000000
3723,33,102,9,30,2026-06-04,Rut tiet kiem,POS,72000000
388,135,105,11,39,2026-05-24,Gui tiet kiem,ATM,339000000
1388,233,109,3,10,2026-04-25,Chi tieu the,Internet Banking,400000
3561,59,105,7,24,2026-06-05,Chi tieu the,Internet Banking,3300000
4284,349,101,10,33,2025-10-26,Gui tiet kiem,Quay giao dich,370000000
3748,208,108,7,25,2026-07-18,Rut tiet kiem,Quay giao dich,161000000
2408,246,101,6,21,2026-03-30,Phi banca,Mobile Banking,300000
4609,51,107,7,23,2026-07-21,Chi tieu the,Internet Banking,300000
646,381,106,9,31,2026-01-13,Giai ngan vay,ATM,887000000
4008,300,110,1,2,2026-05-08,Gui tiet kiem,ATM,76000000
4464,130,108,6,19,2026-02-08,Chi tieu the,Quay giao dich,4700000
726,254,103,7,22,2025-12-14,Chi tieu the,ATM,700000
4608,164,103,11,39,2025-08-03,Giai ngan vay,ATM,715000000
1380,,108,1,1,2025-12-23,Chi tieu the,POS,1800000
4939,314,105,3,11,2025-07-22,Phi banca,ATM,1200000
3503,4,109,6,20,2026-06-20,Giai ngan vay,POS,564000000
399,66,103,7,24,2026-06-18,Giai ngan vay,Mobile Banking,316000000
1845,350,103,3,9,2025-07-01,Phi banca,Quay giao dich,1200000
1962,127,105,7,25,2025-12-17,Giai ngan vay,Internet Banking,679000000
3819,299,110,8,27,2025-11-16,Gui tiet kiem,POS,153000000
3266,2,110,12,41,2025-09-05,Gui tiet kiem,Internet Banking,65000000
5829,220,105,2,7,2025-12-23,Phi banca,Internet Banking,100000
2489,341,108,2,8,2026-02-27,Chi tieu the,Internet Banking,2400000
2367,289,110,6,19,2025-09-04,Tra no vay,Quay giao dich,59000000
5099,250,105,9,30,2026-04-06,Tra no vay,POS,75000000
2355,216,104,8,27,2026-06-10,Giai ngan vay,Internet Banking,717000000
2633,238,109,4,13,2026-04-26,Phi banca,Quay giao dich,1500000
1535,,106,7,24,2025-07-30,Gui tiet kiem,POS,373000000
1465,288,106,4,14,2025-09-29,Phi banca,POS,1100000
5021,262,108,3,10,2026-02-08,Rut tiet kiem,ATM,157000000
284,285,102,2,7,2025-12-02,Tra no vay,POS,80000000
5850,173,103,12,40,2026-03-18,Tra no vay,POS,40000000
4646,16,108,11,39,2026-03-07,Gui tiet kiem,Quay giao dich,169000000
3078,89,103,5,16,2026-06-04,Tra no vay,Quay giao dich,26000000
2658,359,108,6,20,2025-08-02,Phi banca,POS,1500000
883,45,105,7,24,2025-09-12,Tra no vay,Mobile Banking,29000000
1181,142,103,5,15,2026-01-22,Phi banca,Quay giao dich,700000
2124,284,109,12,42,2025-08-31,Tra no vay,Quay giao dich,93000000
3257,364,103,5,15,2025-09-04,Rut tiet kiem,ATM,25000000
3857,124,101,10,33,2026-02-07,Chi tieu the,Internet Banking,200000
2969,365,102,8,26,2025-11-10,Chi tieu the,ATM,2000000
1717,163,103,5,16,2025-07-22,Chi tieu the,Internet Banking,2000000
3380,340,109,10,34,2026-06-26,Tra no vay,POS,41000000
471,249,108,9,30,2026-03-10,Phi banca,Quay giao dich,700000
2214,347,110,7,24,2026-07-24,Phi banca,POS,400000
3848,381,106,9,31,2026-05-10,Giai ngan vay,Quay giao dich,1241000000
5859,49,102,9,31,2025-08-02,Giai ngan vay,ATM,536000000
3096,138,107,10,35,2026-01-29,Tra no vay,Mobile Banking,13000000
2573,172,103,12,40,2026-01-13,Giai ngan vay,ATM,-1202000000
5037,266,109,3,11,2025-07-25,Gui tiet kiem,Internet Banking,265000000
1872,290,102,10,33,2026-02-08,Gui tiet kiem,Quay giao dich,262000000
699,217,102,5,16,2026-04-08,Giai ngan vay,Internet Banking,869000000
3658,168,102,5,16,2026-01-17,Chi tieu the,Internet Banking,4100000
4997,112,102,7,24,2025-11-29,Chi tieu the,Internet Banking,400000
4713,21,104,3,9,2025-08-04,Chi tieu the,Quay giao dich,700000
2869,390,109,4,14,2025-11-16,Phi banca,Mobile Banking,800000
1305,309,105,6,19,2025-08-04,Tra no vay,ATM,99000000
111,129,107,11,36,2025-10-23,Tra no vay,POS,62000000
640,126,107,4,14,2025-09-29,Rut tiet kiem,POS,147000000
4864,164,105,11,39,2025-11-12,Chi tieu the,ATM,3000000
3860,13,109,8,28,2025-08-14,Gui tiet kiem,ATM,73000000
4356,263,103,12,40,2026-05-31,Phi banca,Quay giao dich,400000
4834,17,101,4,13,2026-07-09,Rut tiet kiem,Quay giao dich,220000000
5495,278,108,10,32,2025-08-01,Gui tiet kiem,Quay giao dich,318000000
1121,49,108,9,31,2025-12-23,Rut tiet kiem,POS,56000000
282,167,108,2,7,2026-03-07,Gui tiet kiem,Quay giao dich,248000000
1086,258,109,7,24,2026-03-30,Rut tiet kiem,ATM,207000000
2264,106,110,9,30,2026-03-08,Chi tieu the,Internet Banking,4700000
5344,,102,7,24,2025-11-14,Giai ngan vay,Quay giao dich,757000000
1923,369,106,10,33,2026-05-12,Phi banca,Internet Banking,600000
198,52,104,11,36,2026-03-30,Rut tiet kiem,ATM,270000000
5945,4,104,6,20,2026-07-05,Rut tiet kiem,POS,194000000
460,308,104,10,32,2025-11-22,Tra no vay,Mobile Banking,19000000
5550,376,101,12,41,2026-02-02,Gui tiet kiem,Internet Banking,208000000
1327,354,104,2,8,2026-04-30,Giai ngan vay,Internet Banking,1376000000
1914,330,103,11,36,2026-05-28,Phi banca,Quay giao dich,500000
473,393,110,2,6,2025-10-01,Gui tiet kiem,ATM,131000000
1000,255,107,6,20,2026-01-07,Phi banca,POS,1300000
599,388,101,3,11,2026-02-27,Rut tiet kiem,POS,204000000
2621,70,109,12,40,2025-09-11,Tra no vay,Quay giao dich,-65000000
511,212,107,8,26,2026-02-20,Phi banca,POS,100000
3502,107,102,9,29,2025-07-19,Rut tiet kiem,Mobile Banking,242000000
2670,311,105,4,13,2025-10-07,Gui tiet kiem,Quay giao dich,19000000
9,117,103,9,30,2025-12-01,Giai ngan vay,ATM,1288000000
1895,379,106,4,12,2026-06-01,Phi banca,POS,1700000
884,182,104,8,27,2026-06-13,Tra no vay,ATM,34000000
4317,10,103,1,3,2026-01-19,Phi banca,POS,1400000
2103,384,101,8,26,2026-06-08,Rut tiet kiem,Internet Banking,203000000
1186,307,106,12,40,2025-11-01,Phi banca,ATM,400000
5941,397,103,1,5,2026-07-13,Giai ngan vay,Internet Banking,956000000
3534,258,104,7,24,2026-02-13,Rut tiet kiem,Internet Banking,136000000
718,136,104,5,15,2025-07-02,Tra no vay,POS,83000000
5935,340,105,10,34,2026-04-27,Gui tiet kiem,ATM,323000000
4928,207,104,7,22,2025-10-17,Chi tieu the,Internet Banking,4900000
4473,249,104,9,30,2026-01-16,Giai ngan vay,ATM,1372000000
4394,113,106,5,18,,Rut tiet kiem,Internet Banking,243000000
4271,262,101,3,10,2026-01-17,Giai ngan vay,Mobile Banking,563000000
4686,342,108,7,23,2026-01-31,Chi tieu the,Internet Banking,300000
5162,340,104,10,34,2025-08-19,Tra no vay,ATM,39000000
5118,14,105,6,19,2026-05-21,Tra no vay,Internet Banking,54000000
1776,344,109,1,3,2026-06-21,Chi tieu the,Mobile Banking,1800000
4154,267,103,8,26,2026-05-30,Giai ngan vay,ATM,1399000000
4254,33,104,9,30,2026-01-24,Chi tieu the,Internet Banking,4500000
3701,189,102,10,32,2026-06-21,Giai ngan vay,Mobile Banking,1906000000
4506,230,104,3,9,2026-07-12,Giai ngan vay,Internet Banking,702000000
5932,338,105,5,15,2026-07-08,Phi banca,Mobile Banking,1600000
3548,307,105,12,40,2026-05-08,Chi tieu the,POS,4100000
1487,245,101,3,10,2026-02-26,Tra no vay,Internet Banking,21000000
4688,217,103,5,16,2026-04-02,Tra no vay,POS,59000000
3994,,109,8,27,2026-02-09,Gui tiet kiem,Internet Banking,242000000
2140,185,104,6,20,2026-01-26,Chi tieu the,POS,3100000
2642,138,105,10,35,2026-02-21,Rut tiet kiem,ATM,5000000
5225,323,103,1,5,2026-07-06,Gui tiet kiem,Mobile Banking,470000000
5949,10,105,1,3,2025-08-08,Rut tiet kiem,Mobile Banking,202000000
3422,213,102,7,23,2025-10-04,Rut tiet kiem,ATM,66000000
87,13,108,8,28,2026-07-03,Gui tiet kiem,Internet Banking,49000000
2030,139,104,1,1,2026-03-29,Chi tieu the,Mobile Banking,3600000
2526,70,110,12,40,2025-08-15,Chi tieu the,Internet Banking,1500000
277,126,103,4,14,2025-08-06,Chi tieu the,Internet Banking,400000
1541,121,107,11,36,2025-09-15,Chi tieu the,Internet Banking,400000
683,71,108,10,33,2026-06-22,Giai ngan vay,ATM,479000000
586,99,109,9,30,2026-01-10,Giai ngan vay,Internet Banking,1352000000
1470,239,109,11,38,2025-09-01,Phi banca,ATM,300000
967,371,110,8,28,2026-03-18,Rut tiet kiem,Quay giao dich,4000000
4964,29,105,8,26,2025-10-28,Giai ngan vay,POS,145000000
208,49,110,9,31,2026-05-25,Gui tiet kiem,Internet Banking,379000000
5361,377,107,1,4,2026-03-10,Tra no vay,ATM,85000000
5524,58,107,2,6,2025-08-08,Tra no vay,ATM,87000000
5911,28,104,2,6,2025-08-10,Tra no vay,Quay giao dich,56000000
3522,9,103,9,29,2026-07-12,Rut tiet kiem,ATM,193000000
5605,96,105,11,37,2025-09-06,Phi banca,Quay giao dich,1900000
4911,34,105,4,14,2025-07-10,Rut tiet kiem,POS,274000000
1726,293,109,1,4,2026-05-01,Chi tieu the,POS,600000
2414,5,106,10,32,2025-07-23,Phi banca,Mobile Banking,900000
90,359,102,6,20,2025-12-31,Gui tiet kiem,POS,153000000
1009,215,107,3,9,2025-07-05,Gui tiet kiem,Internet Banking,227000000
3787,109,102,2,6,2025-11-03,Tra no vay,POS,42000000
5682,187,104,11,37,2026-07-25,Tra no vay,ATM,58000000
3303,364,106,5,15,2025-12-08,Giai ngan vay,Internet Banking,135000000
3645,179,106,3,10,2026-05-18,Giai ngan vay,Mobile Banking,1907000000
920,103,106,11,36,2025-07-31,Rut tiet kiem,Mobile Banking,169000000
5559,373,107,2,8,2025-07-17,Tra no vay,Quay giao dich,89000000
4676,324,107,3,9,2026-06-16,Tra no vay,Internet Banking,99000000
168,223,109,7,22,2026-05-24,Giai ngan vay,POS,1036000000
1979,277,101,7,25,2025-07-17,Phi banca,POS,1900000
4835,300,107,1,2,2025-08-08,Chi tieu the,Internet Banking,100000
1441,43,102,6,21,2026-07-13,Rut tiet kiem,Quay giao dich,220000000
506,225,108,3,9,2026-07-22,Gui tiet kiem,Quay giao dich,405000000
3680,103,102,11,36,2026-06-06,Rut tiet kiem,POS,20000000
2606,163,103,5,16,2026-03-06,Chi tieu the,Quay giao dich,2400000
4940,377,106,1,4,2026-03-25,Phi banca,ATM,1500000
507,54,103,8,28,2026-05-19,Rut tiet kiem,Quay giao dich,186000000
73,200,104,4,14,2026-03-19,Phi banca,Internet Banking,1400000
3925,210,105,10,35,2026-06-29,Phi banca,Quay giao dich,1100000
5864,170,107,1,1,2025-09-20,Rut tiet kiem,ATM,218000000
3573,147,108,5,18,2025-09-10,Phi banca,POS,1300000
1074,192,110,2,7,2026-02-28,Tra no vay,Mobile Banking,65000000
4252,122,101,1,3,2025-10-16,Gui tiet kiem,ATM,198000000
1612,252,110,2,7,2026-04-01,Gui tiet kiem,Mobile Banking,326000000
5083,397,103,1,5,2026-01-30,Giai ngan vay,Quay giao dich,1833000000
5885,4,109,6,20,2026-03-07,Tra no vay,Quay giao dich,71000000
5221,328,106,10,33,2026-04-11,Rut tiet kiem,ATM,8000000
1878,70,103,12,40,2025-07-31,Gui tiet kiem,Internet Banking,147000000
924,29,101,8,26,2025-10-09,Chi tieu the,POS,4800000
2570,138,103,10,35,,Phi banca,Quay giao dich,1400000
3409,187,105,11,37,2025-08-08,Rut tiet kiem,POS,177000000
2646,90,108,11,36,2026-04-15,Gui tiet kiem,ATM,88000000
870,348,101,7,24,2026-05-01,Tra no vay,Internet Banking,32000000
2195,140,104,9,29,2025-12-05,Giai ngan vay,Quay giao dich,1849000000
3098,247,109,8,26,2025-12-22,Phi banca,Internet Banking,1200000
2325,158,106,12,41,2025-07-21,Phi banca,ATM,800000
1449,41,101,1,1,2026-04-27,Rut tiet kiem,Quay giao dich,230000000
3410,68,106,1,5,2025-09-12,Tra no vay,Quay giao dich,65000000
5705,292,101,7,22,2026-02-24,Tra no vay,POS,5000000
3874,399,105,12,40,2026-07-08,Rut tiet kiem,Quay giao dich,55000000
2333,344,105,1,3,2026-04-19,Rut tiet kiem,Mobile Banking,61000000
5443,258,103,7,24,2025-10-01,Tra no vay,Internet Banking,33000000
3527,397,109,1,5,2026-04-19,Phi banca,Mobile Banking,900000
753,76,108,12,42,2025-08-17,Rut tiet kiem,ATM,95000000
1580,94,101,4,12,2026-07-01,Giai ngan vay,ATM,875000000
5451,161,104,2,7,2026-04-10,Rut tiet kiem,Mobile Banking,152000000
3452,365,104,8,26,2026-06-25,Gui tiet kiem,ATM,42000000
2994,88,102,5,18,2025-12-30,Phi banca,Internet Banking,1600000
5748,310,109,10,32,2026-06-05,Tra no vay,POS,29000000
3692,40,101,8,27,2026-03-17,Phi banca,Mobile Banking,1000000
3730,110,107,12,41,2025-10-23,Tra no vay,Mobile Banking,14000000
3764,353,110,9,31,2025-10-31,Phi banca,Quay giao dich,1200000
1021,124,109,10,33,2026-01-18,Tra no vay,ATM,40000000
1964,142,110,5,15,2026-02-16,Rut tiet kiem,Internet Banking,139000000
3455,380,107,9,29,2026-03-14,Tra no vay,Mobile Banking,100000000
1620,268,103,5,15,2025-08-07,Rut tiet kiem,POS,291000000
1233,198,104,4,14,2025-12-28,Gui tiet kiem,POS,426000000
2843,336,105,4,14,2026-04-22,Giai ngan vay,ATM,1328000000
3980,129,108,11,36,2026-01-18,Chi tieu the,Quay giao dich,4300000
786,204,109,2,7,2025-10-08,Tra no vay,Internet Banking,90000000
1720,196,102,10,35,2025-09-15,Tra no vay,Mobile Banking,62000000
5055,222,103,7,23,2025-10-27,Phi banca,Quay giao dich,1900000
4143,115,108,4,13,2025-11-07,Phi banca,POS,1100000
939,219,101,6,19,2025-08-25,Tra no vay,POS,69000000
1197,316,109,10,35,2026-07-14,Giai ngan vay,Mobile Banking,257000000
4300,62,103,12,41,2026-01-30,Tra no vay,POS,42000000
5977,374,102,9,30,2026-07-23,Rut tiet kiem,Internet Banking,18000000
1077,114,102,9,31,2026-05-10,Phi banca,Internet Banking,2000000
5139,255,104,6,20,2025-07-08,Phi banca,Internet Banking,900000
4731,116,102,1,2,2025-10-21,Gui tiet kiem,ATM,360000000
4658,139,108,1,1,2025-11-02,Giai ngan vay,Mobile Banking,174000000
4069,17,105,4,13,2025-07-28,Chi tieu the,Quay giao dich,4700000
596,142,104,5,15,2025-08-20,Gui tiet kiem,Quay giao dich,189000000
2330,232,109,4,12,2026-05-28,Tra no vay,POS,98000000
2259,114,110,9,31,2025-07-17,Giai ngan vay,ATM,370000000
5641,76,105,12,42,2025-09-12,Giai ngan vay,POS,117000000
3320,75,109,12,42,2025-10-28,Tra no vay,ATM,59000000
236,365,106,8,26,2025-10-03,Tra no vay,ATM,25000000
3316,314,101,3,11,2026-02-20,Chi tieu the,ATM,2500000
1721,128,104,12,41,2025-09-28,Tra no vay,Internet Banking,89000000
5598,233,103,3,10,2025-10-07,Gui tiet kiem,POS,303000000
4428,202,107,8,28,2025-12-26,Chi tieu the,Mobile Banking,-2300000
2759,72,110,12,41,2025-12-28,Giai ngan vay,ATM,1144000000
5481,171,108,2,6,2026-07-23,Gui tiet kiem,Internet Banking,46000000
958,355,104,1,1,2026-02-13,Giai ngan vay,ATM,1197000000
4207,26,103,2,6,2026-06-07,Giai ngan vay,POS,1054000000
1196,380,107,9,29,2026-07-21,Rut tiet kiem,Internet Banking,256000000
537,10,105,1,3,2025-10-14,Phi banca,Mobile Banking,2000000
3603,125,105,1,4,2026-04-24,Rut tiet kiem,ATM,222000000
3500,119,104,6,21,2025-11-10,Rut tiet kiem,Mobile Banking,182000000
2753,228,109,2,6,2026-06-19,Gui tiet kiem,POS,296000000
2503,232,104,4,12,2026-02-22,Gui tiet kiem,POS,185000000
5585,292,104,7,22,2026-04-23,Phi banca,Mobile Banking,2000000
597,346,106,7,24,2025-11-06,Phi banca,Internet Banking,500000
4901,310,101,10,32,2025-10-21,Tra no vay,ATM,8000000
1277,357,107,6,19,2025-12-19,Chi tieu the,Internet Banking,2200000
2541,37,106,12,40,2025-09-15,Giai ngan vay,Internet Banking,296000000
3897,152,101,12,42,2026-06-18,Rut tiet kiem,Internet Banking,71000000
4276,258,110,7,24,2026-07-01,Phi banca,ATM,1200000
1559,253,104,7,22,2025-09-07,Phi banca,ATM,300000
1448,215,104,3,9,2025-12-06,Rut tiet kiem,Internet Banking,237000000
5112,201,104,2,8,2026-03-31,Rut tiet kiem,Quay giao dich,102000000
2033,313,107,5,18,2026-06-10,Rut tiet kiem,Mobile Banking,248000000
3762,322,110,9,31,2026-07-17,Gui tiet kiem,ATM,234000000
4505,342,107,7,23,2025-07-24,Tra no vay,ATM,45000000
1339,360,108,12,40,2025-10-27,Giai ngan vay,Quay giao dich,1274000000
2908,348,107,7,24,2025-08-15,Phi banca,ATM,1500000
1237,73,110,9,30,2025-11-04,Phi banca,POS,1000000
80,35,109,6,21,2025-09-20,Chi tieu the,ATM,1500000
5092,229,109,5,17,2025-10-10,Phi banca,ATM,400000
1382,179,105,3,10,,Chi tieu the,Internet Banking,3900000
5516,71,103,10,33,2026-03-02,Gui tiet kiem,ATM,487000000
3188,265,102,10,35,2025-08-26,Phi banca,POS,800000
1093,16,104,11,39,2026-04-22,Tra no vay,ATM,23000000
5591,169,103,11,39,2025-10-04,Giai ngan vay,ATM,328000000
2402,250,101,9,30,2026-03-16,Chi tieu the,POS,300000
1822,141,101,12,40,2026-02-21,Rut tiet kiem,Mobile Banking,70000000
803,28,104,2,6,2025-07-12,Giai ngan vay,ATM,221000000
5069,285,109,2,7,2025-08-06,Gui tiet kiem,ATM,375000000
3852,215,108,3,9,2026-03-15,Gui tiet kiem,ATM,368000000
4172,154,110,10,34,2025-12-31,Tra no vay,Quay giao dich,75000000
3512,315,110,7,22,2026-02-25,Rut tiet kiem,POS,109000000
5960,306,107,3,10,2025-07-16,Rut tiet kiem,Mobile Banking,149000000
1061,336,107,4,14,2025-07-07,Giai ngan vay,Mobile Banking,1088000000
3029,343,107,3,10,2025-10-30,Chi tieu the,ATM,500000
315,211,102,9,31,2026-03-26,Phi banca,Quay giao dich,900000
2512,24,104,11,38,2026-07-01,Gui tiet kiem,Internet Banking,220000000
2241,355,103,1,1,2025-12-31,Rut tiet kiem,POS,271000000
316,99,101,9,30,2025-07-13,Gui tiet kiem,POS,34000000
5082,235,106,10,32,2026-01-02,Tra no vay,Internet Banking,72000000
3778,77,101,8,28,2025-12-29,Rut tiet kiem,Quay giao dich,206000000
3118,307,104,12,40,2025-07-28,Gui tiet kiem,POS,372000000
992,102,103,11,39,2026-04-01,Phi banca,ATM,1100000
2647,123,104,1,2,2025-10-22,Chi tieu the,Mobile Banking,1900000
1515,61,102,1,4,2025-11-06,Chi tieu the,POS,4500000
5563,16,107,11,39,2026-05-31,Phi banca,Mobile Banking,2000000
3710,56,106,5,16,2025-10-13,Gui tiet kiem,Mobile Banking,87000000
2376,314,109,3,11,2026-02-08,Phi banca,Internet Banking,500000
4411,270,105,6,19,2026-02-07,Rut tiet kiem,Quay giao dich,194000000
1597,29,110,8,26,2026-05-28,Gui tiet kiem,Internet Banking,155000000
5723,51,107,7,23,2025-11-08,Giai ngan vay,POS,1694000000
4193,375,102,7,24,2026-02-02,Rut tiet kiem,Internet Banking,3000000
26,115,105,4,13,2026-02-01,Giai ngan vay,Internet Banking,652000000
1520,152,108,12,42,2025-08-01,Rut tiet kiem,ATM,69000000
5489,283,102,1,3,2025-10-05,Gui tiet kiem,Internet Banking,375000000
3956,221,105,2,6,2025-12-30,Chi tieu the,POS,3500000
103,208,110,7,25,2025-10-17,Chi tieu the,Quay giao dich,3100000
5599,187,101,11,37,2026-01-27,Tra no vay,Mobile Banking,9000000
1411,79,109,10,32,2025-10-04,Gui tiet kiem,Mobile Banking,171000000
3553,107,103,9,29,2025-08-08,Giai ngan vay,Mobile Banking,384000000
1628,254,110,7,22,2026-03-30,Tra no vay,ATM,80000000
2101,296,101,7,25,2026-01-06,Rut tiet kiem,Internet Banking,218000000
4984,114,110,9,31,2025-08-21,Giai ngan vay,POS,89000000
4699,363,106,10,33,2025-07-14,Giai ngan vay,POS,1648000000
5913,240,109,3,11,2026-04-08,Giai ngan vay,POS,1331000000
2476,90,105,11,36,2025-12-02,Gui tiet kiem,Internet Banking,399000000
5715,103,104,11,36,2026-03-02,Chi tieu the,Internet Banking,1800000
3217,286,110,5,17,2025-10-05,Giai ngan vay,Internet Banking,-870000000
4783,29,102,8,26,2025-10-05,Rut tiet kiem,Internet Banking,240000000
5701,310,107,10,32,2026-05-22,Chi tieu the,Quay giao dich,1800000
3796,354,106,2,8,2026-03-11,Gui tiet kiem,Internet Banking,443000000
5692,345,105,5,15,2025-11-13,Rut tiet kiem,ATM,253000000
3799,275,107,1,4,2026-02-21,Chi tieu the,Quay giao dich,2600000
1668,290,110,10,33,2025-10-04,Giai ngan vay,Quay giao dich,367000000
5,55,110,12,42,2025-08-21,Chi tieu the,Internet Banking,1700000
806,275,103,1,4,2026-06-22,Giai ngan vay,ATM,846000000
4012,183,108,5,18,2025-10-24,Giai ngan vay,Internet Banking,1947000000
301,351,109,5,16,2026-04-23,Chi tieu the,Internet Banking,100000
5954,336,110,4,14,2025-10-31,Chi tieu the,POS,3900000
2979,308,103,10,32,2026-03-15,Tra no vay,POS,59000000
2728,23,102,5,16,2026-01-20,Tra no vay,Mobile Banking,5000000
1205,225,107,3,9,2026-04-11,Chi tieu the,POS,3800000
358,95,106,10,35,2026-05-17,Phi banca,ATM,1300000
875,183,108,5,18,2025-07-16,Chi tieu the,Mobile Banking,4800000
653,326,110,4,13,2025-12-24,Giai ngan vay,Mobile Banking,1954000000
2522,295,105,5,18,2025-07-13,Tra no vay,Mobile Banking,3000000
908,256,108,2,6,2025-12-13,Phi banca,Mobile Banking,1300000
675,395,106,7,22,2026-06-13,Chi tieu the,Mobile Banking,100000
5991,266,110,3,11,2026-05-05,Chi tieu the,POS,1600000
5030,163,101,5,16,2026-04-04,Tra no vay,Internet Banking,33000000
2596,354,105,2,8,2025-08-15,Gui tiet kiem,Quay giao dich,447000000
3783,336,109,4,14,2025-12-05,Chi tieu the,Mobile Banking,3800000
1702,191,105,11,37,2026-02-03,Rut tiet kiem,Mobile Banking,246000000
267,85,110,12,42,2026-05-07,Rut tiet kiem,ATM,60000000
2648,93,104,10,32,2025-08-12,Phi banca,Internet Banking,200000
1782,32,102,1,1,2026-05-07,Rut tiet kiem,ATM,22000000
654,4,103,6,20,2026-03-09,Gui tiet kiem,Quay giao dich,40000000
4724,197,110,6,21,2025-08-12,Giai ngan vay,Quay giao dich,827000000
1635,100,109,5,15,2026-04-20,Giai ngan vay,Quay giao dich,583000000
4182,368,109,4,13,2026-06-30,Rut tiet kiem,Mobile Banking,288000000
5553,252,107,2,7,2026-07-18,Giai ngan vay,Quay giao dich,344000000
3047,129,110,11,36,2025-07-17,Phi banca,POS,1000000
2014,174,102,10,35,2025-10-08,Phi banca,Mobile Banking,200000
1163,101,103,3,10,2025-10-21,Rut tiet kiem,POS,74000000
1900,40,102,8,27,2026-06-27,Phi banca,Internet Banking,900000
4957,91,106,9,30,2026-05-17,Phi banca,Quay giao dich,500000
1841,393,106,2,6,2025-08-24,Tra no vay,Quay giao dich,4000000
1488,127,102,7,25,2025-12-19,Rut tiet kiem,Mobile Banking,292000000
1579,311,101,4,13,2026-03-17,Chi tieu the,Internet Banking,1900000
5369,397,109,1,5,2026-01-30,Rut tiet kiem,Mobile Banking,299000000
5635,40,108,8,27,2025-08-29,Giai ngan vay,ATM,1354000000
765,320,105,1,4,2025-12-26,Giai ngan vay,Quay giao dich,1405000000
217,177,110,5,17,2026-06-01,Giai ngan vay,Quay giao dich,1312000000
1032,370,106,11,37,2026-03-22,Phi banca,Quay giao dich,200000
3694,363,102,10,33,2025-09-03,Chi tieu the,Mobile Banking,4800000
4736,8,101,9,30,2026-01-29,Rut tiet kiem,Quay giao dich,196000000
5227,240,107,3,11,2026-05-28,Rut tiet kiem,ATM,188000000
2916,334,104,7,24,2025-07-31,Chi tieu the,POS,300000
5567,40,107,8,27,2026-05-10,Giai ngan vay,Quay giao dich,199000000
3026,345,104,5,15,2025-12-08,Phi banca,ATM,300000
5399,276,106,9,29,2025-09-19,Giai ngan vay,Mobile Banking,699000000
3982,187,101,11,37,2025-11-25,Chi tieu the,POS,900000
3063,144,104,5,16,2025-12-06,Phi banca,Internet Banking,800000
2589,236,103,9,30,2026-07-19,Chi tieu the,POS,2600000
742,188,108,3,10,2026-05-19,Tra no vay,Quay giao dich,68000000
1031,100,110,5,15,2026-07-13,Giai ngan vay,Quay giao dich,1888000000
1421,213,101,7,23,2025-11-03,Phi banca,Mobile Banking,1200000
1974,285,107,2,7,2025-08-10,Chi tieu the,POS,2400000
1678,251,110,5,18,2026-06-17,Chi tieu the,ATM,2900000
5627,117,110,9,30,2026-02-24,Tra no vay,Mobile Banking,45000000
648,357,101,6,19,2026-05-30,Tra no vay,ATM,62000000
410,92,101,8,27,2026-06-11,Phi banca,ATM,300000
1459,149,109,1,2,2026-07-22,Gui tiet kiem,ATM,150000000
2483,285,105,2,7,2025-08-26,Giai ngan vay,Mobile Banking,1128000000
4746,344,106,1,3,2025-12-29,Gui tiet kiem,ATM,290000000
5593,26,102,2,6,2026-01-17,Chi tieu the,POS,1700000
2410,216,108,8,27,2026-01-15,Rut tiet kiem,ATM,209000000
1056,178,108,9,29,2026-06-08,Gui tiet kiem,POS,118000000
3593,168,102,5,16,2025-08-04,Chi tieu the,ATM,3600000
3644,336,107,4,14,2026-01-14,Giai ngan vay,POS,1346000000
2475,150,101,6,21,2025-12-30,Tra no vay,Quay giao dich,42000000
3722,299,101,8,27,2026-04-11,Tra no vay,POS,54000000
1397,308,107,10,32,2026-02-14,Rut tiet kiem,Mobile Banking,42000000
1071,168,106,5,16,2025-07-20,Chi tieu the,Mobile Banking,4700000
5774,167,105,2,7,2026-01-18,Phi banca,Internet Banking,300000
2312,316,110,10,35,2025-10-05,Giai ngan vay,Mobile Banking,134000000
2860,129,106,11,36,2025-10-28,Giai ngan vay,Quay giao dich,1639000000
2957,131,104,11,36,2026-04-11,Gui tiet kiem,ATM,79000000
4074,86,107,4,13,2026-03-10,Gui tiet kiem,Quay giao dich,388000000
2311,243,106,11,38,,Chi tieu the,Quay giao dich,3200000
2172,10,104,1,3,2026-05-22,Phi banca,Internet Banking,800000
5233,135,107,11,39,2026-06-01,Phi banca,Mobile Banking,2000000
2017,276,103,9,29,2026-02-08,Tra no vay,POS,39000000
2619,261,107,2,8,2025-10-01,Gui tiet kiem,Internet Banking,408000000
4098,285,108,2,7,2025-10-29,Phi banca,Internet Banking,2000000
1082,86,110,4,13,2025-12-28,Tra no vay,POS,37000000
3940,44,103,6,21,2026-07-21,Chi tieu the,Quay giao dich,-1600000
2794,319,101,9,31,2026-02-03,Rut tiet kiem,POS,221000000
4234,21,999,3,9,2025-08-06,Phi banca,POS,1700000
5467,159,101,10,34,2025-07-04,Phi banca,Internet Banking,100000
153,222,107,7,23,2025-10-09,Phi banca,Mobile Banking,1400000
163,339,105,9,30,2026-07-16,Rut tiet kiem,Quay giao dich,204000000
1407,232,103,4,12,2025-11-28,Tra no vay,Mobile Banking,53000000
1870,366,109,10,35,2025-07-04,Rut tiet kiem,Mobile Banking,87000000
5430,363,104,10,33,2026-05-09,Gui tiet kiem,Quay giao dich,488000000
5332,34,106,4,14,2026-06-12,Chi tieu the,ATM,2400000
2724,83,105,8,27,2025-09-09,Phi banca,ATM,2000000
5513,71,106,10,33,2025-10-25,Rut tiet kiem,Quay giao dich,71000000
5725,141,102,12,40,2026-03-13,Phi banca,Quay giao dich,800000
3663,82,110,8,28,2025-10-02,Phi banca,Mobile Banking,400000
2697,367,101,11,38,2026-04-03,Rut tiet kiem,Quay giao dich,269000000
5015,,109,6,19,2025-07-19,Rut tiet kiem,Internet Banking,106000000
3064,41,108,1,1,2026-07-25,Gui tiet kiem,Mobile Banking,121000000
1550,399,105,12,40,2025-08-12,Gui tiet kiem,ATM,425000000
4235,164,105,11,39,2026-01-17,Phi banca,ATM,800000
2628,389,108,8,26,2026-03-26,Gui tiet kiem,Mobile Banking,70000000
4833,396,110,5,16,2025-09-21,Rut tiet kiem,ATM,119000000
3583,140,106,9,29,2026-01-28,Giai ngan vay,Quay giao dich,640000000
3374,226,103,1,5,2026-05-30,Gui tiet kiem,ATM,279000000
4213,168,102,5,16,2025-11-19,Tra no vay,POS,35000000
1,62,108,12,41,2025-09-27,Rut tiet kiem,Mobile Banking,99000000
4209,65,108,5,17,2026-06-18,Tra no vay,Internet Banking,81000000
5333,373,102,2,8,2026-07-18,Rut tiet kiem,Mobile Banking,84000000
4468,93,104,10,32,2026-03-06,Rut tiet kiem,Internet Banking,256000000
2097,218,108,11,38,2026-07-25,Chi tieu the,Mobile Banking,1200000
4114,334,110,7,24,2026-05-13,Tra no vay,POS,16000000
1592,247,107,8,26,2025-08-20,Rut tiet kiem,Mobile Banking,271000000
5041,302,104,4,12,2026-03-24,Giai ngan vay,Quay giao dich,1381000000
2679,85,105,12,42,2026-04-22,Phi banca,Internet Banking,500000
2551,134,110,5,17,2026-02-20,Chi tieu the,POS,900000
5948,106,101,9,30,2026-03-16,Rut tiet kiem,Quay giao dich,77000000
1560,43,110,6,21,2026-07-25,Tra no vay,POS,13000000
2592,350,109,3,9,2025-10-23,Giai ngan vay,Mobile Banking,117000000
3256,187,102,11,37,2025-07-17,Gui tiet kiem,POS,321000000
3269,258,109,7,24,,Phi banca,ATM,200000
1211,333,101,2,7,2025-12-25,Phi banca,ATM,900000
4120,200,102,4,14,2026-07-07,Tra no vay,Quay giao dich,96000000
4654,106,102,9,30,2025-10-06,Phi banca,Internet Banking,300000
3541,236,107,9,30,2026-07-12,Gui tiet kiem,POS,341000000
4588,77,103,8,28,2026-03-27,Tra no vay,ATM,54000000
5247,185,108,6,20,2026-06-18,Rut tiet kiem,ATM,148000000
466,87,109,1,5,2026-03-10,Tra no vay,Internet Banking,91000000
656,57,108,8,26,2026-04-17,Rut tiet kiem,Mobile Banking,31000000
3475,213,106,7,23,2026-01-10,Phi banca,Internet Banking,1700000
1794,331,109,10,35,2026-03-13,Tra no vay,Quay giao dich,73000000
4760,57,106,8,26,2025-09-20,Rut tiet kiem,ATM,187000000
4340,3,101,11,37,2026-07-18,Gui tiet kiem,Internet Banking,406000000
3286,188,109,3,10,2026-05-11,Tra no vay,POS,99000000
3487,267,101,8,26,,Phi banca,POS,600000
2336,347,101,7,24,2026-02-28,Chi tieu the,Mobile Banking,4000000
3938,351,108,5,16,2026-06-08,Chi tieu the,Internet Banking,2700000
245,47,105,1,3,2025-12-13,Phi banca,Mobile Banking,1500000
376,394,103,6,19,2026-02-20,Rut tiet kiem,Internet Banking,280000000
360,107,102,9,29,2026-05-14,Phi banca,Internet Banking,200000
4444,103,107,11,36,2025-09-13,Gui tiet kiem,Quay giao dich,188000000
177,78,101,6,19,2026-03-10,Giai ngan vay,Mobile Banking,1659000000
2851,219,108,6,19,2025-12-26,Phi banca,Mobile Banking,700000
2490,337,105,7,24,2025-08-04,Tra no vay,POS,88000000
5588,90,109,11,36,2025-08-13,Giai ngan vay,POS,264000000
2675,399,105,12,40,2026-06-07,Tra no vay,Quay giao dich,90000000
2786,283,107,1,3,2026-06-11,Rut tiet kiem,ATM,177000000
2588,325,103,7,24,2026-01-15,Giai ngan vay,Internet Banking,470000000
4346,342,108,7,23,,Phi banca,Quay giao dich,500000
873,130,106,6,19,2026-02-20,Giai ngan vay,Quay giao dich,-1875000000
127,290,106,10,33,2026-05-10,Phi banca,Internet Banking,1600000
4583,54,101,8,28,2025-08-02,Gui tiet kiem,ATM,358000000
5275,,103,8,27,2025-10-12,Giai ngan vay,Mobile Banking,164000000
2290,341,105,2,8,2026-02-07,Gui tiet kiem,Internet Banking,457000000
1733,259,103,10,34,2026-02-23,Chi tieu the,ATM,400000
1792,383,107,6,19,2026-06-29,Rut tiet kiem,Internet Banking,68000000
885,160,103,5,17,2026-04-15,Phi banca,ATM,700000
5794,189,110,10,32,2026-05-25,Rut tiet kiem,ATM,38000000
5528,155,103,6,20,2025-10-16,Rut tiet kiem,ATM,155000000
5371,11,109,3,11,2026-05-27,Phi banca,Quay giao dich,2000000
2356,329,105,12,42,2025-12-19,Phi banca,POS,600000
4625,77,103,8,28,2025-10-16,Gui tiet kiem,Mobile Banking,99000000
243,331,108,10,35,2025-08-16,Gui tiet kiem,POS,97000000
107,377,108,1,4,2025-12-31,Rut tiet kiem,Quay giao dich,250000000
3005,394,110,6,19,2025-07-28,Tra no vay,ATM,15000000
1815,234,105,5,15,2026-06-27,Phi banca,Quay giao dich,2000000
1548,348,105,7,24,2026-07-07,Chi tieu the,Mobile Banking,1100000
1209,369,106,10,33,2026-07-03,Rut tiet kiem,POS,138000000
186,360,109,12,40,2025-08-24,Tra no vay,Mobile Banking,83000000
290,316,110,10,35,2026-02-14,Rut tiet kiem,Mobile Banking,163000000
2283,354,104,2,8,2025-12-17,Gui tiet kiem,Internet Banking,167000000
4489,211,101,9,31,2026-04-18,Phi banca,ATM,100000
3113,208,105,7,25,2025-10-23,Phi banca,POS,1900000
1447,174,103,10,35,2026-06-21,Tra no vay,ATM,38000000
2271,116,107,1,2,2026-04-24,Chi tieu the,POS,1400000
4321,6,104,11,39,2026-05-16,Rut tiet kiem,Internet Banking,188000000
602,72,110,12,41,2025-09-04,Phi banca,Internet Banking,1100000
2890,313,110,5,18,2025-11-10,Gui tiet kiem,ATM,214000000
454,305,107,12,40,2025-12-11,Tra no vay,ATM,23000000
5982,351,102,5,16,2025-12-26,Chi tieu the,Internet Banking,1500000
2395,301,104,12,40,2025-07-07,Giai ngan vay,Internet Banking,290000000
2677,144,106,5,16,2025-12-24,Rut tiet kiem,Mobile Banking,188000000
4025,229,109,5,17,2025-12-11,Gui tiet kiem,ATM,33000000
1208,297,103,3,11,2025-08-19,Phi banca,POS,800000
1836,31,107,3,11,2025-11-17,Tra no vay,POS,25000000
4334,284,103,12,42,2026-04-27,Rut tiet kiem,Quay giao dich,252000000
3514,186,102,9,29,2026-06-14,Rut tiet kiem,Quay giao dich,6000000
4048,194,107,6,20,2026-04-16,Rut tiet kiem,Mobile Banking,74000000
1262,140,110,9,29,2025-09-18,Chi tieu the,ATM,2100000
1975,153,104,10,33,2025-11-10,Tra no vay,Internet Banking,10000000
2478,163,108,5,16,2025-07-22,Tra no vay,Quay giao dich,25000000
2450,286,106,5,17,2025-07-27,Tra no vay,Mobile Banking,79000000
2067,226,101,1,5,2025-11-10,Giai ngan vay,ATM,671000000
2183,28,102,2,6,2025-09-04,Rut tiet kiem,POS,74000000
3027,356,105,10,33,2026-03-24,Rut tiet kiem,Quay giao dich,6000000
3823,224,110,3,9,2026-03-15,Chi tieu the,POS,2000000
5491,254,101,7,22,2025-07-02,Giai ngan vay,Quay giao dich,673000000
2850,272,103,2,8,2026-06-23,Gui tiet kiem,Quay giao dich,395000000
2459,306,104,3,10,2025-09-12,Tra no vay,ATM,17000000
1547,271,102,2,8,2026-01-21,Rut tiet kiem,Internet Banking,34000000
1981,135,104,11,39,2025-07-20,Rut tiet kiem,Internet Banking,164000000
5375,201,101,2,8,2026-01-07,Phi banca,Quay giao dich,1300000
1649,286,107,5,17,2026-01-30,Giai ngan vay,Quay giao dich,1087000000
4001,293,101,1,4,2026-05-21,Giai ngan vay,Internet Banking,401000000
312,273,106,11,37,2026-02-07,Phi banca,POS,400000
4727,361,101,3,9,2026-02-21,Chi tieu the,Quay giao dich,1800000
5527,101,108,3,10,2025-08-30,Phi banca,Internet Banking,1300000
1066,21,102,3,9,2026-03-08,Giai ngan vay,ATM,566000000
2362,348,101,7,24,2025-11-02,Phi banca,ATM,1200000
2394,342,102,7,23,2026-01-20,Phi banca,Quay giao dich,100000
3393,170,106,1,1,2025-12-20,Tra no vay,Internet Banking,58000000
4361,115,103,4,13,2026-03-14,Gui tiet kiem,ATM,243000000
1998,213,110,7,23,2025-07-26,Tra no vay,Quay giao dich,63000000
162,383,110,6,19,2026-03-24,Tra no vay,ATM,3000000
419,227,108,2,8,2025-07-19,Rut tiet kiem,Quay giao dich,156000000
1754,160,102,5,17,2025-12-15,Chi tieu the,Internet Banking,400000
2620,2,107,12,41,2026-01-26,Chi tieu the,POS,700000
5815,326,109,4,13,2025-07-26,Phi banca,Internet Banking,600000
1068,153,101,10,33,2026-05-02,Giai ngan vay,Quay giao dich,1138000000
151,188,103,3,10,2026-03-13,Rut tiet kiem,ATM,191000000
287,306,108,3,10,2025-12-14,Gui tiet kiem,POS,425000000
292,190,109,9,31,,Phi banca,Quay giao dich,800000
257,56,110,5,16,2026-07-09,Gui tiet kiem,POS,252000000
1341,209,103,4,14,2026-04-24,Giai ngan vay,ATM,1621000000
1482,71,109,10,33,2026-05-05,Gui tiet kiem,POS,190000000
4030,365,105,8,26,2026-01-10,Phi banca,Internet Banking,300000
582,392,106,5,16,2025-07-23,Rut tiet kiem,Quay giao dich,146000000
2747,5,110,10,32,2026-02-07,Rut tiet kiem,ATM,230000000
3108,159,103,10,34,2025-12-01,Tra no vay,POS,53000000
2212,242,103,9,31,2026-02-25,Gui tiet kiem,POS,371000000
4571,344,103,1,3,2025-12-15,Gui tiet kiem,Internet Banking,62000000
500,68,105,1,5,2026-07-06,Tra no vay,ATM,61000000
4645,,105,1,3,2026-04-21,Tra no vay,Internet Banking,47000000
4945,147,108,5,18,2026-03-02,Tra no vay,Internet Banking,90000000
3036,74,101,7,25,2025-10-14,Phi banca,POS,700000
607,198,105,4,14,2025-10-14,Giai ngan vay,Mobile Banking,193000000
3284,296,110,7,25,2025-09-03,Gui tiet kiem,ATM,329000000
3033,202,106,8,28,2026-02-17,Phi banca,Internet Banking,700000
417,393,108,2,6,2026-02-24,Giai ngan vay,Mobile Banking,1054000000
703,209,102,4,14,2025-12-16,Giai ngan vay,Quay giao dich,1643000000
5548,319,107,9,31,2026-02-17,Tra no vay,Mobile Banking,8000000
3858,273,102,11,37,2026-03-18,Rut tiet kiem,Quay giao dich,214000000
171,,107,10,32,2025-11-27,Rut tiet kiem,POS,4000000
4011,251,107,5,18,2025-12-29,Giai ngan vay,Internet Banking,182000000
1312,233,105,3,10,2025-09-22,Rut tiet kiem,POS,9000000
5805,196,102,10,35,2026-04-05,Tra no vay,Quay giao dich,44000000
3011,188,106,3,10,2025-12-26,Gui tiet kiem,POS,432000000
1880,364,104,5,15,2026-06-24,Phi banca,Quay giao dich,700000
253,45,101,7,24,2025-08-25,Rut tiet kiem,ATM,146000000
1036,47,103,1,3,2026-07-09,Rut tiet kiem,Quay giao dich,11000000
5594,50,102,4,12,2026-06-26,Giai ngan vay,ATM,914000000
5135,56,102,5,16,2026-05-16,Chi tieu the,Internet Banking,1000000
4486,96,102,11,37,2026-05-01,Gui tiet kiem,ATM,273000000
2683,351,105,5,16,2025-09-09,Rut tiet kiem,Quay giao dich,57000000
5033,214,105,1,3,2026-02-17,Gui tiet kiem,Mobile Banking,338000000
2479,153,105,10,33,2025-09-17,Chi tieu the,Mobile Banking,300000
2118,74,108,7,25,2026-01-31,Tra no vay,Mobile Banking,14000000
4345,324,106,3,9,2025-11-19,Phi banca,ATM,800000
5967,355,108,1,1,2026-03-13,Tra no vay,Mobile Banking,69000000
4228,251,108,5,18,2025-07-18,Giai ngan vay,Internet Banking,462000000
1348,116,108,1,2,2025-09-18,Phi banca,Mobile Banking,500000
3386,96,108,11,37,2025-09-12,Tra no vay,POS,93000000
1029,54,101,8,28,2026-01-06,Chi tieu the,Quay giao dich,1200000
1638,53,104,12,42,2026-03-16,Chi tieu the,Quay giao dich,200000
273,240,101,3,11,2025-08-22,Phi banca,POS,1000000
849,153,108,10,33,2026-03-10,Giai ngan vay,Quay giao dich,109000000
543,198,102,4,14,2025-11-15,Giai ngan vay,Quay giao dich,883000000
178,357,101,6,19,2025-12-17,Rut tiet kiem,Quay giao dich,137000000
5404,282,107,2,7,2025-10-08,Rut tiet kiem,POS,130000000
2455,325,107,7,24,2025-11-12,Phi banca,ATM,1100000
244,202,107,8,28,2025-12-13,Gui tiet kiem,ATM,96000000
2416,85,101,12,42,2026-07-15,Phi banca,Mobile Banking,2000000
3903,377,103,1,4,2026-01-28,Chi tieu the,Quay giao dich,2900000
2872,53,105,12,42,2026-03-11,Rut tiet kiem,Internet Banking,277000000
744,254,109,7,22,2026-03-20,Rut tiet kiem,Quay giao dich,261000000
23,199,101,8,27,2026-04-25,Rut tiet kiem,POS,114000000
4937,85,109,12,42,2025-07-04,Rut tiet kiem,ATM,115000000
2341,313,107,5,18,2026-02-16,Tra no vay,Quay giao dich,79000000
2622,63,106,11,39,2026-06-03,Rut tiet kiem,Mobile Banking,74000000
1684,241,102,10,32,2025-10-16,Tra no vay,POS,51000000
4214,126,107,4,14,2026-07-07,Tra no vay,Quay giao dich,53000000
3806,28,102,2,6,2026-01-27,Phi banca,Internet Banking,1100000
2209,370,109,11,37,2025-11-10,Chi tieu the,Quay giao dich,-3000000
5580,325,110,7,24,2025-10-02,Tra no vay,ATM,83000000
2339,135,103,11,39,2026-01-24,Giai ngan vay,POS,472000000
3594,170,101,1,1,2025-11-05,Giai ngan vay,Internet Banking,1184000000
4974,100,109,5,15,2026-05-30,Gui tiet kiem,Quay giao dich,115000000
1478,70,108,12,40,2026-03-11,Chi tieu the,POS,300000
2665,245,109,3,10,2025-07-29,Phi banca,ATM,300000
1059,218,103,11,38,2025-11-23,Tra no vay,Internet Banking,34000000
1273,87,106,1,5,2025-11-07,Chi tieu the,Mobile Banking,3200000
4889,278,103,10,32,2025-12-26,Phi banca,Quay giao dich,300000
4187,60,102,10,34,2025-10-21,Chi tieu the,Mobile Banking,900000
5480,183,102,5,18,2026-06-15,Chi tieu the,ATM,1900000
2044,230,104,3,9,2025-12-05,Chi tieu the,POS,2200000
4147,131,110,11,36,2026-04-15,Gui tiet kiem,POS,77000000
1378,333,106,2,7,2025-12-03,Chi tieu the,POS,3300000
1972,55,103,12,42,2025-08-28,Phi banca,Mobile Banking,1700000
4755,166,101,10,32,2025-07-15,Tra no vay,ATM,59000000
105,47,107,1,3,2026-01-03,Gui tiet kiem,POS,344000000
1490,140,110,9,29,2026-07-09,Tra no vay,Mobile Banking,56000000
1258,292,104,7,22,2026-07-09,Giai ngan vay,POS,1172000000
2986,389,109,8,26,2026-07-17,Giai ngan vay,Mobile Banking,-1032000000
2739,307,104,12,40,2025-07-07,Gui tiet kiem,Quay giao dich,34000000
3576,158,110,12,41,2026-03-25,Giai ngan vay,Mobile Banking,1844000000
1270,94,108,4,12,2025-07-11,Phi banca,ATM,1200000
494,249,108,9,30,2025-07-11,Chi tieu the,ATM,2600000
5394,33,109,9,30,2025-07-22,Rut tiet kiem,Mobile Banking,-151000000
4617,164,101,11,39,2025-11-08,Chi tieu the,Quay giao dich,4800000
3351,140,110,9,29,2026-05-10,Chi tieu the,Quay giao dich,3300000
1863,330,107,11,36,2026-06-12,Giai ngan vay,Quay giao dich,1354000000
446,158,101,12,41,2026-05-27,Gui tiet kiem,POS,435000000
3419,79,106,10,32,2025-12-02,Gui tiet kiem,ATM,49000000
4732,341,108,2,8,2025-11-18,Rut tiet kiem,POS,231000000
847,331,101,10,35,2025-08-05,Gui tiet kiem,ATM,429000000
2427,259,106,10,34,2025-07-14,Giai ngan vay,Quay giao dich,1444000000
3130,119,110,6,21,2026-01-21,Gui tiet kiem,POS,146000000
4130,297,106,3,11,2025-09-25,Phi banca,POS,2000000
426,276,106,9,29,2025-07-20,Phi banca,ATM,900000
229,267,110,8,26,2026-05-17,Tra no vay,Mobile Banking,55000000
2344,239,109,11,38,2025-08-27,Tra no vay,ATM,82000000
1761,315,107,7,22,2026-02-06,Tra no vay,ATM,56000000
302,233,109,3,10,2026-02-26,Phi banca,POS,600000
4322,22,109,10,32,2026-05-31,Giai ngan vay,POS,1278000000
2335,209,107,4,14,2025-10-14,Gui tiet kiem,Mobile Banking,395000000
661,,106,3,9,2025-12-09,Giai ngan vay,Mobile Banking,825000000
3754,117,101,9,30,2025-09-14,Rut tiet kiem,Internet Banking,136000000
3914,52,103,11,36,2025-09-01,Giai ngan vay,Quay giao dich,371000000
2903,225,109,3,9,2026-04-22,Chi tieu the,ATM,4200000
2899,18,103,8,27,2025-12-17,Phi banca,Quay giao dich,1600000
4028,207,106,7,22,2026-04-09,Gui tiet kiem,ATM,250000000
2386,306,102,3,10,2026-04-29,Chi tieu the,Mobile Banking,300000
826,,107,7,25,2025-11-11,Giai ngan vay,Quay giao dich,1334000000
1706,230,102,3,9,2025-09-14,Gui tiet kiem,POS,449000000
2487,120,102,4,14,2025-12-29,Chi tieu the,POS,1800000
1344,307,106,12,40,2026-04-03,Chi tieu the,Mobile Banking,2600000
2137,19,104,4,12,2025-12-04,Chi tieu the,ATM,1400000
1930,363,105,10,33,2026-03-31,Tra no vay,Internet Banking,57000000
1825,38,107,8,27,2026-04-04,Gui tiet kiem,Internet Banking,251000000
1835,373,106,2,8,2026-02-10,Chi tieu the,Internet Banking,2700000
416,92,107,8,27,2026-05-06,Rut tiet kiem,Internet Banking,50000000
3660,229,106,5,17,2025-11-16,Chi tieu the,ATM,200000
2158,23,101,5,16,2026-01-23,Phi banca,POS,1300000
5690,53,107,12,42,2025-09-11,Giai ngan vay,ATM,106000000
1377,34,109,4,14,2025-08-13,Phi banca,Mobile Banking,1500000
778,83,101,8,27,2026-01-19,Phi banca,ATM,1900000
3776,289,106,6,19,2026-02-04,Tra no vay,POS,63000000
3802,143,110,6,19,2025-09-15,Gui tiet kiem,Quay giao dich,59000000
1994,,103,9,30,2025-09-18,Chi tieu the,Internet Banking,2200000
4291,280,109,3,11,2025-11-25,Tra no vay,Internet Banking,19000000
5418,214,105,1,3,2026-04-06,Gui tiet kiem,Internet Banking,232000000
950,40,104,8,27,2025-10-13,Chi tieu the,Internet Banking,2800000
2827,233,107,3,10,2026-03-13,Rut tiet kiem,Quay giao dich,229000000
4022,201,105,2,8,2025-11-26,Rut tiet kiem,Internet Banking,83000000
363,378,110,12,42,2026-06-25,Phi banca,Mobile Banking,1700000
1357,398,108,10,35,2025-10-19,Tra no vay,POS,17000000
1965,270,109,6,19,2025-09-26,Rut tiet kiem,Mobile Banking,169000000
3401,106,101,9,30,2025-08-13,Phi banca,Mobile Banking,1700000
617,210,108,10,35,2025-09-23,Rut tiet kiem,Internet Banking,23000000
636,385,101,6,20,2025-10-26,Giai ngan vay,Internet Banking,1154000000
810,216,109,8,27,2025-09-24,Tra no vay,POS,25000000
728,306,101,3,10,2026-02-08,Giai ngan vay,ATM,219000000
1771,365,108,8,26,2026-04-13,Rut tiet kiem,Mobile Banking,41000000
1452,177,102,5,17,2025-07-26,Giai ngan vay,Quay giao dich,1714000000
3659,104,109,7,22,2025-10-09,Gui tiet kiem,Mobile Banking,223000000
4749,23,102,5,16,2025-12-16,Rut tiet kiem,Quay giao dich,263000000
930,246,102,6,21,2026-06-02,Gui tiet kiem,Quay giao dich,133000000
5839,327,106,7,25,2025-07-12,Tra no vay,Internet Banking,48000000
5120,8,105,9,30,2025-09-01,Phi banca,Internet Banking,500000
1174,398,101,10,35,2025-10-10,Chi tieu the,Internet Banking,3400000
2562,19,102,4,12,2025-12-09,Giai ngan vay,Quay giao dich,340000000
4638,117,103,9,30,2025-07-18,Tra no vay,POS,97000000
1603,204,109,2,7,2026-06-11,Giai ngan vay,POS,456000000
5267,214,102,1,3,2026-01-17,Phi banca,Quay giao dich,1300000
1674,225,101,3,9,2025-10-04,Rut tiet kiem,POS,36000000
2924,241,108,10,32,2026-02-03,Chi tieu the,Quay giao dich,4300000
3952,285,109,2,7,2026-06-10,Chi tieu the,ATM,2900000
1958,333,106,2,7,2025-09-09,Phi banca,POS,1200000
1957,140,110,9,29,2026-02-04,Rut tiet kiem,POS,238000000
4495,85,999,12,42,2026-05-23,Chi tieu the,Internet Banking,300000
2155,65,104,5,17,2026-02-23,Gui tiet kiem,ATM,469000000
4105,100,104,5,15,2025-11-16,Gui tiet kiem,Quay giao dich,139000000
70,217,101,5,16,2026-03-25,Gui tiet kiem,Quay giao dich,200000000
5138,300,103,1,2,2026-07-10,Gui tiet kiem,Mobile Banking,299000000
5167,139,108,1,1,2026-05-23,Phi banca,ATM,1200000
1389,322,108,9,31,2026-05-01,Tra no vay,Quay giao dich,16000000
3006,185,110,6,20,2026-02-23,Gui tiet kiem,ATM,31000000
3073,6,107,11,39,2026-01-11,Phi banca,POS,1400000
2638,216,108,8,27,2025-11-01,Tra no vay,Mobile Banking,57000000
531,294,105,7,24,2026-04-16,Giai ngan vay,ATM,1023000000
1665,293,101,1,4,2025-12-14,Chi tieu the,Mobile Banking,4300000
702,195,101,2,8,2026-05-06,Gui tiet kiem,Mobile Banking,143000000
606,48,103,8,27,2025-08-23,Rut tiet kiem,POS,251000000
2038,208,108,7,25,2026-03-10,Gui tiet kiem,ATM,338000000
5290,108,110,10,33,2026-04-15,Giai ngan vay,ATM,1237000000
484,77,103,8,28,2026-06-16,Rut tiet kiem,Internet Banking,219000000
5205,212,110,8,26,2025-09-30,Tra no vay,Quay giao dich,14000000
4167,157,109,8,26,2026-03-02,Rut tiet kiem,ATM,216000000
3345,178,103,9,29,2026-01-13,Phi banca,POS,1300000
2127,110,107,12,41,2025-11-23,Tra no vay,ATM,30000000
1135,72,102,12,41,2026-06-24,Giai ngan vay,Internet Banking,1580000000
3740,361,103,3,9,2025-12-27,Chi tieu the,POS,1400000
1221,197,105,6,21,2025-07-15,Chi tieu the,POS,4100000
722,116,108,1,2,2026-01-19,Giai ngan vay,Internet Banking,1877000000
3363,93,102,10,32,2025-11-12,Gui tiet kiem,ATM,239000000
437,147,103,5,18,2025-11-09,Rut tiet kiem,POS,123000000
4959,264,109,12,40,2026-01-13,Chi tieu the,Quay giao dich,3000000
5390,354,108,2,8,2025-09-06,Gui tiet kiem,ATM,14000000
3312,15,109,3,10,2025-09-30,Tra no vay,Mobile Banking,85000000
4537,127,110,7,25,2026-01-17,Phi banca,Internet Banking,-1400000
948,22,109,10,32,2026-07-03,Gui tiet kiem,Mobile Banking,492000000
2529,197,108,6,21,2026-06-29,Tra no vay,Internet Banking,-96000000
1936,249,106,9,30,2025-10-26,Giai ngan vay,POS,1387000000
4409,392,108,5,16,2026-03-02,Rut tiet kiem,ATM,234000000
839,181,107,11,38,2025-07-16,Rut tiet kiem,Quay giao dich,166000000
5492,371,103,8,28,2026-06-15,Phi banca,Mobile Banking,1900000
2065,60,106,10,34,2025-12-24,Chi tieu the,POS,2800000
4481,7,106,4,14,2025-11-24,Phi banca,Internet Banking,1800000
1114,245,108,3,10,2025-08-20,Gui tiet kiem,POS,168000000
1083,121,107,11,36,2026-04-02,Tra no vay,Mobile Banking,51000000
549,154,102,10,34,2026-01-19,Rut tiet kiem,Quay giao dich,285000000
3318,380,110,9,29,2025-09-19,Tra no vay,POS,1000000
5628,302,101,4,12,2026-04-24,Gui tiet kiem,Internet Banking,137000000
440,11,101,3,11,2025-08-12,Chi tieu the,Internet Banking,2400000
1347,281,107,5,16,2026-03-25,Rut tiet kiem,ATM,180000000
3247,218,103,11,38,2025-12-29,Phi banca,ATM,1200000
5286,122,101,1,3,2026-01-24,Gui tiet kiem,Quay giao dich,120000000
3930,163,105,5,16,2025-10-20,Phi banca,Mobile Banking,1500000
4591,99,103,9,30,2025-09-04,Phi banca,ATM,1200000
4449,46,103,11,39,2026-06-21,Chi tieu the,POS,4600000
5312,268,102,5,15,2025-10-09,Giai ngan vay,POS,495000000
2849,46,110,11,39,2025-10-17,Phi banca,POS,1300000
5384,88,101,5,18,2026-02-20,Gui tiet kiem,POS,395000000
278,15,108,3,10,2026-06-11,Gui tiet kiem,Quay giao dich,201000000
1980,26,103,2,6,2026-05-31,Phi banca,Quay giao dich,1500000
1297,223,103,7,22,2026-03-07,Giai ngan vay,Quay giao dich,187000000
3623,256,110,2,6,2026-07-22,Gui tiet kiem,Mobile Banking,111000000
3126,20,101,10,35,2026-02-07,Tra no vay,Internet Banking,83000000
4932,62,106,12,41,2026-05-28,Tra no vay,Internet Banking,13000000
2031,214,110,1,3,2025-09-26,Chi tieu the,POS,3500000
1801,329,103,12,42,,Giai ngan vay,Internet Banking,1754000000
3043,95,102,10,35,2026-03-13,Gui tiet kiem,Mobile Banking,149000000
1866,285,109,2,7,2026-02-16,Chi tieu the,Internet Banking,3800000
2083,162,102,7,22,2025-12-08,Gui tiet kiem,Mobile Banking,232000000
5178,258,101,7,24,2025-12-02,Phi banca,Internet Banking,1500000
5386,50,107,4,12,2025-07-05,Phi banca,POS,1600000
1096,367,110,11,38,2026-05-28,Phi banca,POS,1000000
2521,328,105,10,33,2026-05-18,Giai ngan vay,Internet Banking,647000000
2538,124,105,10,33,2025-09-28,Rut tiet kiem,Quay giao dich,66000000
2691,105,104,7,22,2026-07-21,Tra no vay,Mobile Banking,74000000
1199,173,108,12,40,2026-01-02,Rut tiet kiem,Mobile Banking,9000000
3399,83,104,8,27,2026-06-12,Giai ngan vay,POS,1243000000
3182,40,105,8,27,2026-01-04,Rut tiet kiem,Quay giao dich,38000000
4789,104,101,7,22,2026-04-17,Phi banca,Mobile Banking,200000
4352,92,108,8,27,2025-09-19,Phi banca,POS,1700000
5289,123,109,1,2,2026-01-06,Chi tieu the,POS,3600000
3424,48,105,8,27,2026-04-30,Chi tieu the,Internet Banking,3900000
2887,23,105,5,16,2026-02-20,Chi tieu the,Quay giao dich,4900000
5111,377,109,1,4,2026-01-27,Tra no vay,Quay giao dich,29000000
2806,110,103,12,41,2026-03-18,Tra no vay,Quay giao dich,7000000
5218,2,104,12,41,2025-07-15,Chi tieu the,POS,4100000
2028,362,101,7,23,2025-08-01,Giai ngan vay,Quay giao dich,1581000000
1255,236,107,9,30,2026-06-29,Rut tiet kiem,POS,65000000
5736,377,110,1,4,2026-02-10,Giai ngan vay,Mobile Banking,1775000000
3889,338,105,5,15,2025-10-23,Tra no vay,Quay giao dich,49000000
4391,76,105,12,42,2026-07-08,Tra no vay,POS,24000000
154,256,103,2,6,2026-05-19,Chi tieu the,POS,2000000
5506,63,101,11,39,2026-01-07,Gui tiet kiem,POS,474000000
3465,131,105,11,36,2026-05-10,Tra no vay,ATM,18000000
4119,382,101,11,37,2026-05-22,Giai ngan vay,Quay giao dich,77000000
2504,30,109,1,5,2026-04-24,Giai ngan vay,Internet Banking,393000000
2991,224,108,3,9,2025-11-14,Phi banca,ATM,1100000
98,100,106,5,15,2026-03-06,Giai ngan vay,ATM,1470000000
5775,,110,7,23,2025-08-17,Giai ngan vay,Internet Banking,472000000
5582,96,103,11,37,2026-03-06,Gui tiet kiem,Internet Banking,320000000
5610,40,110,8,27,2026-06-10,Tra no vay,Quay giao dich,45000000
879,5,108,10,32,2026-06-16,Tra no vay,Mobile Banking,38000000
3485,236,102,9,30,2026-01-26,Tra no vay,Internet Banking,14000000
5357,132,110,3,9,2025-09-15,Giai ngan vay,Internet Banking,660000000
4665,289,103,6,19,2025-07-25,Phi banca,Quay giao dich,2000000
435,394,107,6,19,2026-04-16,Chi tieu the,Quay giao dich,1600000
1185,219,110,6,19,2025-09-25,Giai ngan vay,ATM,261000000
1695,168,109,5,16,2026-01-04,Giai ngan vay,ATM,484000000
4675,158,104,12,41,2025-08-25,Gui tiet kiem,Internet Banking,229000000
906,363,109,10,33,,Giai ngan vay,POS,1255000000
332,335,101,9,30,2026-02-27,Gui tiet kiem,POS,129000000
1257,173,106,12,40,2026-06-06,Rut tiet kiem,ATM,-272000000
5271,72,109,12,41,2026-07-21,Giai ngan vay,Internet Banking,1151000000
2444,312,101,8,28,2026-06-10,Giai ngan vay,ATM,1815000000
5507,383,102,6,19,2026-01-08,Giai ngan vay,Internet Banking,688000000
4966,285,101,2,7,2025-08-03,Phi banca,POS,300000
1630,330,109,11,36,2025-12-10,Gui tiet kiem,POS,209000000
5273,18,108,8,27,2026-03-23,Tra no vay,Mobile Banking,67000000
1284,165,109,7,25,2025-10-07,Rut tiet kiem,ATM,254000000
5556,139,103,1,1,2025-09-30,Tra no vay,Quay giao dich,37000000
3160,156,106,7,22,2026-02-06,Giai ngan vay,Quay giao dich,1731000000
1276,10,105,1,3,2026-01-11,Tra no vay,Mobile Banking,89000000
2163,11,101,3,11,2026-04-07,Tra no vay,POS,92000000
1666,196,109,10,35,2025-11-01,Tra no vay,Quay giao dich,24000000
2248,93,108,10,32,2025-10-16,Phi banca,ATM,600000
3707,234,110,5,15,2025-10-27,Tra no vay,Mobile Banking,6000000
5694,68,110,1,5,2025-12-16,Giai ngan vay,Internet Banking,1275000000
5464,49,103,9,31,2025-07-10,Chi tieu the,Mobile Banking,4900000
467,73,105,9,30,2025-08-29,Gui tiet kiem,Internet Banking,70000000
1681,294,110,7,24,2025-12-12,Tra no vay,Quay giao dich,21000000
1818,172,109,12,40,2026-04-27,Tra no vay,Quay giao dich,94000000
825,233,106,3,10,2025-10-04,Phi banca,Mobile Banking,800000
188,287,105,12,42,2026-04-04,Rut tiet kiem,ATM,96000000
2775,3,109,11,37,2026-05-08,Rut tiet kiem,Internet Banking,210000000
3220,357,102,6,19,2026-07-06,Tra no vay,POS,47000000
4456,166,109,10,32,2026-03-09,Tra no vay,Quay giao dich,86000000
2305,366,106,10,35,2025-07-06,Chi tieu the,Quay giao dich,1300000
600,243,104,11,38,2026-03-22,Chi tieu the,POS,2200000
379,113,108,5,18,2025-12-30,Giai ngan vay,Quay giao dich,1244000000
268,364,101,5,15,2025-11-17,Gui tiet kiem,ATM,259000000
5294,231,103,2,8,2025-07-18,Giai ngan vay,POS,651000000
5410,178,105,9,29,2026-07-21,Chi tieu the,Quay giao dich,3600000
3995,24,102,11,38,2026-05-04,Phi banca,POS,500000
5538,62,104,12,41,2025-12-19,Phi banca,Internet Banking,2000000
4440,153,108,10,33,2026-01-14,Phi banca,Internet Banking,300000
1510,101,104,3,10,2025-12-14,Giai ngan vay,Quay giao dich,1604000000
3484,211,101,9,31,2025-09-14,Tra no vay,POS,28000000
698,154,104,10,34,2025-09-07,Chi tieu the,POS,4700000
911,327,110,7,25,2026-04-11,Rut tiet kiem,Mobile Banking,252000000
2703,312,101,8,28,2025-09-18,Phi banca,ATM,1800000
4582,205,104,1,3,2025-10-27,Tra no vay,Quay giao dich,71000000
2428,118,102,5,17,2026-02-02,Gui tiet kiem,ATM,166000000
3846,280,101,3,11,2025-12-14,Giai ngan vay,POS,1181000000
3987,84,102,12,42,2025-11-09,Gui tiet kiem,Mobile Banking,104000000
1414,83,110,8,27,2026-07-22,Gui tiet kiem,Quay giao dich,198000000
3216,65,102,5,17,2026-07-03,Tra no vay,Quay giao dich,51000000
625,349,102,10,33,2025-10-21,Phi banca,Quay giao dich,400000
468,221,105,2,6,2025-11-12,Giai ngan vay,POS,942000000
5876,378,108,12,42,2026-02-26,Gui tiet kiem,Internet Banking,336000000
1572,185,107,6,20,2026-01-20,Gui tiet kiem,POS,423000000
5109,166,107,10,32,2026-02-17,Tra no vay,POS,87000000
3628,312,110,8,28,2025-07-07,Tra no vay,ATM,4000000
3607,60,106,10,34,2026-04-20,Rut tiet kiem,POS,131000000
2215,275,104,1,4,2026-03-06,Rut tiet kiem,Internet Banking,230000000
3109,67,106,4,14,2026-05-04,Chi tieu the,Quay giao dich,500000
842,198,105,4,14,2026-05-05,Chi tieu the,Mobile Banking,4600000
4767,317,106,4,13,2026-05-15,Giai ngan vay,Quay giao dich,947000000
2224,150,109,6,21,2025-08-03,Gui tiet kiem,Mobile Banking,10000000
4270,92,110,8,27,2025-11-21,Phi banca,Quay giao dich,500000
3205,27,101,11,36,2025-11-20,Gui tiet kiem,POS,92000000
3759,359,101,6,20,2025-07-02,Chi tieu the,POS,5000000
796,161,106,2,7,2025-08-12,Chi tieu the,ATM,300000
3636,291,110,10,35,2026-02-10,Giai ngan vay,Mobile Banking,1320000000
970,166,107,10,32,2025-12-11,Rut tiet kiem,Mobile Banking,108000000
3327,281,109,5,16,2025-11-11,Tra no vay,Quay giao dich,41000000
3963,252,109,2,7,2025-10-17,Phi banca,ATM,700000
2206,26,102,2,6,2025-08-15,Gui tiet kiem,Internet Banking,485000000
1429,23,105,5,16,2025-07-07,Rut tiet kiem,Mobile Banking,292000000
4435,363,107,10,33,2026-05-06,Phi banca,ATM,1500000
4221,45,103,7,24,2026-05-23,Gui tiet kiem,ATM,217000000
4876,197,102,6,21,2026-05-12,Phi banca,ATM,200000
149,236,106,9,30,2026-06-18,Gui tiet kiem,Quay giao dich,350000000
1178,70,105,12,40,2025-07-01,Giai ngan vay,Quay giao dich,1418000000
5951,78,107,6,19,2026-02-02,Rut tiet kiem,Mobile Banking,130000000
160,216,110,8,27,2026-04-19,Gui tiet kiem,ATM,45000000
3543,210,109,10,35,2026-06-30,Phi banca,Quay giao dich,1100000
32,103,106,11,36,2025-07-08,Chi tieu the,Internet Banking,4100000
595,331,102,10,35,2025-12-31,Giai ngan vay,Quay giao dich,1100000000
5933,70,108,12,40,2025-11-14,Rut tiet kiem,POS,175000000
2531,33,108,9,30,2025-07-02,Gui tiet kiem,Internet Banking,490000000
4854,,110,4,13,2026-04-20,Chi tieu the,ATM,3300000
2289,286,107,5,17,2025-12-29,Giai ngan vay,Quay giao dich,389000000
5258,147,102,5,18,2026-06-18,Giai ngan vay,Internet Banking,1414000000
1642,298,104,8,28,2025-11-15,Gui tiet kiem,Quay giao dich,434000000
2398,284,107,12,42,2026-06-16,Phi banca,Internet Banking,1800000
5880,219,107,6,19,2025-07-23,Chi tieu the,ATM,2400000
4613,232,107,4,12,2025-07-28,Chi tieu the,Quay giao dich,1800000
275,344,102,1,3,2025-11-17,Rut tiet kiem,Mobile Banking,59000000
3530,385,108,6,20,2025-11-04,Tra no vay,Internet Banking,39000000
3499,108,107,10,33,2026-07-06,Chi tieu the,ATM,3200000
539,13,109,8,28,2025-12-10,Giai ngan vay,ATM,253000000
1003,207,110,7,22,2026-02-28,Phi banca,POS,1600000
689,116,101,1,2,2026-04-27,Chi tieu the,POS,700000
685,29,102,8,26,2025-12-30,Rut tiet kiem,ATM,27000000
4691,58,108,2,6,2026-02-08,Tra no vay,POS,46000000
4337,189,104,10,32,2026-02-24,Gui tiet kiem,Mobile Banking,366000000
2287,57,110,8,26,2025-10-01,Giai ngan vay,Quay giao dich,1039000000
2636,295,101,5,18,2026-01-31,Tra no vay,POS,39000000
4847,253,106,7,22,2026-04-15,Gui tiet kiem,Mobile Banking,138000000
7,312,107,8,28,2025-07-20,Giai ngan vay,ATM,150000000
956,271,101,2,8,2026-05-07,Phi banca,ATM,700000
4245,11,109,3,11,2025-08-21,Rut tiet kiem,POS,123000000
3792,297,104,3,11,2025-08-12,Phi banca,ATM,800000
5197,74,102,7,25,2026-04-01,Phi banca,ATM,1000000
5454,150,110,6,21,2026-04-28,Giai ngan vay,POS,1612000000
2277,197,103,6,21,2026-05-01,Phi banca,Internet Banking,2000000
4190,297,108,3,11,2026-04-10,Chi tieu the,Internet Banking,4100000
330,19,106,4,12,2025-07-29,Phi banca,Internet Banking,1700000
2961,368,110,4,13,2025-07-12,Gui tiet kiem,Internet Banking,329000000
4814,199,101,8,27,2025-10-02,Rut tiet kiem,Quay giao dich,259000000
4269,386,103,8,28,2026-01-28,Gui tiet kiem,POS,297000000
4398,119,105,6,21,2025-09-01,Rut tiet kiem,POS,177000000
5602,293,110,1,4,2025-12-25,Giai ngan vay,Quay giao dich,1415000000
3468,357,106,6,19,2026-04-26,Rut tiet kiem,Mobile Banking,61000000
5600,378,107,12,42,2026-05-29,Giai ngan vay,Internet Banking,204000000
398,227,110,2,8,2026-03-25,Rut tiet kiem,Internet Banking,156000000
787,170,107,1,1,2026-07-15,Gui tiet kiem,POS,262000000
775,76,106,12,42,2025-09-11,Rut tiet kiem,Quay giao dich,7000000
130,110,109,12,41,2026-01-22,Chi tieu the,Internet Banking,4100000
5613,17,107,4,13,2026-04-03,Chi tieu the,Mobile Banking,3600000
4796,297,108,3,11,2026-01-27,Rut tiet kiem,Mobile Banking,24000000
5341,29,105,8,26,2025-08-13,Gui tiet kiem,Mobile Banking,35000000
3533,98,108,5,17,2026-04-04,Phi banca,Internet Banking,1800000
5676,183,102,5,18,2025-09-18,Rut tiet kiem,ATM,29000000
5370,201,107,2,8,2026-06-25,Phi banca,ATM,1200000
5056,144,107,5,16,2026-03-09,Gui tiet kiem,Quay giao dich,146000000
2546,135,102,11,39,2025-11-30,Gui tiet kiem,POS,18000000
5088,29,103,8,26,2025-09-19,Rut tiet kiem,POS,-12000000
5937,218,106,11,38,2026-06-19,Phi banca,POS,700000
5625,74,106,7,25,2025-12-24,Gui tiet kiem,Mobile Banking,236000000
1153,223,105,7,22,2025-10-26,Phi banca,Quay giao dich,900000
1887,62,101,12,41,2025-11-12,Phi banca,Mobile Banking,1300000
4921,50,102,4,12,2026-03-02,Phi banca,ATM,1600000
4595,157,107,8,26,2026-02-11,Gui tiet kiem,Mobile Banking,473000000
3598,367,107,11,38,2026-04-11,Chi tieu the,Internet Banking,4900000
3602,36,110,3,11,2026-05-10,Gui tiet kiem,ATM,420000000
3617,17,105,4,13,2026-04-05,Rut tiet kiem,Internet Banking,94000000
1043,263,104,12,40,2025-11-10,Tra no vay,Mobile Banking,15000000
2907,194,104,6,20,2025-10-28,Chi tieu the,Quay giao dich,2400000
4462,180,101,11,39,2026-07-18,Chi tieu the,Internet Banking,100000
396,287,110,12,42,2026-06-19,Chi tieu the,POS,800000
696,228,103,2,6,2026-04-22,Phi banca,ATM,1800000
944,9,108,9,29,2025-07-05,Gui tiet kiem,ATM,499000000
4244,289,110,6,19,2026-02-26,Rut tiet kiem,POS,237000000
1768,206,103,1,3,2025-12-09,Gui tiet kiem,POS,204000000
364,349,107,10,33,2025-11-19,Gui tiet kiem,Quay giao dich,195000000
850,72,102,12,41,2025-12-13,Rut tiet kiem,ATM,46000000
664,2,106,12,41,2025-07-09,Gui tiet kiem,Internet Banking,418000000
3704,359,107,6,20,2026-01-29,Gui tiet kiem,POS,291000000
3551,329,105,12,42,2026-05-09,Chi tieu the,Mobile Banking,4900000
4674,349,106,10,33,2025-07-31,Phi banca,POS,100000
605,201,102,2,8,2026-03-31,Rut tiet kiem,ATM,56000000
3002,400,106,11,36,2026-04-25,Tra no vay,Quay giao dich,39000000
4521,19,101,4,12,2026-07-09,Giai ngan vay,Quay giao dich,1261000000
4952,230,102,3,9,,Gui tiet kiem,ATM,473000000
2053,88,102,5,18,2025-07-17,Tra no vay,Mobile Banking,51000000
4802,212,109,8,26,2025-07-15,Rut tiet kiem,Internet Banking,100000000
2051,205,110,1,3,2026-04-01,Gui tiet kiem,POS,199000000
763,40,110,8,27,2025-12-18,Giai ngan vay,Quay giao dich,1884000000
5392,300,103,1,2,2025-08-16,Chi tieu the,POS,2600000
1116,5,110,10,32,2026-02-06,Phi banca,Quay giao dich,1900000
2079,171,104,2,6,2026-03-08,Chi tieu the,POS,3400000
929,23,106,5,16,2025-12-27,Phi banca,POS,1300000
3268,191,103,11,37,2026-06-23,Phi banca,Mobile Banking,1100000
3302,138,108,10,35,2026-03-07,Giai ngan vay,Quay giao dich,1864000000
1967,139,102,1,1,2025-11-05,Gui tiet kiem,Mobile Banking,500000000
3241,9,105,9,29,,Tra no vay,Mobile Banking,23000000
5257,261,106,2,8,2025-09-08,Giai ngan vay,POS,636000000
2788,133,107,9,30,2025-07-21,Phi banca,POS,300000
5680,189,107,10,32,2025-12-27,Rut tiet kiem,ATM,297000000
5216,70,108,12,40,2026-03-08,Giai ngan vay,Quay giao dich,742000000
5813,11,103,3,11,2025-12-15,Giai ngan vay,Internet Banking,697000000
4918,131,103,11,36,2026-03-11,Chi tieu the,POS,4100000
665,249,107,9,30,2026-07-14,Gui tiet kiem,POS,183000000
2667,324,107,3,9,2025-10-13,Rut tiet kiem,Internet Banking,78000000
4275,5,105,10,32,2026-02-14,Chi tieu the,POS,700000
4158,102,102,11,39,2025-10-22,Chi tieu the,ATM,4400000
3752,323,106,1,5,2025-11-17,Giai ngan vay,POS,1485000000
1319,13,101,8,28,2026-05-26,Tra no vay,Mobile Banking,98000000
3034,93,106,10,32,2026-06-17,Giai ngan vay,Internet Banking,274000000
5696,350,110,3,9,2026-07-21,Tra no vay,Quay giao dich,45000000
415,255,104,6,20,2026-05-18,Gui tiet kiem,Mobile Banking,55000000
2112,96,106,11,37,2025-12-25,Gui tiet kiem,Quay giao dich,199000000
263,316,101,10,35,2025-09-28,Giai ngan vay,Mobile Banking,1938000000
4642,108,108,10,33,2025-08-04,Gui tiet kiem,Internet Banking,324000000
1786,143,999,6,19,2025-11-08,Giai ngan vay,Internet Banking,159000000
169,227,105,2,8,2026-01-04,Giai ngan vay,ATM,71000000
1911,254,109,7,22,2025-12-30,Rut tiet kiem,Mobile Banking,62000000
5812,303,106,10,34,2026-03-17,Gui tiet kiem,ATM,226000000
5400,387,107,7,23,2026-03-09,Phi banca,ATM,200000
533,320,110,1,4,2026-01-26,Rut tiet kiem,ATM,203000000
1869,13,110,8,28,2025-09-03,Tra no vay,Quay giao dich,45000000
1583,297,107,3,11,2026-05-23,Rut tiet kiem,POS,170000000
2457,348,108,7,24,2026-07-19,Chi tieu the,POS,500000
3760,120,108,4,14,2026-02-15,Phi banca,Quay giao dich,900000
2634,129,104,11,36,2026-07-04,Chi tieu the,ATM,3600000
3989,206,106,1,3,2025-11-06,Chi tieu the,POS,2100000
4457,281,103,5,16,2026-05-08,Rut tiet kiem,Mobile Banking,74000000
5079,195,102,2,8,2026-01-25,Phi banca,Quay giao dich,1300000
1035,61,106,1,4,2026-02-24,Phi banca,POS,400000
2019,157,103,8,26,2026-06-10,Gui tiet kiem,Quay giao dich,411000000
704,141,101,12,40,2025-08-20,Rut tiet kiem,ATM,54000000
854,339,108,9,30,2025-11-21,Phi banca,Internet Banking,1000000
2184,,103,8,28,2025-10-11,Chi tieu the,Mobile Banking,600000
2656,310,108,10,32,2025-08-13,Gui tiet kiem,POS,6000000
4810,313,108,5,18,2026-05-06,Gui tiet kiem,ATM,116000000
2328,341,104,2,8,2025-07-12,Tra no vay,ATM,18000000
5938,227,109,2,8,2026-01-07,Tra no vay,ATM,23000000
2246,211,108,9,31,2025-07-30,Chi tieu the,ATM,2200000
860,76,108,12,42,2025-08-24,Rut tiet kiem,Quay giao dich,236000000
2294,378,106,12,42,2025-08-11,Tra no vay,POS,23000000
4052,374,107,9,30,2025-08-14,Gui tiet kiem,POS,198000000
2070,86,110,4,13,2025-07-29,Phi banca,Quay giao dich,300000
3104,282,106,2,7,2025-09-03,Rut tiet kiem,Mobile Banking,77000000
1244,224,110,3,9,2026-01-06,Phi banca,ATM,1700000
3538,58,103,2,6,2025-08-22,Tra no vay,Internet Banking,58000000
351,88,106,5,18,2025-10-21,Chi tieu the,Internet Banking,1500000
4704,29,108,8,26,2026-05-05,Gui tiet kiem,ATM,226000000
3226,208,108,7,25,2025-09-04,Phi banca,Mobile Banking,900000
1772,228,101,2,6,2025-11-17,Rut tiet kiem,ATM,210000000
5818,79,101,10,32,2025-09-18,Tra no vay,Quay giao dich,82000000
2008,232,108,4,12,2026-02-28,Rut tiet kiem,Internet Banking,184000000
3686,176,103,2,6,2026-01-02,Phi banca,Internet Banking,300000
3405,235,101,10,32,2025-09-05,Tra no vay,ATM,59000000
3030,260,109,3,10,2026-01-16,Chi tieu the,ATM,4400000
3970,155,101,6,20,2026-07-14,Giai ngan vay,Internet Banking,945000000
2651,155,102,6,20,2026-01-25,Chi tieu the,ATM,2300000
100,142,106,5,15,2025-09-07,Tra no vay,Internet Banking,100000000
1048,308,106,10,32,2026-03-05,Giai ngan vay,ATM,1612000000
5032,237,109,1,1,2026-03-04,Phi banca,Mobile Banking,1200000
3525,50,110,4,12,2025-09-02,Chi tieu the,Quay giao dich,2800000
3331,331,109,10,35,2026-02-03,Giai ngan vay,Quay giao dich,1161000000
2756,245,108,3,10,2026-02-24,Tra no vay,Mobile Banking,38000000
2109,354,106,2,8,2026-03-18,Tra no vay,POS,46000000
2938,296,109,7,25,2025-12-03,Rut tiet kiem,Quay giao dich,193000000
459,115,104,4,13,2025-10-06,Giai ngan vay,Internet Banking,832000000
4558,44,101,6,21,2026-06-10,Tra no vay,ATM,24000000
479,62,105,12,41,2026-03-09,Phi banca,ATM,500000
4781,196,103,10,35,2026-03-19,Chi tieu the,Mobile Banking,2300000
5878,125,107,1,4,2025-10-09,Giai ngan vay,Quay giao dich,998000000
969,153,108,10,33,2025-12-22,Chi tieu the,Quay giao dich,2800000
4348,100,107,5,15,2025-07-02,Tra no vay,Quay giao dich,3000000
2473,385,106,6,20,2026-03-10,Gui tiet kiem,Internet Banking,499000000
756,371,109,8,28,2025-09-09,Chi tieu the,Quay giao dich,800000
569,53,101,12,42,2026-04-13,Giai ngan vay,Quay giao dich,872000000
269,269,105,8,27,2025-09-28,Giai ngan vay,Quay giao dich,1642000000
4485,314,108,3,11,2025-12-08,Phi banca,POS,1700000
135,185,104,6,20,2026-06-01,Rut tiet kiem,Quay giao dich,142000000
4838,373,105,2,8,2026-07-24,Gui tiet kiem,Mobile Banking,471000000
4163,121,101,11,36,2026-04-02,Phi banca,POS,700000
5863,349,110,10,33,2025-08-12,Giai ngan vay,Quay giao dich,1152000000
829,250,102,9,30,2025-10-16,Tra no vay,ATM,58000000
4723,88,109,5,18,2026-02-09,Rut tiet kiem,ATM,250000000
1012,85,109,12,42,2026-07-02,Gui tiet kiem,ATM,167000000
1216,128,110,12,41,2026-07-24,Rut tiet kiem,Mobile Banking,254000000
3960,248,103,4,12,2025-08-07,Rut tiet kiem,Mobile Banking,14000000
5334,301,108,12,40,2025-11-22,Chi tieu the,ATM,4200000
657,133,107,9,30,2026-02-11,Gui tiet kiem,POS,449000000
2130,35,103,6,21,2025-10-28,Chi tieu the,Quay giao dich,900000
213,244,110,1,2,2026-07-17,Chi tieu the,Quay giao dich,3300000
493,45,105,7,24,2026-02-23,Tra no vay,Mobile Banking,22000000
29,74,106,7,25,2026-07-02,Gui tiet kiem,Mobile Banking,254000000
373,147,103,5,18,2025-09-28,Rut tiet kiem,Mobile Banking,60000000
4484,120,104,4,14,2025-07-29,Giai ngan vay,ATM,811000000
2253,107,110,9,29,2025-09-30,Gui tiet kiem,Mobile Banking,465000000
1712,131,107,11,36,2026-01-18,Rut tiet kiem,ATM,181000000
2477,3,103,11,37,2025-10-12,Chi tieu the,Mobile Banking,3300000
2780,303,106,10,34,2025-11-16,Phi banca,Internet Banking,300000
3246,33,108,9,30,2026-06-11,Tra no vay,Mobile Banking,28000000
996,40,102,8,27,2026-03-16,Gui tiet kiem,ATM,12000000
4659,69,110,8,28,2026-06-04,Gui tiet kiem,POS,176000000
4417,267,110,8,26,2026-03-22,Rut tiet kiem,ATM,213000000
2239,24,108,11,38,2026-01-30,Giai ngan vay,ATM,962000000
4443,299,106,8,27,2025-08-02,Giai ngan vay,POS,495000000
3097,208,110,7,25,2026-02-15,Giai ngan vay,Internet Banking,520000000
5413,333,101,2,7,2026-02-12,Tra no vay,POS,43000000
5784,110,108,12,41,2026-05-09,Phi banca,Quay giao dich,1700000
1626,279,107,8,26,2026-02-15,Tra no vay,ATM,85000000
1193,343,101,3,10,2025-10-19,Rut tiet kiem,POS,169000000
4611,329,105,12,42,2026-05-25,Phi banca,ATM,100000
445,280,107,3,11,2026-03-01,Giai ngan vay,Mobile Banking,793000000
1755,64,110,7,22,2025-09-08,Phi banca,POS,1600000
2543,158,103,12,41,2026-01-09,Gui tiet kiem,Quay giao dich,286000000
3071,199,110,8,27,2025-10-16,Chi tieu the,Internet Banking,200000
2383,38,104,8,27,2026-03-04,Giai ngan vay,POS,248000000
4368,221,101,2,6,2025-07-18,Phi banca,ATM,1200000
1130,167,108,2,7,2026-07-05,Tra no vay,POS,85000000
505,395,109,7,22,2025-11-14,Phi banca,Mobile Banking,200000
4141,173,103,12,40,2025-11-19,Tra no vay,Mobile Banking,94000000
863,26,107,2,6,2026-07-10,Rut tiet kiem,ATM,97000000
4044,225,109,3,9,2025-09-18,Giai ngan vay,Internet Banking,853000000
297,218,109,11,38,2026-02-16,Giai ngan vay,ATM,919000000
3454,384,101,8,26,2025-12-18,Giai ngan vay,Internet Banking,826000000
3936,27,108,11,36,2026-05-15,Rut tiet kiem,Mobile Banking,231000000
4168,339,103,9,30,2026-02-18,Tra no vay,POS,75000000
349,92,107,8,27,2026-01-08,Tra no vay,Mobile Banking,46000000
4962,108,108,10,33,2025-09-07,Rut tiet kiem,Quay giao dich,221000000
4614,357,106,6,19,2026-05-21,Phi banca,Internet Banking,800000
4268,13,104,8,28,2026-06-16,Giai ngan vay,POS,1011000000
5637,316,106,10,35,2026-03-15,Chi tieu the,Mobile Banking,400000
4403,377,102,1,4,2026-03-28,Phi banca,ATM,200000
622,184,103,2,8,2025-10-19,Phi banca,Quay giao dich,1700000
2699,208,107,7,25,2026-03-18,Gui tiet kiem,Internet Banking,356000000
3048,67,106,4,14,2026-06-04,Phi banca,Quay giao dich,1800000
1204,126,104,4,14,2026-02-11,Rut tiet kiem,Mobile Banking,152000000
4186,129,107,11,36,2026-05-24,Giai ngan vay,Quay giao dich,692000000
5826,57,106,8,26,2025-10-10,Rut tiet kiem,Internet Banking,258000000
542,133,107,9,30,2025-08-31,Rut tiet kiem,Quay giao dich,122000000
5411,56,105,5,16,2026-05-30,Phi banca,ATM,1500000
1351,35,105,6,21,2026-02-17,Tra no vay,Quay giao dich,52000000
5790,329,107,12,42,2026-03-04,Giai ngan vay,Mobile Banking,1605000000
1851,143,106,6,19,2025-09-03,Rut tiet kiem,Quay giao dich,24000000
5025,350,102,3,9,2025-11-13,Phi banca,Quay giao dich,1300000
4709,343,101,3,10,2025-07-11,Gui tiet kiem,POS,105000000
1821,364,110,5,15,2025-07-10,Gui tiet kiem,Quay giao dich,328000000
5336,236,109,9,30,2025-08-10,Phi banca,Quay giao dich,1000000
2347,169,101,11,39,2025-10-11,Gui tiet kiem,ATM,63000000
1219,117,106,9,30,2026-05-28,Giai ngan vay,Quay giao dich,1122000000
4164,335,102,9,30,2025-10-14,Phi banca,Internet Banking,1100000
723,56,108,5,16,2026-06-02,Rut tiet kiem,ATM,182000000
5571,204,105,2,7,2025-12-14,Gui tiet kiem,ATM,155000000
1362,94,104,4,12,2025-12-22,Tra no vay,POS,90000000
4726,113,102,5,18,2026-06-06,Gui tiet kiem,POS,77000000
903,257,109,9,30,2025-10-16,Phi banca,Internet Banking,500000
1634,96,104,11,37,2026-05-21,Phi banca,Mobile Banking,800000
618,196,106,10,35,2026-07-17,Rut tiet kiem,ATM,20000000
5268,158,106,12,41,2026-03-26,Chi tieu the,Quay giao dich,2700000
717,192,102,2,7,2025-12-21,Chi tieu the,Mobile Banking,3100000
611,104,101,7,22,2025-09-12,Gui tiet kiem,ATM,427000000
4259,254,101,7,22,2026-05-29,Gui tiet kiem,Internet Banking,343000000
2409,149,107,1,2,2026-07-17,Chi tieu the,Quay giao dich,3700000
4866,327,107,7,25,,Phi banca,ATM,900000
3671,61,108,1,4,2026-04-10,Rut tiet kiem,POS,200000000
1018,170,110,1,1,2026-04-30,Giai ngan vay,POS,478000000
3491,163,108,5,16,2025-09-07,Tra no vay,ATM,36000000
3670,150,105,6,21,2026-05-14,Tra no vay,Mobile Banking,79000000
909,387,107,7,23,2025-08-02,Chi tieu the,Quay giao dich,500000
3572,148,108,1,2,2026-01-24,Chi tieu the,ATM,700000
2581,127,110,7,25,2025-07-14,Gui tiet kiem,ATM,206000000
1849,346,106,7,24,2026-05-26,Rut tiet kiem,Quay giao dich,34000000
5892,106,102,9,30,2026-05-11,Giai ngan vay,ATM,286000000
4579,345,107,5,15,2026-04-24,Giai ngan vay,ATM,149000000
2432,64,110,7,22,2026-07-12,Phi banca,Quay giao dich,1300000
5143,305,104,12,40,2026-05-05,Giai ngan vay,POS,110000000
5835,38,110,8,27,2025-08-09,Phi banca,Internet Banking,300000
5146,229,109,5,17,2025-10-10,Phi banca,Quay giao dich,1400000
1882,184,103,2,8,2026-06-22,Rut tiet kiem,Quay giao dich,100000000
5058,146,109,9,29,2026-02-14,Chi tieu the,Internet Banking,2900000
5733,60,104,10,34,2026-07-06,Gui tiet kiem,Internet Banking,329000000
960,126,107,4,14,2026-06-11,Phi banca,POS,1100000
797,330,101,11,36,2026-07-15,Phi banca,Mobile Banking,1000000
540,74,103,7,25,2025-11-08,Rut tiet kiem,Quay giao dich,209000000
260,321,102,4,14,2026-07-13,Chi tieu the,Mobile Banking,2300000
638,252,102,2,7,2025-10-07,Phi banca,Quay giao dich,1900000
4867,366,104,10,35,2025-09-05,Giai ngan vay,ATM,56000000
3781,278,102,10,32,2026-04-09,Phi banca,Mobile Banking,1700000
4405,385,101,6,20,2026-06-30,Gui tiet kiem,Quay giao dich,343000000
4372,102,105,11,39,2026-01-30,Tra no vay,Quay giao dich,41000000
5718,343,103,3,10,2025-10-15,Gui tiet kiem,Mobile Banking,141000000
4516,350,101,3,9,2026-05-30,Giai ngan vay,ATM,1327000000
3360,248,109,4,12,2025-08-22,Rut tiet kiem,POS,33000000
2150,162,102,7,22,2025-10-24,Tra no vay,Mobile Banking,60000000
4006,82,101,8,28,2025-09-11,Chi tieu the,Internet Banking,400000
949,277,101,7,25,2026-05-04,Giai ngan vay,Mobile Banking,-1088000000
901,62,110,12,41,2026-01-16,Chi tieu the,Quay giao dich,4300000
1511,253,104,7,22,2026-02-06,Gui tiet kiem,POS,358000000
3885,49,101,9,31,2026-06-21,Chi tieu the,Internet Banking,3400000
3863,341,108,2,8,2025-11-08,Phi banca,Mobile Banking,200000
3242,203,101,6,19,2025-10-19,Rut tiet kiem,Mobile Banking,261000000
5407,12,108,8,27,2025-07-09,Chi tieu the,ATM,1900000
5659,79,104,10,32,2026-04-04,Rut tiet kiem,POS,205000000
3825,343,106,3,10,2026-05-07,Tra no vay,Quay giao dich,82000000
1517,46,109,11,39,2026-04-25,Chi tieu the,Mobile Banking,2300000
5397,115,108,4,13,2026-05-05,Tra no vay,Internet Banking,68000000
4031,172,105,12,40,2026-07-19,Phi banca,ATM,1600000
5745,367,104,11,38,2026-03-27,Giai ngan vay,Mobile Banking,431000000
3446,203,110,6,19,2026-05-22,Rut tiet kiem,Mobile Banking,124000000
5455,22,104,10,32,2025-08-18,Gui tiet kiem,ATM,189000000
3868,389,109,8,26,2026-04-25,Tra no vay,POS,59000000
670,113,105,5,18,2026-06-06,Phi banca,ATM,1600000
5667,116,104,1,2,2025-10-18,Rut tiet kiem,POS,197000000
5470,171,110,2,6,2026-05-20,Rut tiet kiem,POS,42000000
5352,154,101,10,34,2026-04-07,Tra no vay,POS,79000000
3881,231,109,2,8,2026-06-28,Phi banca,POS,1700000
4116,113,105,5,18,2026-03-03,Rut tiet kiem,POS,121000000
5714,106,105,9,30,2026-05-04,Rut tiet kiem,Internet Banking,178000000
4683,154,109,10,34,2026-04-21,Gui tiet kiem,Internet Banking,460000000
248,215,105,3,9,2025-12-06,Giai ngan vay,ATM,290000000
4695,384,101,8,26,2026-06-22,Giai ngan vay,Quay giao dich,574000000
3049,36,106,3,11,2026-04-13,Gui tiet kiem,POS,101000000
5300,70,103,12,40,2025-11-11,Rut tiet kiem,POS,148000000
1005,3,105,11,37,2026-06-19,Chi tieu the,Mobile Banking,2100000
5200,345,103,5,15,2026-04-13,Gui tiet kiem,POS,289000000
4635,123,106,1,2,2025-08-23,Phi banca,Quay giao dich,200000
1671,296,109,7,25,2025-10-13,Chi tieu the,Internet Banking,800000
1287,84,107,12,42,2026-05-22,Giai ngan vay,POS,1087000000
3630,94,104,4,12,2026-01-28,Tra no vay,Internet Banking,10000000
2973,195,103,2,8,2026-04-30,Giai ngan vay,Mobile Banking,1408000000
2458,307,109,12,40,2026-02-04,Chi tieu the,Quay giao dich,100000
5595,89,105,5,16,2026-04-30,Gui tiet kiem,Internet Banking,120000000
5621,393,110,2,6,2025-12-02,Phi banca,Quay giao dich,500000
4438,167,109,2,7,2026-02-14,Tra no vay,ATM,2000000
2928,295,103,5,18,2026-03-12,Giai ngan vay,ATM,696000000
2021,145,107,1,3,2026-07-19,Phi banca,Internet Banking,1000000
3212,316,107,10,35,2026-06-16,Phi banca,ATM,800000
3356,343,106,3,10,2026-05-02,Rut tiet kiem,Mobile Banking,125000000
1854,175,103,6,19,2025-07-24,Tra no vay,Internet Banking,53000000
2488,9,108,9,29,2025-10-06,Rut tiet kiem,Internet Banking,117000000
3079,99,104,9,30,2025-07-27,Rut tiet kiem,Mobile Banking,118000000
1519,99,103,9,30,2025-09-19,Phi banca,Mobile Banking,500000
4336,327,109,7,25,2025-11-27,Phi banca,Quay giao dich,1100000
1633,94,109,4,12,2026-01-18,Chi tieu the,ATM,4000000
3291,394,108,6,19,2025-12-29,Gui tiet kiem,POS,357000000
5129,317,103,4,13,2026-06-27,Chi tieu the,POS,2200000
2286,79,102,10,32,2026-03-14,Rut tiet kiem,POS,131000000
2886,217,105,5,16,,Giai ngan vay,Mobile Banking,1769000000
1500,31,108,3,11,2026-03-26,Rut tiet kiem,Internet Banking,57000000
4184,184,108,2,8,2025-08-26,Giai ngan vay,Internet Banking,1437000000
3297,162,101,7,22,2026-05-25,Tra no vay,Quay giao dich,50000000
5894,217,106,5,16,2025-08-02,Chi tieu the,Quay giao dich,4900000
5497,264,104,12,40,2025-09-19,Phi banca,Internet Banking,500000
5423,169,105,11,39,2025-07-01,Rut tiet kiem,Mobile Banking,242000000
4370,267,105,8,26,2026-04-28,Rut tiet kiem,Internet Banking,89000000
3283,200,102,4,14,2026-07-15,Phi banca,Quay giao dich,1600000
5304,326,108,4,13,2026-01-27,Chi tieu the,Mobile Banking,4800000
1045,166,102,10,32,2026-05-19,Gui tiet kiem,Internet Banking,86000000
2511,119,104,6,21,2025-11-18,Phi banca,POS,1500000
3392,88,109,5,18,2025-12-24,Gui tiet kiem,ATM,164000000
2380,206,109,1,3,,Gui tiet kiem,Quay giao dich,247000000
4768,224,107,3,9,2025-09-16,Tra no vay,POS,51000000
5174,223,105,7,22,2026-06-30,Tra no vay,Quay giao dich,44000000
5530,255,106,6,20,2025-07-14,Phi banca,POS,300000
681,37,109,12,40,2026-07-08,Giai ngan vay,Internet Banking,1485000000
5866,339,108,9,30,2026-04-12,Rut tiet kiem,Internet Banking,242000000
3304,211,102,9,31,2026-02-26,Gui tiet kiem,Internet Banking,104000000
5193,165,107,7,25,,Phi banca,Quay giao dich,200000
891,207,101,7,22,2026-02-22,Tra no vay,POS,8000000
5207,4,101,6,20,2025-12-29,Giai ngan vay,ATM,1502000000
1725,323,105,1,5,2025-08-18,Gui tiet kiem,POS,125000000
5085,361,102,3,9,,Giai ngan vay,ATM,124000000
5665,336,104,4,14,2026-05-15,Tra no vay,Internet Banking,49000000
3829,203,103,6,19,2026-01-18,Gui tiet kiem,ATM,327000000
3385,227,108,2,8,2026-04-06,Rut tiet kiem,ATM,278000000
4292,179,101,3,10,2025-09-29,Rut tiet kiem,Internet Banking,109000000
3769,296,105,7,25,2026-01-17,Gui tiet kiem,Mobile Banking,245000000
401,31,108,3,11,2025-08-30,Gui tiet kiem,Internet Banking,38000000
2358,300,102,1,2,2025-09-18,Tra no vay,Mobile Banking,24000000
4886,348,110,7,24,2026-07-24,Rut tiet kiem,ATM,135000000
4700,83,108,8,27,2026-07-11,Rut tiet kiem,ATM,74000000
2557,164,107,11,39,2025-12-02,Giai ngan vay,Mobile Banking,1768000000
2681,57,103,8,26,2026-06-10,Tra no vay,Quay giao dich,58000000
3141,374,105,9,30,2026-05-09,Gui tiet kiem,Internet Banking,320000000
1939,244,101,1,2,2026-01-02,Giai ngan vay,Internet Banking,1686000000
593,118,110,5,17,2025-07-22,Chi tieu the,ATM,3000000
3451,57,105,8,26,2025-11-07,Giai ngan vay,Quay giao dich,1164000000
1484,390,109,4,14,2026-07-22,Gui tiet kiem,POS,420000000
441,204,103,2,7,2025-10-29,Chi tieu the,Quay giao dich,3400000
6000,172,101,12,40,2026-01-30,Phi banca,ATM,100000
3258,232,103,4,12,2025-09-05,Giai ngan vay,Mobile Banking,1577000000
1107,249,103,9,30,2026-03-26,Rut tiet kiem,ATM,195000000
53,77,109,8,28,2026-05-10,Gui tiet kiem,Quay giao dich,334000000
3606,376,109,12,41,2026-03-26,Gui tiet kiem,POS,433000000
4265,4,104,6,20,2025-09-24,Phi banca,Internet Banking,400000
5425,215,106,3,9,2026-05-27,Giai ngan vay,ATM,506000000
1240,37,102,12,40,2025-08-29,Tra no vay,Mobile Banking,42000000
5452,115,106,4,13,2025-11-03,Phi banca,Mobile Banking,200000
1937,7,102,4,14,2025-10-21,Rut tiet kiem,ATM,30000000
1648,185,103,6,20,2025-10-29,Chi tieu the,POS,900000
37,328,105,10,33,2026-03-31,Gui tiet kiem,POS,309000000
4846,181,104,11,38,2026-07-03,Chi tieu the,POS,3900000
4570,117,109,9,30,2025-08-30,Rut tiet kiem,Internet Banking,107000000
5789,264,105,12,40,2026-04-26,Phi banca,ATM,1700000
5412,158,104,12,41,2026-03-27,Gui tiet kiem,Mobile Banking,425000000
905,202,102,8,28,2026-05-27,Tra no vay,ATM,85000000
5187,372,103,7,25,2026-06-08,Phi banca,Mobile Banking,-100000
5281,204,105,2,7,2025-08-07,Phi banca,ATM,600000
3458,308,107,10,32,2026-05-26,Rut tiet kiem,Mobile Banking,77000000
2684,3,103,11,37,2025-09-14,Giai ngan vay,Mobile Banking,-995000000
917,12,104,8,27,2025-11-26,Tra no vay,Internet Banking,21000000
4032,105,106,7,22,2026-07-23,Chi tieu the,Quay giao dich,3200000
5943,147,107,5,18,2025-12-22,Giai ngan vay,POS,1398000000
4155,22,105,10,32,2025-08-22,Gui tiet kiem,POS,251000000
1057,175,109,6,19,2025-07-01,Chi tieu the,POS,4200000
43,294,108,7,24,2025-09-15,Chi tieu the,Quay giao dich,4200000
2324,293,101,1,4,2025-07-31,Tra no vay,Mobile Banking,15000000
5066,358,104,6,19,2026-02-11,Giai ngan vay,Internet Banking,1901000000
3820,111,109,3,9,2026-01-02,Chi tieu the,ATM,1900000
5759,157,105,8,26,2026-03-03,Rut tiet kiem,POS,294000000
3082,157,102,8,26,2025-09-08,Giai ngan vay,POS,1515000000
4994,389,108,8,26,2025-09-23,Rut tiet kiem,Quay giao dich,2000000
4830,269,107,8,27,2025-09-09,Giai ngan vay,Mobile Banking,916000000
2965,214,103,1,3,2025-09-09,Gui tiet kiem,POS,457000000
4805,71,102,10,33,2025-07-02,Chi tieu the,POS,2600000
4246,341,104,2,8,2026-05-21,Phi banca,POS,1300000
883,281,101,5,16,2025-11-15,Rut tiet kiem,ATM,52000000
916,66,109,7,24,2025-11-30,Gui tiet kiem,Quay giao dich,260000000
99,291,106,10,35,2025-12-09,Rut tiet kiem,ATM,161000000
3631,310,101,10,32,2025-08-14,Phi banca,Quay giao dich,900000
5254,185,101,6,20,2026-07-07,Tra no vay,ATM,68000000
1995,202,109,8,28,2025-11-22,Chi tieu the,Internet Banking,3200000
4046,108,109,10,33,2026-01-26,Rut tiet kiem,POS,183000000
2782,154,106,10,34,2025-07-12,Chi tieu the,Mobile Banking,1500000
5256,134,107,5,17,2026-05-25,Giai ngan vay,Internet Banking,538000000
36,109,101,2,6,2026-04-28,Rut tiet kiem,POS,188000000
590,270,108,6,19,2026-07-02,Tra no vay,ATM,82000000
3089,339,103,9,30,2026-04-03,Chi tieu the,ATM,3200000
3173,268,110,5,15,2026-01-10,Rut tiet kiem,Mobile Banking,80000000
3471,146,106,9,29,2026-02-15,Gui tiet kiem,ATM,382000000
4233,8,102,9,30,2025-11-28,Gui tiet kiem,ATM,430000000
4140,299,105,8,27,2025-08-01,Giai ngan vay,POS,708000000
3978,119,110,6,21,2025-08-13,Tra no vay,Quay giao dich,57000000
3224,42,103,2,7,2025-08-14,Gui tiet kiem,Mobile Banking,29000000
815,316,107,10,35,2025-08-23,Phi banca,ATM,1700000
4323,149,101,1,2,2025-08-17,Giai ngan vay,Quay giao dich,1761000000
391,30,103,1,5,2025-12-11,Phi banca,ATM,1200000
1834,79,106,10,32,2026-04-14,Tra no vay,POS,60000000
386,364,110,5,15,2026-07-22,Rut tiet kiem,Mobile Banking,196000000
3751,,103,7,22,2025-11-01,Rut tiet kiem,Internet Banking,118000000
1437,170,105,1,1,2025-08-11,Rut tiet kiem,Mobile Banking,247000000
3746,104,107,7,22,2025-08-14,Giai ngan vay,ATM,95000000
3183,357,103,6,19,2026-01-11,Phi banca,ATM,2000000
192,350,108,3,9,2026-04-09,Chi tieu the,Mobile Banking,2100000
1108,116,105,1,2,2025-10-14,Rut tiet kiem,Mobile Banking,62000000
2663,256,107,2,6,2026-02-01,Giai ngan vay,ATM,412000000
2159,312,103,8,28,2025-10-10,Rut tiet kiem,Internet Banking,277000000
3664,66,104,7,24,2026-03-09,Giai ngan vay,ATM,659000000
4559,181,101,11,38,2025-11-26,Gui tiet kiem,ATM,491000000
4792,275,102,1,4,2026-04-17,Tra no vay,Mobile Banking,25000000
12,99,104,9,30,2025-07-30,Gui tiet kiem,Mobile Banking,238000000
4982,48,104,8,27,2025-12-21,Phi banca,POS,800000
143,345,106,5,15,2025-08-08,Rut tiet kiem,POS,161000000
2086,227,107,2,8,2025-09-22,Tra no vay,POS,29000000
1246,90,106,11,36,2026-02-22,Phi banca,Mobile Banking,1700000
96,237,109,1,1,2025-08-07,Phi banca,Internet Banking,1900000
1075,310,107,10,32,2025-10-01,Giai ngan vay,Internet Banking,474000000
5374,300,110,1,2,2026-07-19,Gui tiet kiem,Internet Banking,437000000
2353,369,110,10,33,2026-01-14,Rut tiet kiem,Quay giao dich,242000000
1264,34,102,4,14,2025-07-11,Gui tiet kiem,Quay giao dich,174000000
3800,389,105,8,26,2025-10-25,Phi banca,POS,300000
59,59,102,7,24,2026-07-24,Gui tiet kiem,Mobile Banking,179000000
3950,24,105,11,38,2026-01-22,Gui tiet kiem,Mobile Banking,254000000
1218,160,106,5,17,2025-09-29,Giai ngan vay,ATM,427000000
1094,329,102,12,42,2026-05-06,Rut tiet kiem,Internet Banking,237000000
2032,84,108,12,42,2026-07-23,Rut tiet kiem,ATM,117000000
1462,272,104,2,8,2025-07-21,Tra no vay,Mobile Banking,56000000
1234,261,106,2,8,2026-06-14,Rut tiet kiem,Quay giao dich,235000000
752,138,104,10,35,2026-04-24,Rut tiet kiem,ATM,119000000
553,333,102,2,7,2026-04-02,Phi banca,Quay giao dich,1200000
438,126,105,4,14,2026-02-23,Chi tieu the,ATM,1300000
5573,345,107,5,15,2026-03-06,Gui tiet kiem,POS,394000000
1314,203,103,6,19,2025-12-15,Gui tiet kiem,POS,334000000
1828,28,110,2,6,2025-09-08,Gui tiet kiem,Mobile Banking,21000000
84,264,109,12,40,2026-02-14,Gui tiet kiem,ATM,156000000
1619,8,106,9,30,2026-04-03,Gui tiet kiem,ATM,356000000
4283,146,108,9,29,2025-11-22,Gui tiet kiem,POS,328000000
5034,168,110,5,16,2025-09-29,Tra no vay,ATM,93000000
1956,209,104,4,14,2025-12-28,Phi banca,Internet Banking,1300000
5408,357,108,6,19,2026-03-22,Gui tiet kiem,ATM,43000000
2913,130,101,6,19,2026-07-21,Tra no vay,Mobile Banking,72000000
1787,186,102,9,29,2026-03-01,Chi tieu the,POS,700000
4853,339,105,9,30,2025-08-22,Gui tiet kiem,POS,214000000
5075,93,106,10,32,2025-07-22,Tra no vay,Quay giao dich,47000000
5330,72,107,12,41,2026-05-21,Giai ngan vay,Quay giao dich,1828000000
4133,338,110,5,15,2026-05-25,Rut tiet kiem,POS,228000000
922,379,110,4,12,2025-08-11,Tra no vay,POS,93000000
134,100,101,5,15,2026-05-03,Chi tieu the,POS,4400000
668,60,108,10,34,2026-06-05,Rut tiet kiem,POS,109000000
2454,221,103,2,6,2025-07-08,Rut tiet kiem,Quay giao dich,208000000
3687,,106,12,40,2026-04-29,Rut tiet kiem,Quay giao dich,263000000
4355,159,107,10,34,2025-11-17,Rut tiet kiem,ATM,215000000
2390,242,101,9,31,2026-06-18,Giai ngan vay,POS,1473000000
4422,292,102,7,22,2026-06-28,Chi tieu the,ATM,200000
998,235,104,10,32,2025-08-21,Phi banca,Internet Banking,300000
2223,81,105,1,1,2025-10-17,Chi tieu the,Quay giao dich,1900000
5964,24,106,11,38,2026-05-30,Tra no vay,POS,74000000
247,195,101,2,8,2025-09-26,Chi tieu the,Internet Banking,1200000
5011,333,105,2,7,2025-11-04,Chi tieu the,POS,100000
2829,380,107,9,29,2026-01-12,Chi tieu the,ATM,3200000
5677,219,104,6,19,2025-10-15,Rut tiet kiem,Quay giao dich,179000000
2688,163,102,5,16,2026-07-03,Tra no vay,ATM,51000000
1053,79,109,10,32,2026-01-08,Tra no vay,Quay giao dich,61000000
1365,224,109,3,9,2026-06-25,Gui tiet kiem,ATM,38000000
5427,120,105,4,14,2026-04-26,Chi tieu the,POS,2300000
644,146,107,9,29,2026-04-14,Tra no vay,POS,92000000
4099,312,104,8,28,2025-10-19,Phi banca,Internet Banking,100000
2748,49,109,9,31,2026-04-26,Phi banca,Quay giao dich,800000
4496,344,109,1,3,2025-12-03,Tra no vay,Quay giao dich,26000000
4917,395,106,7,22,2026-06-15,Gui tiet kiem,POS,173000000
5830,80,102,7,25,2025-12-01,Tra no vay,Mobile Banking,73000000
4277,31,109,3,11,2026-01-30,Chi tieu the,Mobile Banking,1900000
5064,114,106,9,31,2026-03-04,Tra no vay,ATM,68000000
4863,,102,7,25,2025-08-06,Tra no vay,Mobile Banking,85000000
326,29,102,8,26,2026-01-04,Giai ngan vay,POS,1607000000
2876,124,108,10,33,2026-01-12,Tra no vay,ATM,23000000
4653,357,102,6,19,2025-08-23,Giai ngan vay,POS,102000000
3343,241,106,10,32,2026-05-16,Tra no vay,POS,89000000
561,329,101,12,42,2025-12-13,Tra no vay,ATM,67000000
5518,180,107,11,39,2026-06-09,Tra no vay,POS,9000000
2375,295,108,5,18,2025-12-12,Phi banca,Mobile Banking,1900000
4546,80,107,7,25,2025-09-03,Tra no vay,ATM,38000000
5683,364,103,5,15,2025-12-26,Giai ngan vay,ATM,774000000
840,38,104,8,27,2026-06-02,Giai ngan vay,Internet Banking,300000000
4821,57,108,8,26,2026-04-05,Tra no vay,Mobile Banking,84000000
4919,319,103,9,31,2026-02-08,Chi tieu the,POS,2800000
3673,22,109,10,32,2026-04-14,Giai ngan vay,POS,99000000
1692,193,103,11,39,2025-07-09,Rut tiet kiem,POS,188000000
5141,394,106,6,19,2026-06-27,Phi banca,Internet Banking,2000000
4825,324,103,3,9,2025-12-09,Phi banca,Internet Banking,1800000
119,233,110,3,10,2026-04-29,Rut tiet kiem,Quay giao dich,198000000
1120,164,109,11,39,2026-02-26,Rut tiet kiem,ATM,34000000
1161,69,110,8,28,2026-05-23,Giai ngan vay,Quay giao dich,1892000000
5024,251,101,5,18,2025-10-06,Gui tiet kiem,POS,297000000
3478,39,105,6,20,2026-01-22,Giai ngan vay,Internet Banking,261000000
3058,7,104,4,14,2025-12-21,Tra no vay,POS,64000000
2609,61,106,1,4,2025-11-23,Gui tiet kiem,Quay giao dich,368000000
1566,116,104,1,2,2026-01-20,Tra no vay,POS,18000000
5831,104,109,7,22,2026-04-10,Rut tiet kiem,Mobile Banking,128000000
541,167,103,2,7,2025-07-14,Giai ngan vay,Quay giao dich,705000000
4902,62,108,12,41,2026-06-02,Phi banca,POS,700000
5422,308,107,10,32,2025-09-03,Chi tieu the,ATM,3100000
1616,349,102,10,33,2026-02-18,Phi banca,ATM,1300000
4883,100,102,5,15,2025-08-09,Rut tiet kiem,Internet Banking,134000000
4933,53,104,12,42,2026-05-15,Giai ngan vay,POS,371000000
4500,281,104,5,16,2026-04-10,Gui tiet kiem,ATM,428000000
5310,233,104,3,10,2026-04-05,Phi banca,Mobile Banking,300000
3879,394,106,6,19,2025-10-09,Chi tieu the,ATM,4400000
1124,340,103,10,34,2025-12-14,Tra no vay,POS,93000000
4992,11,105,3,11,2026-01-22,Tra no vay,Quay giao dich,19000000
4702,207,101,7,22,2025-10-29,Tra no vay,ATM,82000000
799,179,108,3,10,2026-02-25,Tra no vay,POS,94000000
1340,279,103,8,26,2026-01-08,Phi banca,Internet Banking,1200000
3325,214,101,1,3,2026-05-28,Giai ngan vay,ATM,1472000000
5089,151,104,12,42,2025-08-05,Gui tiet kiem,Mobile Banking,410000000
421,351,109,5,16,2026-04-19,Tra no vay,ATM,8000000
2565,336,101,4,14,2025-08-18,Gui tiet kiem,POS,440000000
5057,131,105,11,36,2026-02-10,Rut tiet kiem,Quay giao dich,288000000
2181,36,103,3,11,2026-05-20,Giai ngan vay,Internet Banking,637000000
1190,311,109,4,13,2026-06-07,Gui tiet kiem,ATM,313000000
1376,124,110,10,33,2026-03-24,Tra no vay,Internet Banking,77000000
3195,127,110,7,25,2025-08-24,Tra no vay,Mobile Banking,24000000
4061,348,102,7,24,2025-11-27,Chi tieu the,Quay giao dich,3200000
5018,238,107,4,13,2026-04-30,Phi banca,Mobile Banking,100000
1486,48,106,8,27,2025-11-15,Rut tiet kiem,Quay giao dich,49000000
303,19,110,4,12,2026-07-19,Phi banca,Internet Banking,1600000
1278,178,105,9,29,2026-04-09,Tra no vay,Mobile Banking,58000000
4474,269,108,8,27,2025-12-01,Phi banca,POS,1500000
1832,143,108,6,19,2025-08-29,Phi banca,ATM,700000
5744,378,102,12,42,2026-01-02,Rut tiet kiem,Internet Banking,132000000
5912,50,109,4,12,2025-11-14,Chi tieu the,ATM,4200000
2274,138,105,10,35,2025-08-16,Chi tieu the,Mobile Banking,4900000
1254,199,105,8,27,2025-09-21,Phi banca,Internet Banking,200000
693,3,109,11,37,2026-02-14,Gui tiet kiem,Internet Banking,25000000
3044,26,105,2,6,2025-08-22,Tra no vay,POS,6000000
4780,247,104,8,26,2026-04-04,Gui tiet kiem,POS,282000000
1025,196,106,10,35,2025-09-30,Rut tiet kiem,Quay giao dich,185000000
5950,375,101,7,24,2026-04-19,Giai ngan vay,Internet Banking,525000000
1069,90,102,11,36,2026-03-31,Rut tiet kiem,Quay giao dich,75000000
5836,59,999,7,24,2025-12-30,Gui tiet kiem,POS,330000000
2396,390,104,4,14,2026-05-06,Rut tiet kiem,POS,42000000
3736,364,104,5,15,2025-10-04,Phi banca,ATM,700000
231,71,105,10,33,2026-06-18,Rut tiet kiem,POS,75000000
238,225,110,3,9,2026-03-08,Tra no vay,Internet Banking,52000000
1847,110,103,12,41,2025-12-25,Giai ngan vay,POS,115000000
2361,358,107,6,19,2025-11-08,Gui tiet kiem,POS,363000000
299,291,108,10,35,2026-06-26,Gui tiet kiem,Internet Banking,302000000
1245,,104,2,6,2025-10-16,Gui tiet kiem,Internet Banking,296000000
3618,106,106,9,30,2026-03-24,Chi tieu the,Internet Banking,3400000
3876,369,103,10,33,2025-07-17,Giai ngan vay,Internet Banking,1280000000
2842,334,101,7,24,2026-03-03,Phi banca,Internet Banking,1700000
2399,7,103,4,14,2026-01-17,Rut tiet kiem,Internet Banking,174000000
5629,316,106,10,35,2026-01-17,Tra no vay,Mobile Banking,66000000
2855,349,110,10,33,2026-04-27,Gui tiet kiem,POS,83000000
907,317,107,4,13,2025-08-04,Gui tiet kiem,Quay giao dich,441000000
2891,222,110,7,23,2025-07-27,Giai ngan vay,Quay giao dich,1909000000
3535,261,106,2,8,2026-05-13,Chi tieu the,Mobile Banking,2100000
4090,378,110,12,42,2025-07-13,Phi banca,Internet Banking,1800000
3305,141,108,12,40,2026-01-17,Rut tiet kiem,Quay giao dich,-283000000
2731,46,110,11,39,2025-10-04,Giai ngan vay,Quay giao dich,1016000000
1313,245,106,3,10,2025-09-11,Phi banca,Internet Banking,1100000
1528,203,110,6,19,2026-06-30,Gui tiet kiem,Mobile Banking,270000000
4094,49,108,9,31,2026-02-02,Giai ngan vay,Internet Banking,1831000000
3154,81,101,1,1,2026-07-06,Gui tiet kiem,POS,349000000
46,169,106,11,39,2026-02-10,Giai ngan vay,POS,813000000
1089,317,104,4,13,2025-09-09,Chi tieu the,POS,4700000
2635,177,108,5,17,2026-01-07,Chi tieu the,POS,1800000
736,311,102,4,13,2026-02-06,Giai ngan vay,Mobile Banking,794000000
2800,284,103,12,42,2026-07-05,Gui tiet kiem,Mobile Banking,131000000
4224,81,101,1,1,2026-07-24,Chi tieu the,POS,2800000
5163,144,108,5,16,2025-08-29,Tra no vay,Quay giao dich,56000000
1431,34,104,4,14,2026-02-25,Phi banca,Mobile Banking,1100000
5449,58,110,2,6,2025-12-18,Tra no vay,Quay giao dich,4000000
5235,301,107,12,40,2025-08-14,Phi banca,Internet Banking,1000000
5303,251,110,5,18,2025-08-19,Giai ngan vay,Mobile Banking,1287000000
773,108,104,10,33,2025-07-29,Gui tiet kiem,Mobile Banking,497000000
5737,148,108,1,2,2025-11-06,Rut tiet kiem,Internet Banking,56000000
4750,211,109,9,31,2025-11-07,Tra no vay,POS,33000000
2216,4,103,6,20,2025-11-24,Gui tiet kiem,POS,349000000
2613,278,110,10,32,2026-06-26,Giai ngan vay,POS,1923000000
362,361,102,3,9,2026-04-14,Rut tiet kiem,Mobile Banking,123000000
2736,11,109,3,11,2026-01-17,Gui tiet kiem,Quay giao dich,160000000
4043,240,109,3,11,2025-10-17,Tra no vay,Internet Banking,80000000
5241,11,101,3,11,2026-04-12,Giai ngan vay,Quay giao dich,214000000
4256,153,109,10,33,2026-03-30,Giai ngan vay,Mobile Banking,1390000000
1800,329,102,12,42,2026-04-28,Gui tiet kiem,POS,407000000
1238,105,105,7,22,2026-01-26,Tra no vay,Quay giao dich,36000000
335,167,102,2,7,2026-06-16,Chi tieu the,POS,4900000
4829,344,109,1,3,2026-03-27,Rut tiet kiem,Mobile Banking,70000000
5587,374,104,9,30,2026-01-19,Chi tieu the,POS,200000
5781,356,104,10,33,2025-11-26,Chi tieu the,POS,2800000
3467,213,102,7,23,2026-05-28,Rut tiet kiem,ATM,157000000
4740,313,107,5,18,2025-07-30,Tra no vay,Mobile Banking,90000000
5946,14,104,6,19,2026-02-26,Giai ngan vay,Internet Banking,1138000000
305,259,102,10,34,2025-11-20,Rut tiet kiem,Internet Banking,144000000
4294,352,108,10,35,2026-07-23,Chi tieu the,Mobile Banking,1600000
2840,297,102,3,11,2025-08-11,Tra no vay,POS,21000000
1809,8,109,9,30,2025-10-28,Tra no vay,POS,82000000
2710,49,108,9,31,2026-06-24,Giai ngan vay,ATM,186000000
5198,256,105,2,6,2025-09-05,Phi banca,POS,1000000
1103,325,105,7,24,2026-03-01,Phi banca,ATM,500000
835,205,104,1,3,2025-11-06,Rut tiet kiem,Mobile Banking,144000000
1144,115,110,4,13,2026-06-11,Chi tieu the,Internet Banking,2300000
3443,352,106,10,35,2026-04-08,Phi banca,Internet Banking,2000000
4217,98,105,5,17,2026-07-15,Tra no vay,Internet Banking,51000000
4870,318,110,3,11,2026-05-15,Rut tiet kiem,ATM,290000000
598,386,109,8,28,2025-11-11,Giai ngan vay,Quay giao dich,1653000000
2897,249,106,9,30,2025-12-07,Rut tiet kiem,Quay giao dich,136000000
5844,378,104,12,42,2026-06-21,Gui tiet kiem,Quay giao dich,163000000
1409,281,108,5,16,2026-02-02,Rut tiet kiem,Mobile Banking,101000000
4763,322,107,9,31,2026-04-29,Chi tieu the,POS,5000000
5114,291,108,10,35,2026-02-17,Giai ngan vay,Quay giao dich,658000000
2743,325,108,7,24,2026-01-30,Gui tiet kiem,ATM,129000000
2001,128,104,12,41,2026-04-12,Rut tiet kiem,ATM,11000000
2052,136,105,5,15,2025-12-09,Chi tieu the,Quay giao dich,100000
3516,291,110,10,35,2026-06-13,Tra no vay,POS,75000000
2959,9,107,9,29,2025-07-23,Chi tieu the,Internet Banking,1700000
962,93,108,10,32,2025-07-08,Gui tiet kiem,Mobile Banking,219000000
256,63,105,11,39,2025-12-16,Tra no vay,POS,27000000
1529,26,109,2,6,2026-05-07,Gui tiet kiem,POS,128000000
5282,170,103,1,1,2025-08-18,Phi banca,Internet Banking,800000
4556,330,106,11,36,2025-10-08,Gui tiet kiem,Quay giao dich,186000000
5116,334,101,7,24,2025-08-09,Chi tieu the,Mobile Banking,3300000
5561,106,101,9,30,2026-05-31,Rut tiet kiem,Internet Banking,298000000
4430,132,104,3,9,2026-07-24,Giai ngan vay,Mobile Banking,998000000
1187,395,105,7,22,2026-07-06,Giai ngan vay,Internet Banking,723000000
1871,35,106,6,21,2026-03-26,Chi tieu the,Quay giao dich,4400000
4878,395,110,7,22,2025-12-30,Phi banca,POS,1200000
187,225,104,3,9,2025-07-11,Giai ngan vay,ATM,563000000
2439,165,104,7,25,2026-07-26,Tra no vay,Mobile Banking,80000000
3763,233,107,3,10,2026-05-06,Giai ngan vay,ATM,1287000000
2142,237,104,1,1,2026-05-12,Gui tiet kiem,ATM,102000000
3637,186,108,9,29,2026-05-13,Rut tiet kiem,Mobile Banking,251000000
3039,137,101,11,37,2025-08-19,Rut tiet kiem,Quay giao dich,87000000
5647,46,104,11,39,2026-05-13,Gui tiet kiem,Quay giao dich,96000000
1467,213,103,7,23,2026-02-04,Phi banca,Mobile Banking,1000000
4649,374,109,9,30,2025-11-21,Tra no vay,ATM,22000000
1338,97,104,4,14,2026-06-19,Gui tiet kiem,ATM,337000000
4285,221,103,2,6,2026-07-20,Chi tieu the,Mobile Banking,2000000
5867,114,107,9,31,2026-06-02,Rut tiet kiem,ATM,226000000
1513,368,103,4,13,2025-10-22,Rut tiet kiem,Mobile Banking,50000000
2090,84,102,12,42,2026-06-26,Chi tieu the,Quay giao dich,1900000
5299,284,107,12,42,2026-06-13,Giai ngan vay,Quay giao dich,1352000000
4102,286,104,5,17,2025-12-11,Phi banca,ATM,300000
4806,271,103,2,8,2026-03-16,Tra no vay,Quay giao dich,2000000
2308,367,102,11,38,2026-01-16,Giai ngan vay,Internet Banking,288000000
4954,369,103,10,33,2026-05-12,Gui tiet kiem,Mobile Banking,200000000
3973,,105,9,29,2026-06-17,Rut tiet kiem,POS,83000000
5700,290,109,10,33,2026-05-09,Gui tiet kiem,Quay giao dich,166000000
2162,352,103,10,35,2025-07-08,Giai ngan vay,Internet Banking,1609000000
1422,239,107,11,38,2026-05-31,Gui tiet kiem,ATM,311000000
434,96,110,11,37,2026-03-13,Phi banca,Mobile Banking,2000000
2010,372,103,7,25,2025-09-16,Giai ngan vay,POS,710000000
2309,92,108,8,27,2026-02-26,Chi tieu the,ATM,4900000
3624,296,108,7,25,2025-09-29,Tra no vay,ATM,64000000
3077,36,102,3,11,2025-07-29,Rut tiet kiem,ATM,64000000
3498,65,106,5,17,2026-06-28,Rut tiet kiem,POS,295000000
4080,133,109,9,30,2025-12-11,Chi tieu the,Mobile Banking,2900000
4312,272,107,2,8,2025-12-16,Rut tiet kiem,ATM,151000000
3066,278,105,10,32,2026-03-31,Chi tieu the,Quay giao dich,800000
19,320,107,1,4,2026-04-26,Gui tiet kiem,Quay giao dich,266000000
2762,179,108,3,10,2025-07-26,Phi banca,Mobile Banking,400000
3480,280,106,3,11,2026-06-29,Rut tiet kiem,Mobile Banking,248000000
700,347,107,7,24,2026-06-21,Chi tieu the,Mobile Banking,1800000
4930,260,103,3,10,2025-10-29,Phi banca,POS,700000
2269,89,101,5,16,2025-09-24,Giai ngan vay,Mobile Banking,365000000
2749,243,107,11,38,2026-07-11,Phi banca,Internet Banking,1600000
2331,24,107,11,38,2026-02-27,Chi tieu the,Mobile Banking,1100000
2421,145,105,1,3,2025-12-16,Chi tieu the,Mobile Banking,4100000
2406,336,107,4,14,2025-07-17,Tra no vay,Internet Banking,3000000
5731,,101,12,42,2026-03-21,Gui tiet kiem,Mobile Banking,-426000000
3586,263,104,12,40,2025-11-13,Phi banca,Mobile Banking,1800000
4381,303,110,10,34,2025-07-20,Gui tiet kiem,Mobile Banking,403000000
2153,164,109,11,39,2026-04-24,Rut tiet kiem,Quay giao dich,221000000
2532,341,102,2,8,2026-01-24,Chi tieu the,POS,1500000
1899,342,101,7,23,2026-01-03,Rut tiet kiem,POS,126000000
4231,83,106,8,27,2025-10-17,Rut tiet kiem,Quay giao dich,91000000
5923,245,101,3,10,2025-12-02,Rut tiet kiem,Internet Banking,218000000
1963,157,110,8,26,2025-09-01,Chi tieu the,ATM,1600000
4879,62,103,12,41,2025-12-14,Chi tieu the,Mobile Banking,2700000
688,141,108,12,40,2026-01-05,Gui tiet kiem,Quay giao dich,64000000
3358,5,101,10,32,2025-09-18,Phi banca,Mobile Banking,2000000
94,108,106,10,33,2025-10-17,Phi banca,ATM,800000
356,112,103,7,24,2025-12-31,Rut tiet kiem,Internet Banking,47000000
3864,211,106,9,31,2025-08-03,Gui tiet kiem,Quay giao dich,155000000
5685,,102,7,25,2026-04-14,Giai ngan vay,ATM,861000000
47,206,107,1,3,2026-02-19,Tra no vay,Internet Banking,54000000
536,268,104,5,15,2026-07-20,Chi tieu the,ATM,3500000
2007,204,107,2,7,2026-05-21,Rut tiet kiem,Mobile Banking,163000000
5446,355,103,1,1,2025-10-07,Rut tiet kiem,Internet Banking,258000000
5095,112,108,7,24,2025-08-10,Tra no vay,POS,100000000
867,178,105,9,29,2026-06-27,Giai ngan vay,POS,243000000
4296,337,104,7,24,2025-09-01,Gui tiet kiem,ATM,135000000
3488,19,108,4,12,2026-07-21,Chi tieu the,Quay giao dich,3300000
2995,233,106,3,10,2025-12-11,Rut tiet kiem,POS,82000000
3414,73,105,9,30,2025-07-30,Phi banca,Mobile Banking,600000
4465,219,107,6,19,2025-10-08,Phi banca,ATM,800000
4010,347,106,7,24,2026-06-25,Rut tiet kiem,Mobile Banking,251000000
4083,119,106,6,21,2025-12-15,Gui tiet kiem,Quay giao dich,259000000
4949,100,108,5,15,2026-07-24,Giai ngan vay,ATM,730000000
472,146,103,9,29,2025-09-25,Giai ngan vay,POS,484000000
3111,385,105,6,20,2025-11-30,Phi banca,Mobile Banking,2000000
1460,243,107,11,38,2026-02-23,Chi tieu the,POS,1500000
3428,49,108,9,31,2025-09-16,Tra no vay,Mobile Banking,7000000
4427,140,103,9,29,2026-06-03,Tra no vay,Mobile Banking,93000000
701,366,106,10,35,2026-04-15,Chi tieu the,POS,2100000
2317,33,101,9,30,2025-07-02,Giai ngan vay,POS,1840000000
5792,114,103,9,31,2025-11-23,Tra no vay,ATM,76000000
5179,248,103,4,12,2025-08-17,Rut tiet kiem,Quay giao dich,55000000
5226,278,102,10,32,2026-07-26,Chi tieu the,ATM,1400000
2777,13,105,8,28,2025-12-11,Giai ngan vay,Quay giao dich,1270000000
1942,303,106,10,34,2026-02-16,Tra no vay,POS,62000000
88,37,110,12,40,2025-10-25,Tra no vay,Internet Banking,52000000
5253,373,106,2,8,2025-12-25,Giai ngan vay,Mobile Banking,1191000000
5509,102,103,11,39,2026-04-09,Rut tiet kiem,Internet Banking,269000000
2866,362,105,7,23,2025-07-06,Giai ngan vay,Mobile Banking,1373000000
3872,164,106,11,39,2026-07-14,Tra no vay,POS,11000000
5886,111,110,3,9,2026-05-20,Tra no vay,Mobile Banking,65000000
1741,258,110,7,24,2025-10-22,Chi tieu the,Internet Banking,1500000
1322,118,110,5,17,2026-03-09,Giai ngan vay,Quay giao dich,1241000000
2888,302,106,4,12,2025-11-18,Chi tieu the,Mobile Banking,1900000
5786,219,105,6,19,2025-12-12,Phi banca,Internet Banking,1500000
3873,371,104,8,28,2025-11-21,Chi tieu the,Quay giao dich,4300000
705,373,105,2,8,2026-04-28,Gui tiet kiem,ATM,275000000
1428,375,105,7,24,2025-09-12,Rut tiet kiem,Mobile Banking,197000000
5711,307,102,12,40,2026-01-08,Chi tieu the,ATM,2800000
3815,346,104,7,24,2026-02-08,Giai ngan vay,ATM,337000000
4776,191,110,11,37,2025-07-03,Giai ngan vay,Internet Banking,1351000000
3228,36,110,3,11,2025-09-09,Gui tiet kiem,Mobile Banking,400000000
2122,233,105,3,10,2025-12-11,Gui tiet kiem,Internet Banking,443000000
1155,72,108,12,41,2026-07-26,Gui tiet kiem,Quay giao dich,310000000
3070,345,106,5,15,2026-01-31,Tra no vay,Internet Banking,59000000
1950,159,104,10,34,2025-07-16,Phi banca,POS,800000
3069,54,102,8,28,2025-07-27,Chi tieu the,ATM,2400000
1062,6,108,11,39,2026-05-31,Tra no vay,ATM,55000000
512,368,109,4,13,2025-08-05,Giai ngan vay,Quay giao dich,1631000000
4202,352,107,10,35,2026-06-10,Giai ngan vay,POS,334000000
4824,72,102,12,41,2026-05-04,Phi banca,POS,1100000
800,394,107,6,19,2025-10-11,Giai ngan vay,ATM,751000000
3054,153,104,10,33,2026-06-15,Phi banca,POS,800000
5191,362,106,7,23,2026-06-17,Rut tiet kiem,Mobile Banking,259000000
767,58,110,2,6,2026-02-04,Rut tiet kiem,Internet Banking,166000000
2838,383,103,6,19,2026-06-27,Gui tiet kiem,POS,343000000
4535,338,110,5,15,2025-08-28,Phi banca,Mobile Banking,2000000
2445,354,106,2,8,2025-09-03,Gui tiet kiem,ATM,473000000
3,199,109,8,27,2026-01-20,Giai ngan vay,POS,1114000000
4056,52,109,11,36,2025-11-04,Gui tiet kiem,POS,67000000
5309,,110,11,37,2025-09-13,Giai ngan vay,Internet Banking,1221000000
5019,169,101,11,39,2026-03-08,Chi tieu the,Quay giao dich,3200000
1753,128,110,12,41,2026-01-19,Chi tieu the,POS,2500000
114,369,102,10,33,2026-03-04,Tra no vay,ATM,53000000
3568,349,106,10,33,2026-03-14,Tra no vay,Quay giao dich,59000000
4386,126,104,4,14,2025-08-10,Phi banca,Internet Banking,1600000
496,149,101,1,2,2026-03-07,Tra no vay,ATM,92000000
2228,61,105,1,4,2026-03-13,Giai ngan vay,ATM,1054000000
2659,297,110,3,11,2025-09-12,Gui tiet kiem,Mobile Banking,151000000
2024,273,104,11,37,2025-08-27,Phi banca,Internet Banking,400000
1081,156,105,7,22,2026-07-20,Tra no vay,Internet Banking,20000000
1304,161,109,2,7,2025-08-18,Rut tiet kiem,ATM,165000000
1978,10,105,1,3,2025-10-27,Phi banca,ATM,1300000
1842,53,104,12,42,2025-08-21,Gui tiet kiem,Quay giao dich,241000000
2254,8,102,9,30,2025-11-14,Phi banca,Mobile Banking,1400000
3400,82,107,8,28,,Tra no vay,Quay giao dich,72000000
5182,38,101,8,27,2026-02-17,Tra no vay,Quay giao dich,83000000
3213,246,107,6,21,2026-04-10,Phi banca,ATM,900000
2599,288,107,4,14,2026-01-30,Tra no vay,Quay giao dich,96000000
3918,191,101,11,37,2026-05-29,Phi banca,Mobile Banking,2000000
3611,159,108,10,34,2026-02-27,Giai ngan vay,ATM,86000000
4592,84,107,12,42,2025-09-01,Chi tieu the,Internet Banking,3400000
2203,43,103,6,21,2025-11-04,Gui tiet kiem,Quay giao dich,367000000
3223,300,108,1,2,2025-10-07,Giai ngan vay,POS,1629000000
3788,272,103,2,8,2026-03-21,Giai ngan vay,ATM,724000000
2404,103,103,11,36,2026-01-16,Gui tiet kiem,ATM,54000000
3176,,101,12,42,2025-11-12,Chi tieu the,Quay giao dich,100000
4142,20,108,10,35,2026-07-06,Phi banca,ATM,1500000
4451,109,103,2,6,2026-01-17,Chi tieu the,POS,2700000
889,14,107,6,19,2025-08-15,Chi tieu the,Mobile Banking,3800000
5804,305,108,12,40,2025-07-29,Chi tieu the,Quay giao dich,4400000
4103,284,109,12,42,2026-01-30,Tra no vay,ATM,32000000
5077,343,101,3,10,2025-12-22,Gui tiet kiem,ATM,451000000
4148,174,105,10,35,2025-07-20,Gui tiet kiem,ATM,35000000
138,207,110,7,22,2025-07-03,Rut tiet kiem,Internet Banking,260000000
1227,22,106,10,32,2025-07-31,Phi banca,ATM,1100000
1877,84,101,12,42,2025-07-28,Chi tieu the,Mobile Banking,4100000
1410,396,102,5,16,2025-11-15,Chi tieu the,Mobile Banking,2400000
15,384,102,8,26,2025-11-23,Tra no vay,Quay giao dich,74000000
3734,322,102,9,31,2025-10-29,Giai ngan vay,Mobile Banking,704000000
1102,114,106,9,31,2026-04-15,Phi banca,Internet Banking,1900000
1119,141,109,12,40,2026-03-15,Phi banca,Internet Banking,100000
3355,191,102,11,37,2026-03-31,Tra no vay,Internet Banking,66000000
1279,342,106,7,23,2026-03-18,Gui tiet kiem,Quay giao dich,420000000
4297,131,102,11,36,2025-09-26,Chi tieu the,POS,4900000
3866,69,101,8,28,2026-07-05,Rut tiet kiem,ATM,66000000
4288,375,107,7,24,2026-07-18,Phi banca,Quay giao dich,1000000
1160,115,102,4,13,,Gui tiet kiem,Quay giao dich,500000000
3357,257,104,9,30,2025-07-27,Phi banca,ATM,1800000
1058,71,108,10,33,2025-10-05,Rut tiet kiem,Quay giao dich,223000000
5739,133,105,9,30,2026-02-01,Tra no vay,Internet Banking,38000000
31,67,110,4,14,,Tra no vay,ATM,1000000
1423,21,108,3,9,2025-08-04,Giai ngan vay,Internet Banking,1938000000
1954,279,107,8,26,2026-03-12,Giai ngan vay,ATM,1264000000
5262,127,103,7,25,2025-11-25,Chi tieu the,Quay giao dich,4700000
4629,93,102,10,32,2026-06-12,Phi banca,Internet Banking,200000
4077,120,101,4,14,,Gui tiet kiem,Mobile Banking,319000000
3981,329,103,12,42,2026-04-27,Giai ngan vay,ATM,1947000000
4215,261,103,2,8,2025-09-07,Gui tiet kiem,ATM,434000000
3219,185,108,6,20,2025-07-03,Chi tieu the,Mobile Banking,900000
4351,295,108,5,18,2025-08-22,Tra no vay,ATM,53000000
427,11,108,3,11,2026-04-28,Giai ngan vay,Quay giao dich,849000000
1030,43,107,6,21,2025-08-31,Tra no vay,Quay giao dich,13000000
1395,139,108,1,1,2025-09-02,Rut tiet kiem,Quay giao dich,209000000
650,127,110,7,25,2026-04-23,Gui tiet kiem,Mobile Banking,64000000
2587,101,110,3,10,2025-11-30,Tra no vay,ATM,36000000
3824,38,109,8,27,2025-09-14,Rut tiet kiem,ATM,64000000
1609,25,103,2,6,2026-01-19,Chi tieu the,Internet Banking,1900000
880,341,103,2,8,2025-12-03,Giai ngan vay,ATM,81000000
2279,191,104,11,37,2026-07-05,Rut tiet kiem,ATM,217000000
2781,216,103,8,27,2025-12-19,Giai ngan vay,POS,128000000
820,163,106,5,16,2025-09-26,Tra no vay,POS,25000000
5026,266,104,3,11,2025-09-15,Chi tieu the,POS,3600000
2590,135,109,11,39,2026-06-06,Phi banca,Quay giao dich,1300000
1034,142,110,5,15,2025-10-10,Tra no vay,POS,36000000
566,243,104,11,38,2025-12-22,Giai ngan vay,Quay giao dich,1982000000
570,120,110,4,14,2026-06-03,Gui tiet kiem,POS,237000000
892,171,110,2,6,2025-08-19,Chi tieu the,Internet Banking,800000
3457,174,110,10,35,2025-12-29,Tra no vay,ATM,1000000
580,377,106,1,4,2026-07-14,Rut tiet kiem,ATM,95000000
3537,136,104,5,15,2025-11-30,Giai ngan vay,Mobile Banking,880000000
1799,197,102,6,21,2025-11-25,Phi banca,Quay giao dich,800000
1167,102,103,11,39,2025-07-08,Phi banca,Mobile Banking,100000
5212,159,102,10,34,2026-03-07,Phi banca,ATM,900000
4951,132,105,3,9,2025-09-06,Chi tieu the,POS,3400000
3149,308,103,10,32,2026-03-06,Chi tieu the,POS,3900000
5622,305,107,12,40,2026-02-14,Gui tiet kiem,Mobile Banking,144000000
2000,163,102,5,16,2026-03-10,Rut tiet kiem,Quay giao dich,73000000
534,377,105,1,4,2026-05-27,Rut tiet kiem,Quay giao dich,13000000
4335,261,106,2,8,2026-05-29,Giai ngan vay,Mobile Banking,181000000
5517,289,108,6,19,2026-01-21,Phi banca,POS,600000
5660,395,103,7,22,2026-06-09,Tra no vay,Internet Banking,46000000
2953,333,107,2,7,2026-05-13,Tra no vay,POS,68000000
660,193,110,11,39,2026-03-24,Tra no vay,Internet Banking,55000000
4124,23,101,5,16,2025-11-08,Rut tiet kiem,Quay giao dich,247000000
2921,158,110,12,41,2026-07-21,Tra no vay,Internet Banking,89000000
1170,173,103,12,40,2025-11-08,Tra no vay,Internet Banking,85000000
3225,272,105,2,8,2026-06-06,Chi tieu the,ATM,4400000
527,234,108,5,15,2025-07-17,Chi tieu the,Mobile Banking,800000
2197,84,106,12,42,2025-11-09,Rut tiet kiem,POS,205000000
4304,247,107,8,26,2025-12-29,Rut tiet kiem,Internet Banking,300000000
2692,261,103,2,8,2026-06-19,Chi tieu the,POS,4100000
2205,84,101,12,42,2026-06-23,Gui tiet kiem,Mobile Banking,309000000
3649,269,101,8,27,2026-01-08,Chi tieu the,Mobile Banking,2400000
3272,260,107,3,10,2025-10-01,Tra no vay,ATM,69000000
3038,196,103,10,35,2025-09-23,Gui tiet kiem,Quay giao dich,138000000
5560,342,109,7,23,2026-02-16,Chi tieu the,Mobile Banking,700000
4086,219,104,6,19,2026-01-13,Gui tiet kiem,POS,42000000
2034,173,102,12,40,2026-05-20,Tra no vay,POS,14000000
3745,128,102,12,41,2025-09-30,Tra no vay,ATM,6000000
4590,148,102,1,2,2026-06-06,Chi tieu the,Internet Banking,3200000
2456,305,108,12,40,2026-05-27,Rut tiet kiem,POS,268000000
1040,136,102,5,15,2026-03-08,Chi tieu the,Internet Banking,3400000
5562,187,103,11,37,2025-09-14,Tra no vay,Mobile Banking,35000000
5828,132,109,3,9,2026-05-20,Rut tiet kiem,Internet Banking,157000000
1117,326,110,4,13,2026-07-22,Gui tiet kiem,ATM,133000000
3055,168,102,5,16,2026-03-03,Giai ngan vay,Internet Banking,822000000
1451,374,110,9,30,2025-12-02,Tra no vay,Mobile Banking,21000000
4988,199,105,8,27,2026-05-26,Gui tiet kiem,Mobile Banking,55000000
563,162,101,7,22,2026-01-17,Giai ngan vay,Mobile Banking,1704000000
1886,241,105,10,32,2026-01-10,Gui tiet kiem,POS,445000000
5959,376,106,12,41,2025-09-07,Chi tieu the,Quay giao dich,3400000
687,353,110,9,31,2025-09-27,Phi banca,ATM,1300000
1769,364,102,5,15,2025-08-17,Chi tieu the,Internet Banking,4100000
1443,342,110,7,23,2025-08-14,Rut tiet kiem,Quay giao dich,159000000
5177,327,101,7,25,2026-04-01,Phi banca,POS,1200000
2836,194,109,6,20,2026-04-13,Gui tiet kiem,Mobile Banking,19000000
338,399,103,12,40,2025-07-09,Gui tiet kiem,ATM,8000000
3184,391,104,11,38,2026-06-08,Tra no vay,POS,4000000
3090,359,102,6,20,2025-11-06,Giai ngan vay,Mobile Banking,1682000000
2934,212,105,8,26,2026-03-12,Giai ngan vay,ATM,234000000
5801,30,109,1,5,2026-02-24,Phi banca,ATM,1400000
504,59,110,7,24,2025-10-25,Chi tieu the,Quay giao dich,2300000
3083,136,105,5,15,2026-03-29,Giai ngan vay,POS,1030000000
1337,395,105,7,22,2026-06-29,Phi banca,Internet Banking,900000
936,313,107,5,18,,Tra no vay,Quay giao dich,29000000
4672,31,102,3,11,2025-10-07,Gui tiet kiem,POS,361000000
3595,262,108,3,10,2025-09-20,Giai ngan vay,Quay giao dich,1018000000
577,36,106,3,11,2025-10-05,Phi banca,ATM,1900000
5766,200,101,4,14,2025-08-29,Rut tiet kiem,Mobile Banking,200000000
4247,386,107,8,28,2025-11-02,Rut tiet kiem,POS,3000000
2942,190,110,9,31,2026-02-23,Gui tiet kiem,Mobile Banking,435000000
4903,54,110,8,28,2026-04-21,Tra no vay,Internet Banking,80000000
5125,40,109,8,27,2025-12-05,Phi banca,Quay giao dich,600000
3501,119,108,6,21,2025-09-10,Tra no vay,Mobile Banking,44000000
5525,299,108,8,27,2025-07-21,Gui tiet kiem,ATM,62000000
4543,262,105,3,10,2026-05-28,Rut tiet kiem,POS,7000000
1639,266,105,3,11,2026-01-14,Giai ngan vay,POS,1598000000
1844,87,101,1,5,2026-01-24,Giai ngan vay,POS,695000000
3693,229,108,5,17,2026-05-18,Tra no vay,ATM,24000000
366,189,102,10,32,2025-10-05,Gui tiet kiem,ATM,46000000
4914,210,104,10,35,2026-02-26,Gui tiet kiem,POS,412000000
4156,104,104,7,22,2025-08-01,Giai ngan vay,POS,227000000
5042,379,104,4,12,2025-11-19,Gui tiet kiem,POS,340000000
3418,363,101,10,33,2025-11-22,Chi tieu the,ATM,4200000
5785,263,104,12,40,2025-12-21,Phi banca,POS,800000
3192,135,106,11,39,2026-07-26,Giai ngan vay,ATM,306000000
697,262,104,3,10,2026-06-18,Phi banca,Quay giao dich,500000
2415,5,110,10,32,2026-04-06,Gui tiet kiem,POS,10000000
2099,296,104,7,25,2026-05-09,Chi tieu the,ATM,3700000
5414,18,106,8,27,2025-10-06,Tra no vay,Internet Banking,8000000
2180,396,109,5,16,2025-09-10,Phi banca,POS,1400000
2738,374,101,9,30,2026-05-27,Rut tiet kiem,Mobile Banking,216000000
4538,2,108,12,41,2025-11-22,Giai ngan vay,Quay giao dich,1780000000
3233,366,110,10,35,2026-07-11,Phi banca,Mobile Banking,1300000
3665,128,108,12,41,2026-01-27,Tra no vay,POS,89000000
3432,253,102,7,22,2025-11-09,Tra no vay,POS,8000000
5604,255,108,6,20,2026-02-26,Phi banca,Internet Banking,400000
2601,155,109,6,20,2025-11-11,Gui tiet kiem,Mobile Banking,112000000
3394,151,102,12,42,2025-08-23,Tra no vay,ATM,9000000
3961,338,109,5,15,2026-04-21,Chi tieu the,Internet Banking,4600000
2351,265,109,10,35,2026-06-03,Giai ngan vay,POS,426000000
4920,328,107,10,33,2026-03-25,Giai ngan vay,Quay giao dich,928000000
692,266,110,3,11,2026-04-02,Rut tiet kiem,Quay giao dich,61000000
3473,161,106,2,7,2025-09-15,Rut tiet kiem,POS,110000000
491,155,102,6,20,2025-09-03,Gui tiet kiem,Mobile Banking,102000000
2006,37,110,12,40,2025-12-08,Phi banca,Mobile Banking,600000
3910,147,105,5,18,2026-04-16,Giai ngan vay,ATM,119000000
1756,185,104,6,20,2026-06-22,Phi banca,ATM,300000
2263,232,107,4,12,2026-05-27,Rut tiet kiem,Internet Banking,86000000
5306,193,102,11,39,2025-11-18,Chi tieu the,Quay giao dich,300000
902,228,101,2,6,2025-12-29,Tra no vay,Mobile Banking,2000000
2576,82,105,8,28,2026-02-12,Tra no vay,Internet Banking,30000000
4450,94,108,4,12,2025-07-05,Phi banca,Quay giao dich,400000
521,366,109,10,35,2026-05-01,Giai ngan vay,Mobile Banking,1415000000
1602,372,108,7,25,2026-01-13,Rut tiet kiem,Quay giao dich,35000000
999,114,107,9,31,2026-04-14,Tra no vay,Internet Banking,32000000
621,64,109,7,22,2026-07-15,Rut tiet kiem,ATM,6000000
4738,278,101,10,32,2025-11-19,Gui tiet kiem,ATM,37000000
4906,232,110,4,12,2026-04-03,Chi tieu the,POS,3000000
5110,48,108,8,27,2026-03-04,Chi tieu the,Quay giao dich,4700000
5882,70,107,12,40,2026-07-26,Tra no vay,Internet Banking,91000000
5753,364,109,5,15,2025-10-29,Rut tiet kiem,Internet Banking,2000000
200,54,103,8,28,2025-10-01,Tra no vay,POS,21000000
1485,153,109,10,33,2026-06-02,Gui tiet kiem,Internet Banking,463000000
5752,265,102,10,35,2026-03-28,Gui tiet kiem,Quay giao dich,414000000
2645,56,106,5,16,2026-03-31,Giai ngan vay,Internet Banking,1782000000
4557,248,109,4,12,2025-08-18,Tra no vay,Internet Banking,-12000000
5702,15,106,3,10,2026-05-12,Giai ngan vay,ATM,475000000
5486,325,106,7,24,2026-03-05,Rut tiet kiem,POS,279000000
106,388,109,3,11,2025-09-10,Rut tiet kiem,ATM,290000000
1934,191,101,11,37,2026-01-16,Phi banca,Mobile Banking,400000
4926,313,105,5,18,2026-05-21,Tra no vay,ATM,35000000
2116,357,108,6,19,2025-12-13,Giai ngan vay,Mobile Banking,888000000
5350,63,101,11,39,2026-03-12,Tra no vay,Mobile Banking,19000000
3735,321,105,4,14,2025-10-05,Rut tiet kiem,Mobile Banking,289000000
3511,372,103,7,25,2026-03-27,Rut tiet kiem,POS,293000000
5438,100,108,5,15,2026-04-01,Giai ngan vay,Quay giao dich,301000000
425,332,105,7,24,2026-04-30,Phi banca,Quay giao dich,100000
3626,249,105,9,30,2026-05-01,Chi tieu the,Quay giao dich,200000
1226,343,109,3,10,2025-08-03,Rut tiet kiem,Internet Banking,73000000
3477,143,102,6,19,2026-07-05,Tra no vay,Quay giao dich,15000000
3376,108,109,10,33,2026-06-23,Tra no vay,Quay giao dich,63000000
3517,46,101,11,39,2025-10-27,Giai ngan vay,POS,350000000
4621,259,101,10,34,2026-01-20,Phi banca,Mobile Banking,400000
594,210,106,10,35,2026-03-12,Giai ngan vay,Internet Banking,417000000
4967,366,104,10,35,2025-08-23,Rut tiet kiem,Quay giao dich,198000000
403,,106,3,11,2025-12-28,Chi tieu the,Mobile Banking,500000
1491,342,107,7,23,2025-10-07,Giai ngan vay,POS,878000000
1655,107,101,9,29,2025-12-13,Tra no vay,Internet Banking,82000000
3629,39,102,6,20,2025-10-23,Gui tiet kiem,POS,-176000000
2462,9,101,9,29,2026-06-24,Rut tiet kiem,Quay giao dich,231000000
4598,333,102,2,7,2026-03-10,Gui tiet kiem,ATM,241000000
5905,135,102,11,39,2025-07-14,Giai ngan vay,ATM,1743000000
5928,296,101,7,25,2025-12-07,Gui tiet kiem,Quay giao dich,449000000
5417,363,102,10,33,2026-05-25,Chi tieu the,Internet Banking,4200000
2752,398,103,10,35,2026-02-21,Rut tiet kiem,ATM,82000000
1136,240,104,3,11,2026-02-21,Giai ngan vay,Internet Banking,572000000
5719,7,108,4,14,2026-07-24,Rut tiet kiem,Quay giao dich,258000000
311,223,101,7,22,2025-11-25,Tra no vay,ATM,88000000
1439,158,104,12,41,2026-03-07,Tra no vay,ATM,56000000
4513,323,107,1,5,2026-02-09,Rut tiet kiem,Quay giao dich,146000000
4707,,106,5,16,2026-05-07,Giai ngan vay,Mobile Banking,845000000
4218,278,109,10,32,2026-02-09,Phi banca,Internet Banking,1900000
3167,260,101,3,10,2026-06-06,Chi tieu the,POS,3700000
101,283,102,1,3,2025-09-28,Gui tiet kiem,POS,435000000
3086,246,109,6,21,2026-02-03,Chi tieu the,POS,200000
886,129,103,11,36,2026-01-30,Rut tiet kiem,POS,157000000
2640,154,110,10,34,2026-04-09,Rut tiet kiem,Quay giao dich,113000000
266,296,106,7,25,2025-12-29,Rut tiet kiem,Quay giao dich,16000000
4067,191,102,11,37,2025-12-08,Phi banca,Internet Banking,400000
2989,383,104,6,19,2026-01-08,Tra no vay,POS,45000000
1775,237,109,1,1,2025-12-27,Giai ngan vay,Mobile Banking,408000000
2874,29,109,8,26,2025-09-30,Gui tiet kiem,ATM,346000000
1129,287,104,12,42,2025-10-19,Chi tieu the,POS,1600000
1123,345,103,5,15,2025-12-13,Rut tiet kiem,Mobile Banking,203000000
2582,303,104,10,34,2026-05-12,Chi tieu the,POS,2300000
4492,364,103,5,15,2026-06-19,Tra no vay,Mobile Banking,67000000
1266,361,103,3,9,2025-11-26,Gui tiet kiem,Internet Banking,415000000
5447,150,102,6,21,2025-10-23,Rut tiet kiem,ATM,175000000
1085,215,110,3,9,2025-11-20,Giai ngan vay,Internet Banking,1410000000
4541,274,105,3,9,2025-09-01,Giai ngan vay,Internet Banking,1228000000
406,345,102,5,15,2025-10-01,Tra no vay,Internet Banking,30000000
2078,298,105,8,28,2026-06-25,Tra no vay,POS,78000000
4466,120,105,4,14,2026-02-13,Giai ngan vay,ATM,886000000
5008,84,110,12,42,2026-02-02,Tra no vay,Internet Banking,8000000
3964,138,102,10,35,2025-11-03,Giai ngan vay,ATM,306000000
1783,17,107,4,13,2026-05-08,Giai ngan vay,Mobile Banking,1080000000
1610,122,108,1,3,2025-10-13,Gui tiet kiem,Internet Banking,208000000
81,340,106,10,34,2025-12-17,Giai ngan vay,Internet Banking,1022000000
1889,29,106,8,26,2026-01-24,Giai ngan vay,POS,1773000000
5122,381,104,9,31,2025-11-01,Rut tiet kiem,Mobile Banking,169000000
2698,147,105,5,18,2026-05-23,Gui tiet kiem,Quay giao dich,149000000
947,120,102,4,14,2026-06-01,Rut tiet kiem,Quay giao dich,260000000
1499,251,108,5,18,2025-11-18,Gui tiet kiem,ATM,134000000
5310,211,101,9,31,2025-10-13,Tra no vay,ATM,88000000
5049,212,105,8,26,2026-03-29,Gui tiet kiem,POS,6000000
3943,102,103,11,39,2025-10-09,Chi tieu the,Quay giao dich,100000
264,19,103,4,12,2026-03-04,Phi banca,Mobile Banking,1400000
3683,308,108,10,32,2025-10-13,Chi tieu the,POS,2200000
1299,7,105,4,14,2026-05-20,Giai ngan vay,Mobile Banking,1450000000
4600,324,102,3,9,2026-02-18,Gui tiet kiem,Mobile Banking,485000000
1334,244,103,1,2,2025-07-08,Gui tiet kiem,Quay giao dich,376000000
3638,349,106,10,33,2025-12-05,Gui tiet kiem,POS,431000000
3144,39,109,6,20,2026-06-02,Phi banca,Internet Banking,100000
3085,272,101,2,8,2025-12-13,Tra no vay,Mobile Banking,47000000
1829,349,101,10,33,2025-07-03,Giai ngan vay,ATM,1846000000
3997,202,109,8,28,2025-11-23,Tra no vay,Mobile Banking,15000000
4375,,108,10,33,2025-08-07,Chi tieu the,POS,3600000
3861,325,109,7,24,2026-02-26,Tra no vay,POS,98000000
1637,295,103,5,18,2026-01-23,Rut tiet kiem,POS,114000000
4445,262,108,3,10,2026-07-15,Giai ngan vay,Quay giao dich,271000000
1261,265,107,10,35,2025-10-01,Gui tiet kiem,ATM,360000000
5706,160,102,5,17,2025-12-19,Chi tieu the,Quay giao dich,2400000
2100,12,110,8,27,2026-06-02,Phi banca,POS,1500000
3992,293,109,1,4,2025-10-11,Tra no vay,POS,31000000
4897,61,105,1,4,2026-06-25,Phi banca,ATM,1100000
2987,25,110,2,6,2026-05-18,Giai ngan vay,POS,219000000
805,48,107,8,27,2025-12-23,Rut tiet kiem,Internet Banking,179000000
97,250,106,9,30,2025-12-30,Phi banca,Mobile Banking,300000
793,83,102,8,27,2025-11-21,Giai ngan vay,POS,195000000
1664,238,106,4,13,2025-11-11,Chi tieu the,Internet Banking,2500000
1683,102,108,11,39,2025-11-19,Rut tiet kiem,POS,101000000
4267,237,105,1,1,2026-03-04,Phi banca,ATM,1600000
3035,341,106,2,8,2025-08-13,Tra no vay,Mobile Banking,66000000
4101,158,107,12,41,2025-11-24,Giai ngan vay,POS,1437000000
1236,149,101,1,2,2025-11-01,Rut tiet kiem,Internet Banking,117000000
1700,114,105,9,31,2025-07-17,Gui tiet kiem,Mobile Banking,68000000
5907,216,108,8,27,2026-05-20,Rut tiet kiem,Quay giao dich,120000000
4131,140,108,9,29,2025-12-13,Phi banca,ATM,2000000
4260,279,104,8,26,2026-03-16,Gui tiet kiem,Mobile Banking,445000000
3315,348,102,7,24,2025-09-27,Gui tiet kiem,Quay giao dich,111000000
3017,19,102,4,12,2026-02-22,Rut tiet kiem,Quay giao dich,199000000
1014,32,110,1,1,2026-02-25,Rut tiet kiem,POS,180000000
751,337,110,7,24,2025-08-24,Phi banca,ATM,1100000
4227,178,107,9,29,2026-06-03,Tra no vay,Internet Banking,25000000
4305,388,106,3,11,2026-07-13,Gui tiet kiem,POS,102000000
1229,70,108,12,40,2026-07-26,Giai ngan vay,Mobile Banking,877000000
1492,148,105,1,2,2025-11-05,Gui tiet kiem,POS,366000000
4572,282,105,2,7,2026-03-08,Giai ngan vay,Internet Banking,1086000000
4072,96,108,11,37,2026-01-13,Giai ngan vay,Mobile Banking,1860000000
5266,130,110,6,19,2025-10-14,Tra no vay,Internet Banking,75000000
3639,374,107,9,30,2025-07-03,Tra no vay,POS,66000000
1052,89,105,5,16,2025-12-05,Rut tiet kiem,Quay giao dich,105000000
5791,272,101,2,8,2026-04-05,Tra no vay,ATM,14000000
2755,298,110,8,28,2025-11-01,Chi tieu the,Internet Banking,2200000
1210,225,108,3,9,2026-04-29,Gui tiet kiem,ATM,493000000
975,267,103,8,26,2026-02-18,Gui tiet kiem,Internet Banking,371000000
2896,143,106,6,19,2026-07-24,Phi banca,Quay giao dich,800000
369,150,104,6,21,2025-08-02,Rut tiet kiem,Quay giao dich,267000000
4627,218,103,11,38,2026-06-18,Phi banca,ATM,600000
1577,153,104,10,33,2026-03-02,Phi banca,POS,700000
4395,280,109,3,11,2025-09-02,Rut tiet kiem,POS,222000000
782,191,107,11,37,2025-10-08,Gui tiet kiem,Internet Banking,58000000
5773,345,105,5,15,2026-04-12,Phi banca,Mobile Banking,600000
3106,275,106,1,4,2025-12-13,Gui tiet kiem,Quay giao dich,224000000
133,397,103,1,5,2026-05-24,Tra no vay,ATM,85000000
4597,163,101,5,16,2026-04-04,Tra no vay,Internet Banking,33000000
2387,153,103,10,33,2025-11-28,Giai ngan vay,Internet Banking,636000000
2275,202,106,8,28,2026-05-10,Chi tieu the,POS,1600000
429,86,110,4,13,2025-12-01,Tra no vay,Internet Banking,10000000
993,212,104,8,26,2026-04-10,Gui tiet kiem,Mobile Banking,23000000
2668,,106,7,25,2026-04-26,Gui tiet kiem,Mobile Banking,449000000
5980,284,107,12,42,2026-05-29,Phi banca,POS,300000
3851,129,102,11,36,2026-03-09,Tra no vay,Mobile Banking,31000000
3924,83,104,8,27,2026-05-04,Tra no vay,Mobile Banking,50000000
2255,280,101,3,11,2025-08-06,Tra no vay,ATM,28000000
3190,258,106,7,24,2026-01-29,Chi tieu the,Quay giao dich,2500000
3742,64,104,7,22,2025-07-21,Gui tiet kiem,ATM,10000000
4801,378,103,12,42,2026-02-23,Tra no vay,Internet Banking,54000000
4181,198,105,4,14,2025-12-27,Giai ngan vay,ATM,1049000000
185,81,108,1,1,2025-08-16,Giai ngan vay,POS,172000000
651,362,110,7,23,2025-08-11,Rut tiet kiem,POS,217000000
4499,210,110,10,35,2026-01-29,Rut tiet kiem,ATM,66000000
2345,340,104,10,34,2026-06-13,Giai ngan vay,Quay giao dich,1237000000
3785,32,107,1,1,2025-11-08,Phi banca,ATM,400000
2689,323,104,1,5,2026-06-09,Chi tieu the,Mobile Banking,500000
5633,263,107,12,40,2026-06-26,Rut tiet kiem,POS,172000000
30,3,108,11,37,2025-11-18,Rut tiet kiem,Mobile Banking,82000000
5919,329,104,12,42,2025-07-26,Rut tiet kiem,Internet Banking,49000000
1904,41,103,1,1,2025-12-23,Giai ngan vay,Internet Banking,1478000000
3732,221,108,2,6,2025-11-06,Phi banca,ATM,1100000
4248,287,102,12,42,2026-04-09,Gui tiet kiem,Internet Banking,118000000
2810,380,110,9,29,2026-07-09,Giai ngan vay,Quay giao dich,165000000
314,267,106,8,26,2026-06-12,Giai ngan vay,Mobile Banking,1427000000
3563,148,106,1,2,2025-07-16,Rut tiet kiem,Internet Banking,34000000
259,253,103,7,22,2026-05-09,Phi banca,Mobile Banking,1500000
5416,44,106,6,21,2025-08-17,Phi banca,ATM,1400000
4078,107,101,9,29,2025-11-22,Giai ngan vay,Quay giao dich,208000000
1737,298,107,8,28,2025-10-02,Phi banca,Internet Banking,2000000
1631,27,105,11,36,2025-07-16,Tra no vay,Internet Banking,59000000
1525,273,110,11,37,2025-10-19,Tra no vay,ATM,41000000
414,208,108,7,25,2026-03-19,Rut tiet kiem,Internet Banking,233000000
5575,306,105,3,10,2025-09-10,Rut tiet kiem,Mobile Banking,73000000
3856,45,105,7,24,2026-05-07,Rut tiet kiem,Mobile Banking,9000000
342,,102,2,8,2026-05-13,Chi tieu the,Internet Banking,4100000
233,212,107,8,26,2025-12-03,Phi banca,ATM,400000
2018,391,110,11,38,2025-08-26,Giai ngan vay,POS,1150000000
4081,120,108,4,14,2026-03-16,Tra no vay,Internet Banking,94000000
672,335,109,9,30,2026-02-09,Rut tiet kiem,Mobile Banking,60000000
3774,342,103,7,23,2026-03-28,Giai ngan vay,Quay giao dich,995000000
2486,24,103,11,38,2026-06-02,Gui tiet kiem,ATM,91000000
3052,58,107,2,6,2026-04-19,Chi tieu the,Quay giao dich,-1800000
2970,66,109,7,24,2025-10-31,Giai ngan vay,POS,1556000000
4201,175,107,6,19,2025-08-11,Chi tieu the,Quay giao dich,3500000
4539,88,107,5,18,2026-06-21,Rut tiet kiem,Quay giao dich,98000000
1865,113,103,5,18,2026-05-12,Giai ngan vay,Quay giao dich,1941000000
5519,8,108,9,30,2026-06-19,Giai ngan vay,ATM,975000000
2733,80,101,7,25,2025-10-15,Tra no vay,Quay giao dich,85000000
3962,93,106,10,32,2026-01-15,Gui tiet kiem,ATM,8000000
4898,113,108,5,18,2025-10-21,Giai ngan vay,Quay giao dich,387000000
3317,373,102,2,8,2026-04-09,Phi banca,Mobile Banking,300000
1027,329,108,12,42,2026-01-20,Phi banca,Quay giao dich,1900000
5768,160,104,5,17,2026-04-26,Phi banca,ATM,300000
2932,154,105,10,34,2025-09-04,Rut tiet kiem,Quay giao dich,135000000
1531,252,104,2,7,2025-09-10,Phi banca,Mobile Banking,1500000
1731,93,104,10,32,2026-01-11,Gui tiet kiem,POS,158000000
4656,298,103,8,28,2025-07-27,Giai ngan vay,Quay giao dich,1109000000
1049,219,105,6,19,2026-04-22,Chi tieu the,ATM,2000000
3415,378,105,12,42,2025-11-24,Phi banca,Quay giao dich,-1400000
5405,268,102,5,15,2025-11-09,Chi tieu the,Internet Banking,3900000
3726,155,109,6,20,2025-12-15,Chi tieu the,ATM,2200000
1296,82,105,8,28,2026-04-08,Rut tiet kiem,Internet Banking,250000000
2586,285,103,2,7,2026-01-14,Chi tieu the,Internet Banking,1900000
2889,331,107,10,35,2026-06-07,Chi tieu the,ATM,3800000
2498,121,103,11,36,2026-02-21,Rut tiet kiem,Mobile Banking,243000000
4126,136,110,5,15,2026-04-07,Rut tiet kiem,Internet Banking,19000000
3668,349,105,10,33,2026-02-11,Phi banca,POS,900000
1802,2,104,12,41,2026-07-11,Tra no vay,Quay giao dich,24000000
4471,84,110,12,42,2025-08-08,Giai ngan vay,Internet Banking,973000000
509,225,107,3,9,2025-07-04,Tra no vay,Mobile Banking,22000000
1999,323,104,1,5,2026-05-03,Giai ngan vay,Mobile Banking,1472000000
3306,48,103,8,27,2026-03-02,Tra no vay,Quay giao dich,95000000
2217,17,101,4,13,2025-09-25,Phi banca,Internet Banking,700000
3178,297,103,3,11,2026-03-07,Chi tieu the,POS,4000000
4715,384,101,8,26,2026-01-05,Tra no vay,POS,75000000
2614,310,105,10,32,2026-03-17,Chi tieu the,POS,700000
3206,183,106,5,18,2026-04-30,Tra no vay,ATM,30000000
5096,61,103,1,4,2025-07-16,Giai ngan vay,POS,1422000000
5993,165,107,7,25,2025-07-27,Rut tiet kiem,POS,55000000
2854,384,105,8,26,2026-01-07,Giai ngan vay,POS,749000000
2306,217,102,5,16,2026-02-13,Phi banca,ATM,700000
4454,33,110,9,30,2025-12-28,Gui tiet kiem,ATM,247000000
2559,135,103,11,39,2026-06-27,Gui tiet kiem,Mobile Banking,211000000
1203,116,108,1,2,2025-07-21,Chi tieu the,Mobile Banking,1500000
5482,51,101,7,23,2025-10-29,Phi banca,POS,1300000
921,121,108,11,36,2025-08-07,Chi tieu the,POS,2700000
5832,112,106,7,24,2026-01-15,Chi tieu the,ATM,4900000
5531,35,108,6,21,2026-03-28,Phi banca,Internet Banking,1600000
4899,252,109,2,7,2025-08-05,Rut tiet kiem,ATM,104000000
2660,43,107,6,21,2026-05-30,Tra no vay,ATM,10000000
5133,10,106,1,3,2026-06-23,Rut tiet kiem,POS,134000000
3843,369,101,10,33,2025-12-25,Tra no vay,Quay giao dich,62000000
1710,271,106,2,8,2026-02-14,Phi banca,ATM,400000
42,255,104,6,20,2026-06-18,Giai ngan vay,ATM,76000000
3911,28,101,2,6,2026-02-08,Tra no vay,Quay giao dich,66000000
5325,171,103,2,6,2026-06-12,Phi banca,Internet Banking,400000
2385,388,110,3,11,2026-07-26,Gui tiet kiem,Mobile Banking,80000000
3761,226,101,1,5,2025-08-26,Giai ngan vay,Mobile Banking,1180000000
1797,198,108,4,14,2026-02-08,Gui tiet kiem,ATM,28000000
4299,25,109,2,6,2026-04-27,Rut tiet kiem,Internet Banking,226000000
2902,101,106,3,10,2026-03-20,Rut tiet kiem,Internet Banking,44000000
4843,235,107,10,32,2025-11-09,Giai ngan vay,Mobile Banking,1373000000
5787,295,110,5,18,2026-07-25,Giai ngan vay,ATM,1552000000
4986,366,105,10,35,2026-02-06,Rut tiet kiem,POS,63000000
4501,231,110,2,8,2026-04-12,Gui tiet kiem,Mobile Banking,152000000
3391,362,110,7,23,2026-02-26,Gui tiet kiem,Mobile Banking,-487000000
2707,15,106,3,10,2026-04-01,Giai ngan vay,Mobile Banking,780000000
4366,48,103,8,27,2025-10-06,Phi banca,Internet Banking,1900000
1632,16,102,11,39,2025-09-24,Chi tieu the,Internet Banking,1800000
5814,362,105,7,23,2026-07-14,Phi banca,Mobile Banking,900000
1367,229,109,5,17,2026-01-08,Giai ngan vay,POS,1667000000
5349,167,101,2,7,2026-05-20,Phi banca,Internet Banking,700000
2690,78,101,6,19,2025-07-26,Giai ngan vay,POS,309000000
4698,364,108,5,15,2026-01-16,Rut tiet kiem,ATM,174000000
4408,73,103,9,30,2025-12-14,Chi tieu the,Mobile Banking,900000
3230,197,102,6,21,2026-05-23,Gui tiet kiem,Mobile Banking,84000000
3003,135,104,11,39,2026-05-23,Rut tiet kiem,Internet Banking,222000000
3784,241,102,10,32,2025-09-29,Rut tiet kiem,Internet Banking,19000000
2081,20,109,10,35,2026-02-28,Chi tieu the,POS,500000
3979,252,108,2,7,2026-07-20,Giai ngan vay,ATM,1523000000
4970,270,109,6,19,2026-04-09,Gui tiet kiem,Quay giao dich,277000000
2392,38,109,8,27,2025-12-29,Gui tiet kiem,POS,181000000
3850,220,104,2,7,2026-01-22,Phi banca,Internet Banking,100000
3459,242,105,9,31,2026-06-17,Phi banca,Mobile Banking,1700000
2106,31,109,3,11,2025-12-15,Gui tiet kiem,POS,443000000
4730,33,102,9,30,2025-07-16,Phi banca,Quay giao dich,1500000
2878,321,109,4,14,2026-07-22,Chi tieu the,Mobile Banking,1500000
3240,272,108,2,8,2026-05-09,Rut tiet kiem,Quay giao dich,183000000
5318,107,109,9,29,2026-02-14,Phi banca,POS,2000000
5757,13,110,8,28,2026-05-27,Phi banca,Quay giao dich,700000
3093,360,101,12,40,2025-09-30,Tra no vay,POS,11000000
555,114,101,9,31,2026-07-24,Phi banca,Internet Banking,1000000
861,339,109,9,30,2026-02-17,Giai ngan vay,Internet Banking,222000000
1884,177,110,5,17,2025-10-27,Tra no vay,ATM,75000000
5648,377,102,1,4,2025-12-03,Giai ngan vay,ATM,411000000
637,352,104,10,35,2026-05-08,Chi tieu the,ATM,100000
3612,211,106,9,31,2026-01-22,Gui tiet kiem,Quay giao dich,349000000
13,141,106,12,40,2026-02-23,Tra no vay,POS,4000000
1650,276,108,9,29,2025-11-21,Rut tiet kiem,Internet Banking,253000000
5288,19,106,4,12,2026-01-31,Phi banca,POS,1300000
4851,220,108,2,7,2026-06-20,Phi banca,Internet Banking,500000
2231,392,110,5,16,2026-03-12,Gui tiet kiem,POS,179000000
2641,100,108,5,15,2026-07-06,Chi tieu the,ATM,2600000
5837,182,104,8,27,2026-05-09,Rut tiet kiem,Internet Banking,-38000000
3627,335,109,9,30,2025-11-30,Tra no vay,Mobile Banking,17000000
214,397,103,1,5,2026-07-26,Tra no vay,Mobile Banking,51000000
3099,260,108,3,10,2025-09-11,Phi banca,Mobile Banking,100000
1384,284,106,12,42,2025-10-13,Chi tieu the,ATM,4700000
1657,197,107,6,21,2026-04-27,Phi banca,POS,1400000
2049,293,105,1,4,2026-01-24,Gui tiet kiem,Internet Banking,493000000
2304,351,107,5,16,2025-07-29,Tra no vay,ATM,37000000
2043,,107,6,19,2026-03-31,Rut tiet kiem,ATM,182000000
1778,101,102,3,10,2025-08-27,Rut tiet kiem,Mobile Banking,230000000
720,3,106,11,37,2026-07-05,Tra no vay,Mobile Banking,56000000
2721,365,107,8,26,2025-08-31,Chi tieu the,POS,2400000
383,111,108,3,9,2026-07-15,Tra no vay,ATM,94000000
1158,319,106,9,31,2025-07-15,Giai ngan vay,Quay giao dich,120000000
3652,1,107,5,17,2025-10-20,Phi banca,Mobile Banking,500000
3697,237,105,1,1,2026-07-04,Tra no vay,Quay giao dich,87000000
2881,118,104,5,17,2025-11-09,Tra no vay,Mobile Banking,95000000
2319,309,101,6,19,2025-07-17,Rut tiet kiem,POS,274000000
918,274,110,3,9,2025-11-01,Chi tieu the,POS,400000
5868,197,107,6,21,2026-05-12,Gui tiet kiem,POS,355000000
3862,291,110,10,35,2026-04-20,Gui tiet kiem,ATM,112000000
5230,171,109,2,6,2025-10-30,Chi tieu the,Internet Banking,3800000
2686,358,101,6,19,2026-02-20,Rut tiet kiem,Quay giao dich,272000000
4183,174,102,10,35,2025-12-29,Tra no vay,Quay giao dich,66000000
546,87,104,1,5,2026-04-02,Chi tieu the,ATM,4000000
4123,5,102,10,32,2025-08-25,Giai ngan vay,Mobile Banking,1539000000
5195,128,106,12,41,2026-02-08,Gui tiet kiem,POS,359000000
140,194,110,6,20,2026-03-05,Giai ngan vay,Mobile Banking,1445000000
3996,136,107,5,15,2026-05-05,Phi banca,Internet Banking,700000
1894,223,102,7,22,2025-08-15,Rut tiet kiem,Internet Banking,111000000
5920,21,108,3,9,2026-01-25,Gui tiet kiem,Internet Banking,417000000
65,311,106,4,13,2026-03-16,Tra no vay,ATM,51000000
5634,117,108,9,30,2026-06-20,Rut tiet kiem,ATM,208000000
2895,105,105,7,22,2026-06-21,Giai ngan vay,Mobile Banking,1228000000
3278,389,106,8,26,2026-02-25,Rut tiet kiem,ATM,129000000
4978,354,106,2,8,2025-10-26,Rut tiet kiem,Mobile Banking,14000000
4817,269,103,8,27,2026-05-25,Phi banca,Internet Banking,1400000
3051,128,107,12,41,2026-07-09,Giai ngan vay,Mobile Banking,872000000
2009,42,107,2,7,2025-12-26,Gui tiet kiem,POS,77000000
1901,190,108,9,31,2026-07-08,Phi banca,ATM,1300000
3817,373,108,2,8,2026-04-07,Chi tieu the,Mobile Banking,2000000
4439,389,102,8,26,2026-07-18,Phi banca,Quay giao dich,2000000
2719,38,101,8,27,2025-09-11,Rut tiet kiem,Internet Banking,152000000
1812,65,101,5,17,2025-08-14,Tra no vay,Mobile Banking,81000000
1843,352,101,10,35,2025-09-11,Giai ngan vay,Internet Banking,1446000000
5436,365,109,8,26,2026-05-22,Gui tiet kiem,POS,281000000
3504,6,105,11,39,,Rut tiet kiem,Mobile Banking,101000000
4165,173,101,12,40,2026-02-23,Rut tiet kiem,Quay giao dich,129000000
3211,233,104,3,10,2026-04-17,Tra no vay,Internet Banking,65000000
1215,301,102,12,40,2025-08-06,Gui tiet kiem,POS,276000000
1868,5,103,10,32,2026-02-20,Giai ngan vay,Internet Banking,209000000
1455,72,104,12,41,2026-03-20,Tra no vay,POS,26000000
1544,396,110,5,16,2026-05-22,Rut tiet kiem,POS,34000000
5061,209,109,4,14,2026-04-18,Gui tiet kiem,POS,223000000
2598,340,102,10,34,2025-07-13,Giai ngan vay,Quay giao dich,1880000000
5888,50,109,4,12,2025-08-07,Phi banca,ATM,400000
4527,210,107,10,35,2025-09-17,Tra no vay,Internet Banking,45000000
3564,217,101,5,16,2026-03-23,Tra no vay,Quay giao dich,14000000
2761,3,110,11,37,2025-10-03,Giai ngan vay,Internet Banking,1120000000
1856,280,107,3,11,2026-07-03,Tra no vay,ATM,90000000
1875,392,110,5,16,2025-10-19,Chi tieu the,Quay giao dich,3100000
647,290,103,10,33,2025-10-08,Giai ngan vay,ATM,1093000000
2801,227,107,2,8,2026-02-24,Chi tieu the,Mobile Banking,2200000
2352,324,105,3,9,2025-08-15,Tra no vay,Quay giao dich,76000000
1578,120,106,4,14,2026-05-11,Gui tiet kiem,Quay giao dich,57000000
485,40,101,8,27,2026-03-20,Chi tieu the,Quay giao dich,4300000
5222,198,106,4,14,2026-01-31,Tra no vay,Mobile Banking,2000000
4416,365,108,8,26,2026-04-30,Tra no vay,Internet Banking,58000000
1686,28,102,2,6,2026-05-07,Gui tiet kiem,Quay giao dich,62000000
5840,336,110,4,14,2026-04-12,Gui tiet kiem,Quay giao dich,20000000
1545,201,105,2,8,2026-03-28,Chi tieu the,Quay giao dich,1700000
556,368,104,4,13,2025-10-28,Giai ngan vay,ATM,1059000000
4127,391,107,11,38,2026-05-13,Phi banca,POS,200000
3580,18,101,8,27,2026-03-24,Phi banca,Internet Banking,2000000
1551,182,106,8,27,2026-07-23,Gui tiet kiem,Internet Banking,100000000
5355,313,109,5,18,2025-08-28,Phi banca,Mobile Banking,1900000
2602,357,108,6,19,2026-04-16,Tra no vay,Quay giao dich,70000000
3084,55,102,12,42,2026-04-23,Gui tiet kiem,POS,136000000
3362,299,104,8,27,2026-02-19,Tra no vay,Quay giao dich,33000000
4580,16,102,11,39,2026-05-13,Rut tiet kiem,Mobile Banking,96000000
3324,188,109,3,10,2026-04-23,Rut tiet kiem,Internet Banking,139000000
5747,177,104,5,17,2026-03-02,Phi banca,Quay giao dich,2000000
4936,379,104,4,12,2026-04-18,Phi banca,Internet Banking,1400000
1540,46,106,11,39,2026-07-06,Giai ngan vay,POS,879000000
3388,209,103,4,14,2026-06-06,Rut tiet kiem,POS,114000000
2139,17,110,4,13,2025-12-19,Tra no vay,Mobile Banking,18000000
4341,123,102,1,2,2025-07-27,Giai ngan vay,ATM,960000000
4812,272,108,2,8,2026-04-09,Gui tiet kiem,POS,488000000
2093,169,110,11,39,2025-12-26,Rut tiet kiem,POS,266000000
62,56,107,5,16,2025-07-24,Gui tiet kiem,POS,400000000
2495,359,101,6,20,2026-01-13,Rut tiet kiem,ATM,110000000
4623,331,110,10,35,2025-07-14,Chi tieu the,POS,1300000
759,228,103,2,6,2025-12-05,Tra no vay,Internet Banking,-70000000
2471,43,107,6,21,2026-01-22,Gui tiet kiem,Mobile Banking,55000000
5305,193,105,11,39,2025-07-29,Chi tieu the,POS,2400000
3934,35,106,6,21,2025-12-30,Rut tiet kiem,ATM,14000000
5473,155,109,6,20,2026-05-21,Tra no vay,Mobile Banking,10000000
2111,231,104,2,8,2025-08-14,Tra no vay,Internet Banking,75000000
4009,45,101,7,24,2026-05-14,Tra no vay,Quay giao dich,72000000
428,251,102,5,18,2026-06-19,Giai ngan vay,Mobile Banking,1711000000
2419,367,109,11,38,2026-02-06,Rut tiet kiem,Quay giao dich,238000000
4420,144,108,5,16,2025-10-18,Tra no vay,ATM,52000000
183,121,107,11,36,2025-12-14,Rut tiet kiem,Quay giao dich,142000000
1997,25,102,2,6,2026-03-29,Chi tieu the,ATM,4500000
4877,73,102,9,30,2025-07-11,Gui tiet kiem,Quay giao dich,92000000
1816,95,102,10,35,2025-08-19,Phi banca,POS,2000000
3614,258,107,7,24,2026-04-02,Tra no vay,Mobile Banking,57000000
1345,215,102,3,9,2026-03-14,Gui tiet kiem,POS,271000000
1627,316,108,10,35,2025-11-18,Gui tiet kiem,ATM,498000000
3812,69,102,8,28,2025-11-10,Phi banca,Quay giao dich,1000000
804,208,102,7,25,2025-11-30,Tra no vay,ATM,34000000
2234,53,101,12,42,2026-02-21,Gui tiet kiem,Mobile Banking,428000000
3281,305,107,12,40,2025-08-01,Chi tieu the,Quay giao dich,4400000
3915,375,104,7,24,2026-05-05,Gui tiet kiem,ATM,52000000
1530,276,102,9,29,2025-11-10,Giai ngan vay,Internet Banking,1745000000
5655,125,105,1,4,2025-08-30,Phi banca,ATM,800000
2978,119,106,6,21,,Gui tiet kiem,Mobile Banking,485000000
2298,6,101,11,39,2026-05-07,Tra no vay,ATM,18000000
5131,383,101,6,19,2026-03-12,Gui tiet kiem,POS,432000000
1271,36,103,3,11,2025-09-08,Giai ngan vay,POS,1927000000
4303,78,104,6,19,2026-04-14,Chi tieu the,Mobile Banking,4900000
310,383,109,6,19,2025-10-28,Phi banca,ATM,1700000
3340,1,101,5,17,2026-06-12,Gui tiet kiem,ATM,422000000
1321,253,101,7,22,2026-06-08,Chi tieu the,ATM,300000
1184,233,103,3,10,2025-08-06,Giai ngan vay,Internet Banking,831000000
5568,219,106,6,19,2025-11-12,Gui tiet kiem,Internet Banking,305000000
1837,113,105,5,18,2025-12-01,Chi tieu the,POS,2100000
5514,8,102,9,30,2025-08-27,Gui tiet kiem,Mobile Banking,149000000
1024,92,101,8,27,2026-01-04,Phi banca,ATM,700000
5360,36,103,3,11,2026-04-16,Phi banca,Mobile Banking,100000
1092,371,104,8,28,2025-09-28,Phi banca,ATM,300000
3243,90,110,11,36,2025-12-11,Phi banca,Internet Banking,800000
2016,78,102,6,19,2025-09-27,Giai ngan vay,Quay giao dich,1097000000
3794,372,108,7,25,2026-04-15,Tra no vay,Quay giao dich,17000000
615,81,105,1,1,2026-05-18,Giai ngan vay,POS,1479000000
5113,156,110,7,22,2026-03-22,Giai ngan vay,ATM,874000000
4429,234,102,5,15,2026-04-27,Rut tiet kiem,ATM,170000000
4149,293,102,1,4,2025-09-04,Rut tiet kiem,Internet Banking,289000000
5137,129,105,11,36,2026-07-24,Chi tieu the,Mobile Banking,200000
2706,297,109,3,11,2025-10-12,Rut tiet kiem,Mobile Banking,34000000
1456,214,101,1,3,2025-07-05,Phi banca,Internet Banking,1600000
447,283,107,1,3,2025-12-06,Phi banca,Internet Banking,1300000
663,144,104,5,16,2026-01-05,Chi tieu the,ATM,4300000
5196,146,108,9,29,2025-09-13,Phi banca,Internet Banking,1300000
2632,12,107,8,27,2025-10-22,Tra no vay,Internet Banking,91000000
1013,3,105,11,37,2026-06-25,Rut tiet kiem,Mobile Banking,49000000
384,72,110,12,41,2026-05-03,Rut tiet kiem,Quay giao dich,156000000
327,91,109,9,30,2025-07-21,Phi banca,ATM,1200000
3684,122,109,1,3,2025-08-23,Gui tiet kiem,Internet Banking,279000000
5879,207,101,7,22,2026-02-18,Rut tiet kiem,Quay giao dich,173000000
76,230,103,3,9,2026-06-15,Rut tiet kiem,Quay giao dich,89000000
3174,29,101,8,26,2025-09-23,Rut tiet kiem,Mobile Banking,67000000
2243,91,101,9,30,2026-06-21,Giai ngan vay,Internet Banking,-581000000
1132,,106,9,29,2026-02-10,Gui tiet kiem,Internet Banking,246000000
482,48,101,8,27,2026-03-20,Tra no vay,Internet Banking,88000000
5302,310,103,10,32,2026-04-05,Giai ngan vay,Mobile Banking,731000000
3129,377,107,1,4,2026-02-12,Giai ngan vay,Internet Banking,510000000
2815,275,103,1,4,2025-10-31,Chi tieu the,ATM,1600000
5542,321,109,4,14,2025-12-30,Tra no vay,ATM,7000000
979,126,103,4,14,2026-04-27,Rut tiet kiem,ATM,101000000
5468,41,104,1,1,2025-08-30,Rut tiet kiem,Internet Banking,124000000
370,176,106,2,6,2026-03-06,Phi banca,POS,1500000
4482,187,105,11,37,2025-07-17,Phi banca,Internet Banking,1000000
4985,283,105,1,3,2025-08-22,Rut tiet kiem,ATM,194000000
255,166,106,10,32,2026-01-11,Tra no vay,Quay giao dich,38000000
74,351,106,5,16,2026-04-09,Gui tiet kiem,Quay giao dich,385000000
3895,262,102,3,10,2025-09-24,Giai ngan vay,ATM,1888000000
3837,92,108,8,27,2026-02-08,Chi tieu the,Mobile Banking,1500000
5465,21,102,3,9,,Phi banca,Quay giao dich,1600000
5086,328,101,10,33,2025-10-07,Rut tiet kiem,ATM,157000000
3755,322,106,9,31,2026-07-14,Chi tieu the,Quay giao dich,2000000
3840,141,103,12,40,2026-05-30,Giai ngan vay,Mobile Banking,1633000000
5012,297,103,3,11,2026-03-21,Gui tiet kiem,ATM,9000000
5776,182,105,8,27,2025-09-20,Tra no vay,Mobile Banking,55000000
2919,126,106,4,14,2025-10-01,Phi banca,Mobile Banking,100000
5272,294,106,7,24,2026-01-08,Gui tiet kiem,POS,332000000
4382,292,105,7,22,2026-01-31,Rut tiet kiem,Quay giao dich,39000000
5908,233,105,3,10,2025-12-07,Gui tiet kiem,Quay giao dich,446000000
1309,193,107,11,39,2026-06-24,Giai ngan vay,Quay giao dich,345000000
1274,86,101,4,13,2026-05-29,Phi banca,Mobile Banking,200000
3155,235,104,10,32,2025-12-28,Giai ngan vay,ATM,1106000000
271,159,106,10,34,2025-09-12,Chi tieu the,Quay giao dich,300000
3957,139,108,1,1,2025-07-02,Gui tiet kiem,Internet Banking,252000000
897,248,103,4,12,2025-10-29,Giai ngan vay,POS,1809000000
2013,221,107,2,6,2025-08-08,Phi banca,Internet Banking,1800000
3793,291,105,10,35,2026-06-17,Giai ngan vay,ATM,697000000
715,351,110,5,16,2025-07-22,Tra no vay,POS,98000000
4171,280,103,3,11,2026-04-01,Chi tieu the,Internet Banking,3800000
4082,336,104,4,14,2025-07-13,Tra no vay,ATM,6000000
926,71,102,10,33,2026-02-10,Chi tieu the,Quay giao dich,2200000
5071,110,108,12,41,2025-11-08,Phi banca,Quay giao dich,1700000
5224,1,101,5,17,2025-12-18,Tra no vay,Mobile Banking,51000000
385,303,107,10,34,2025-08-15,Tra no vay,Quay giao dich,23000000
3137,183,106,5,18,2026-03-31,Gui tiet kiem,ATM,416000000
3679,75,110,12,42,2025-12-30,Gui tiet kiem,Mobile Banking,290000000
3437,312,105,8,28,2026-01-23,Tra no vay,POS,92000000
353,377,104,1,4,2025-11-04,Tra no vay,Internet Banking,76000000
5891,55,107,12,42,2026-02-09,Phi banca,Internet Banking,300000
2713,221,110,2,6,2026-04-13,Giai ngan vay,Mobile Banking,1356000000
1582,389,110,8,26,2026-07-17,Gui tiet kiem,ATM,460000000
5238,288,110,4,14,2025-08-31,Phi banca,ATM,1000000
2282,138,106,10,35,2025-09-09,Gui tiet kiem,Internet Banking,102000000
3672,220,108,2,7,2026-07-17,Giai ngan vay,POS,1747000000
4799,254,101,7,22,2025-11-10,Gui tiet kiem,Quay giao dich,403000000
5834,114,110,9,31,2026-04-07,Gui tiet kiem,Quay giao dich,108000000
770,118,107,5,17,2025-08-12,Phi banca,POS,800000
2958,368,101,4,13,2025-12-17,Phi banca,POS,1300000
3865,57,104,8,26,2025-09-01,Giai ngan vay,Mobile Banking,1576000000
2388,400,105,11,36,2026-03-10,Gui tiet kiem,ATM,232000000
2035,283,105,1,3,2025-08-25,Gui tiet kiem,Quay giao dich,102000000
3972,260,106,3,10,2025-10-28,Giai ngan vay,Quay giao dich,1075000000
1182,228,103,2,6,2026-06-10,Giai ngan vay,Internet Banking,1116000000
859,104,107,7,22,2025-10-05,Giai ngan vay,Quay giao dich,1455000000
2073,284,106,12,42,2025-09-26,Chi tieu the,Mobile Banking,2300000
5007,109,110,2,6,2026-07-16,Chi tieu the,ATM,4900000
4751,372,110,7,25,2026-06-06,Gui tiet kiem,POS,155000000
671,47,106,1,3,2025-10-23,Chi tieu the,POS,4800000
1805,190,105,9,31,2025-08-14,Phi banca,Quay giao dich,1800000
3555,268,109,5,15,2025-12-26,Rut tiet kiem,ATM,230000000
4561,219,102,6,19,2025-11-03,Gui tiet kiem,Internet Banking,494000000
4055,214,102,1,3,2025-10-26,Giai ngan vay,Internet Banking,1156000000
984,183,109,5,18,2026-03-04,Gui tiet kiem,Internet Banking,117000000
2238,395,107,7,22,2026-06-16,Tra no vay,POS,72000000
5614,89,109,5,16,2025-12-03,Tra no vay,Internet Banking,74000000
3855,83,108,8,27,2026-07-19,Chi tieu the,Internet Banking,1400000
953,55,110,12,42,2025-10-17,Chi tieu the,Internet Banking,4600000
1426,189,101,10,32,2026-03-22,Gui tiet kiem,POS,457000000
2121,321,101,4,14,2026-04-18,Rut tiet kiem,Mobile Banking,275000000
5188,315,106,7,22,2026-06-30,Phi banca,Quay giao dich,400000
161,335,105,9,30,2026-06-29,Chi tieu the,Internet Banking,5000000
2946,25,110,2,6,2026-07-15,Giai ngan vay,ATM,670000000
397,236,102,9,30,2025-08-29,Gui tiet kiem,Mobile Banking,250000000
2528,,104,9,29,2026-04-25,Tra no vay,ATM,27000000
1188,183,102,5,18,2025-07-07,Phi banca,Quay giao dich,800000
3867,217,108,5,16,2025-09-05,Tra no vay,Quay giao dich,67000000
3725,249,109,9,30,2025-11-16,Tra no vay,Quay giao dich,66000000
5902,392,107,5,16,2026-01-08,Chi tieu the,Quay giao dich,2700000
1662,251,103,5,18,2025-10-13,Tra no vay,POS,22000000
1509,103,107,11,36,2026-06-08,Chi tieu the,POS,3100000
1885,276,104,9,29,2025-09-06,Phi banca,Quay giao dich,300000
2261,389,108,8,26,2025-10-01,Gui tiet kiem,POS,86000000
2900,220,103,2,7,2026-07-22,Giai ngan vay,ATM,1338000000
2879,65,105,5,17,2026-05-31,Giai ngan vay,Mobile Banking,919000000
3633,272,101,2,8,2026-01-12,Chi tieu the,ATM,4300000
242,237,103,1,1,2026-02-02,Chi tieu the,Internet Banking,1000000
2191,201,107,2,8,2026-06-26,Giai ngan vay,ATM,362000000
5433,116,101,1,2,2025-09-06,Chi tieu the,POS,1600000
4286,149,101,1,2,2026-03-31,Tra no vay,Internet Banking,21000000
45,347,106,7,24,2026-02-04,Gui tiet kiem,Quay giao dich,440000000
4161,30,104,1,5,2025-11-06,Gui tiet kiem,POS,319000000
4088,40,102,8,27,2026-02-21,Phi banca,Quay giao dich,1900000
2166,291,103,10,35,2025-10-29,Phi banca,Mobile Banking,1900000
1406,47,103,1,3,2025-08-17,Phi banca,POS,900000
1386,126,107,4,14,2026-03-05,Chi tieu the,Internet Banking,1700000
5852,355,105,1,1,2025-07-14,Rut tiet kiem,Internet Banking,11000000
2722,223,106,7,22,2026-01-21,Tra no vay,ATM,78000000
2349,266,102,3,11,2026-02-18,Tra no vay,Mobile Banking,77000000
5990,296,110,7,25,2025-10-26,Rut tiet kiem,POS,142000000
5440,102,102,11,39,2025-11-27,Phi banca,Quay giao dich,400000
118,74,110,7,25,2025-10-02,Phi banca,POS,1100000
707,283,110,1,3,2026-01-23,Chi tieu the,ATM,3300000
695,217,101,5,16,2025-11-05,Gui tiet kiem,Internet Banking,489000000
2802,303,101,10,34,2026-07-19,Phi banca,Internet Banking,700000
3125,207,106,7,22,2025-07-06,Phi banca,Quay giao dich,1900000
5589,39,109,6,20,2025-07-14,Chi tieu the,POS,3600000
4035,378,105,12,42,2026-03-22,Phi banca,Internet Banking,600000
2423,391,106,11,38,2026-01-20,Rut tiet kiem,ATM,86000000
1126,231,105,2,8,2026-02-03,Tra no vay,POS,98000000
5391,87,107,1,5,2025-07-10,Chi tieu the,Mobile Banking,2300000
3515,208,101,7,25,2026-01-23,Rut tiet kiem,ATM,254000000
1026,159,106,10,34,2025-08-18,Giai ngan vay,Internet Banking,1292000000
893,346,109,7,24,2026-07-14,Phi banca,Quay giao dich,1600000
1770,31,101,3,11,2026-07-25,Gui tiet kiem,POS,60000000
4255,49,105,9,31,2025-12-09,Tra no vay,Mobile Banking,57000000
4947,354,106,2,8,2025-11-05,Rut tiet kiem,POS,299000000
5632,317,110,4,13,2025-08-25,Tra no vay,POS,32000000
4563,70,110,12,40,2026-03-26,Gui tiet kiem,Quay giao dich,293000000
1946,290,109,10,33,2026-02-28,Gui tiet kiem,Mobile Banking,89000000
2701,259,101,10,34,2025-10-09,Chi tieu the,Quay giao dich,3400000
3274,274,109,3,9,2025-07-04,Tra no vay,POS,9000000
1656,285,103,2,7,2026-06-15,Giai ngan vay,Quay giao dich,1793000000
4023,302,102,4,12,2025-11-07,Rut tiet kiem,Mobile Banking,4000000
3816,35,106,6,21,2026-02-06,Chi tieu the,Internet Banking,700000
5153,77,105,8,28,2026-05-19,Giai ngan vay,Internet Banking,532000000
5985,98,110,5,17,2026-04-19,Giai ngan vay,POS,1913000000
1672,372,108,7,25,2026-07-13,Rut tiet kiem,ATM,202000000
2424,64,108,7,22,2026-05-12,Gui tiet kiem,ATM,166000000
3336,2,102,12,41,2026-02-27,Phi banca,Quay giao dich,600000
5769,382,109,11,37,2025-11-15,Chi tieu the,Internet Banking,1200000
552,3,101,11,37,2026-06-10,Tra no vay,Mobile Banking,51000000
5342,39,101,6,20,2025-12-26,Gui tiet kiem,Internet Banking,116000000
4005,330,108,11,36,2025-12-08,Chi tieu the,Internet Banking,500000
463,377,110,1,4,2025-11-09,Gui tiet kiem,Quay giao dich,290000000
3018,179,110,3,10,2026-06-13,Phi banca,Quay giao dich,200000
1546,330,103,11,36,2026-04-07,Tra no vay,ATM,25000000
5994,28,105,2,6,2026-06-25,Giai ngan vay,POS,1211000000
3124,305,101,12,40,2025-09-25,Tra no vay,Mobile Banking,39000000
3145,235,107,10,32,2025-08-07,Gui tiet kiem,Internet Banking,153000000
1318,107,108,9,29,2025-09-20,Giai ngan vay,Quay giao dich,165000000
2020,227,109,2,8,2026-03-03,Giai ngan vay,Mobile Banking,1639000000
2397,302,107,4,12,2026-01-18,Phi banca,Mobile Banking,1800000
92,280,105,3,11,2026-05-21,Giai ngan vay,Mobile Banking,1994000000
973,73,102,9,30,2025-10-14,Chi tieu the,POS,300000
2303,271,103,2,8,2026-02-22,Phi banca,ATM,400000
1479,126,105,4,14,2026-04-01,Giai ngan vay,ATM,162000000
899,103,108,11,36,2026-03-03,Giai ngan vay,Internet Banking,1255000000
1247,33,104,9,30,2025-10-03,Giai ngan vay,Mobile Banking,101000000
4459,270,105,6,19,2026-07-13,Giai ngan vay,ATM,1434000000
3334,69,109,8,28,2026-06-16,Rut tiet kiem,Internet Banking,139000000
1283,47,102,1,3,2025-07-02,Phi banca,ATM,1300000
3951,310,104,10,32,2026-04-20,Gui tiet kiem,Internet Banking,222000000
3267,209,110,4,14,2026-04-20,Gui tiet kiem,ATM,379000000
4848,272,103,2,8,2026-07-26,Gui tiet kiem,Mobile Banking,417000000
357,83,108,8,27,2026-04-19,Gui tiet kiem,POS,237000000
532,391,103,11,38,2026-03-16,Tra no vay,ATM,94000000
2365,271,107,2,8,2025-11-23,Gui tiet kiem,POS,71000000
4093,67,105,4,14,2026-04-16,Phi banca,ATM,500000
766,2,103,12,41,2026-06-01,Giai ngan vay,Mobile Banking,964000000
4669,20,101,10,35,2025-11-27,Giai ngan vay,ATM,565000000
3019,197,108,6,21,2026-04-20,Chi tieu the,Internet Banking,4500000
4362,35,104,6,21,2026-03-23,Giai ngan vay,Quay giao dich,432000000
411,62,103,12,41,2026-01-19,Phi banca,ATM,1200000
5710,249,108,9,30,2026-07-13,Phi banca,Quay giao dich,1400000
1574,183,101,5,18,2026-02-06,Chi tieu the,POS,3200000
1473,16,106,11,39,2026-01-16,Gui tiet kiem,ATM,418000000
2502,161,106,2,7,2025-10-12,Chi tieu the,POS,4400000
44,234,105,5,15,2025-11-13,Gui tiet kiem,ATM,56000000
1591,282,107,2,7,2026-04-20,Giai ngan vay,ATM,1941000000
4905,262,104,3,10,2025-07-10,Phi banca,POS,1600000
4383,217,105,5,16,2025-09-12,Gui tiet kiem,POS,81000000
5570,106,106,9,30,2026-01-28,Rut tiet kiem,Mobile Banking,231000000
475,42,108,2,7,2026-06-28,Tra no vay,ATM,85000000
4075,58,107,2,6,2026-02-25,Tra no vay,POS,1000000
5674,107,103,9,29,2025-07-04,Gui tiet kiem,Internet Banking,375000000
2848,215,110,3,9,,Tra no vay,POS,72000000
1779,392,108,5,16,2026-06-15,Phi banca,POS,1300000
5001,60,105,10,34,2026-06-29,Phi banca,ATM,1400000
3275,92,110,8,27,2025-10-21,Phi banca,Internet Banking,2000000
4907,319,107,9,31,2026-03-29,Chi tieu the,ATM,1700000
2481,383,102,6,19,2025-10-17,Phi banca,Internet Banking,300000
2449,359,101,6,20,2026-01-20,Giai ngan vay,ATM,107000000
5294,265,110,10,35,2026-05-10,Phi banca,Quay giao dich,1600000
5703,184,110,2,8,2026-07-12,Rut tiet kiem,Internet Banking,9000000
1285,148,110,1,2,2025-08-01,Rut tiet kiem,ATM,4000000
1917,79,108,10,32,2026-04-01,Gui tiet kiem,Quay giao dich,479000000
4091,337,109,7,24,2025-08-31,Gui tiet kiem,POS,472000000
5730,148,107,1,2,2025-09-28,Gui tiet kiem,Quay giao dich,202000000
2652,303,103,10,34,2026-01-24,Chi tieu the,ATM,2600000
3929,368,103,4,13,2026-02-12,Tra no vay,ATM,27000000
4895,302,108,4,12,2026-03-03,Gui tiet kiem,Internet Banking,396000000
5796,193,102,11,39,2025-10-22,Gui tiet kiem,Quay giao dich,152000000
2188,122,101,1,3,2026-01-04,Phi banca,ATM,500000
5741,287,110,12,42,2025-10-26,Giai ngan vay,Quay giao dich,1024000000
4593,366,102,10,35,2026-01-22,Rut tiet kiem,POS,245000000
324,264,108,12,40,2026-03-02,Tra no vay,ATM,29000000
955,40,104,8,27,2026-04-16,Chi tieu the,POS,3500000
3810,133,108,9,30,2026-06-16,Phi banca,Quay giao dich,1900000
1938,118,110,5,17,2026-07-04,Phi banca,ATM,900000
5749,50,101,4,12,2026-03-29,Chi tieu the,Internet Banking,4400000
5572,300,110,1,2,2025-07-17,Giai ngan vay,ATM,1549000000
3526,369,101,10,33,2026-07-18,Rut tiet kiem,ATM,79000000
2315,85,106,12,42,2025-11-28,Giai ngan vay,POS,825000000
2967,316,101,10,35,2025-10-18,Gui tiet kiem,POS,111000000
1207,187,104,11,37,2025-12-11,Giai ngan vay,POS,708000000
3993,204,107,2,7,2026-05-13,Rut tiet kiem,ATM,105000000
3221,310,101,10,32,2025-12-16,Chi tieu the,Quay giao dich,100000
4281,284,105,12,42,2026-01-15,Gui tiet kiem,Quay giao dich,245000000
3294,231,109,2,8,2026-07-23,Phi banca,Mobile Banking,300000
1481,256,105,2,6,2026-07-14,Tra no vay,Internet Banking,-42000000
4326,187,107,11,37,2025-12-20,Tra no vay,POS,79000000
4782,,103,4,13,2025-07-07,Phi banca,Internet Banking,1200000
274,328,104,10,33,2025-12-12,Rut tiet kiem,Mobile Banking,142000000
3713,287,109,12,42,2026-05-11,Chi tieu the,Mobile Banking,3400000
3299,301,110,12,40,2025-12-22,Chi tieu the,Mobile Banking,1500000
3349,393,101,2,6,2026-03-29,Giai ngan vay,Internet Banking,1705000000
937,95,107,10,35,2026-03-30,Phi banca,Quay giao dich,100000
1023,227,108,2,8,2026-06-21,Phi banca,Internet Banking,1200000
5485,74,110,7,25,2025-07-08,Chi tieu the,Quay giao dich,2100000
1925,148,106,1,2,,Giai ngan vay,Mobile Banking,514000000
270,260,101,3,10,2026-03-05,Rut tiet kiem,POS,175000000
189,141,110,12,40,2026-04-10,Gui tiet kiem,Mobile Banking,276000000
5074,121,103,11,36,2026-05-15,Gui tiet kiem,Internet Banking,90000000
5214,114,110,9,31,2026-05-25,Phi banca,Quay giao dich,1100000
5783,50,106,4,12,2025-11-21,Giai ngan vay,Mobile Banking,761000000
5803,23,101,5,16,2026-01-21,Phi banca,POS,100000
3339,332,105,7,24,2026-01-28,Phi banca,Quay giao dich,1900000
3654,203,108,6,19,2025-11-21,Giai ngan vay,ATM,1818000000
5957,177,109,5,17,2025-09-01,Rut tiet kiem,ATM,223000000
2524,182,110,8,27,2026-03-13,Tra no vay,Internet Banking,91000000
725,17,103,4,13,2026-06-07,Tra no vay,Mobile Banking,54000000
1265,110,105,12,41,2025-08-03,Chi tieu the,Internet Banking,3100000
5354,295,104,5,18,2025-08-08,Gui tiet kiem,POS,488000000
448,5,107,10,32,2025-11-08,Gui tiet kiem,Internet Banking,484000000
1222,256,103,2,6,2026-04-01,Giai ngan vay,Mobile Banking,1278000000
5493,146,106,9,29,2025-09-23,Giai ngan vay,Internet Banking,1483000000
3691,212,110,8,26,2026-01-01,Giai ngan vay,Internet Banking,804000000
1503,83,108,8,27,2025-10-21,Rut tiet kiem,ATM,121000000
2075,230,102,3,9,2025-07-29,Gui tiet kiem,Internet Banking,275000000
1002,323,102,1,5,2025-08-18,Rut tiet kiem,POS,251000000
4536,260,108,3,10,2026-02-05,Gui tiet kiem,Mobile Banking,313000000
4784,262,108,3,10,2026-06-10,Gui tiet kiem,Internet Banking,373000000
4441,134,110,5,17,2026-06-23,Rut tiet kiem,POS,208000000
812,333,108,2,7,2026-01-28,Giai ngan vay,ATM,922000000
5869,266,106,3,11,2026-04-16,Giai ngan vay,Internet Banking,634000000
432,40,105,8,27,2026-03-16,Tra no vay,Internet Banking,26000000
68,364,103,5,15,2026-03-15,Phi banca,POS,1200000
1310,334,107,7,24,2025-08-10,Tra no vay,Internet Banking,81000000
5626,53,107,12,42,2025-08-27,Phi banca,Internet Banking,200000
2196,281,103,5,16,2025-08-26,Gui tiet kiem,Mobile Banking,177000000
1590,282,103,2,7,2026-01-24,Giai ngan vay,POS,939000000
1050,358,109,6,19,2025-10-10,Rut tiet kiem,POS,171000000
4520,330,103,11,36,2025-11-11,Phi banca,Internet Banking,2000000
1151,213,104,7,23,2025-10-16,Chi tieu the,Quay giao dich,800000
4690,187,103,11,37,2026-01-11,Rut tiet kiem,Internet Banking,296000000
4533,393,102,2,6,,Tra no vay,Mobile Banking,88000000
4118,154,104,10,34,2026-07-16,Chi tieu the,ATM,2000000
223,139,101,1,1,2026-02-24,Gui tiet kiem,Quay giao dich,203000000
2012,238,103,4,13,2026-05-27,Rut tiet kiem,ATM,152000000
4549,313,104,5,18,2025-08-07,Tra no vay,Mobile Banking,64000000
557,108,101,10,33,2025-10-09,Gui tiet kiem,ATM,450000000
2260,282,106,2,7,2025-08-25,Rut tiet kiem,POS,116000000
5340,292,103,7,22,2025-07-16,Chi tieu the,Internet Banking,2700000
3587,78,105,6,19,2025-07-24,Gui tiet kiem,Mobile Banking,480000000
3235,291,106,10,35,2025-09-23,Giai ngan vay,Mobile Banking,1609000000
5862,36,108,3,11,2025-08-05,Giai ngan vay,Mobile Banking,-763000000
4369,45,108,7,24,2026-07-25,Tra no vay,POS,75000000
3263,33,101,9,30,2026-01-16,Tra no vay,Quay giao dich,60000000
4364,57,106,8,26,2025-08-31,Tra no vay,Quay giao dich,47000000
5821,23,105,5,16,2026-05-10,Rut tiet kiem,ATM,297000000
4850,330,105,11,36,2025-10-25,Phi banca,Mobile Banking,1700000
5475,198,105,4,14,2025-10-16,Giai ngan vay,POS,1391000000
5098,194,110,6,20,2026-02-14,Chi tieu the,ATM,2500000
1387,37,105,12,40,2025-09-02,Chi tieu the,ATM,1700000
3565,394,101,6,19,2025-11-07,Phi banca,Internet Banking,300000
4320,250,107,9,30,2025-11-15,Chi tieu the,Mobile Banking,4000000
3234,233,102,3,10,2025-09-28,Chi tieu the,ATM,3900000
2062,58,104,2,6,2026-02-04,Phi banca,Internet Banking,1000000
3809,43,108,6,21,2025-11-04,Rut tiet kiem,Internet Banking,198000000
4550,210,109,10,35,2025-11-11,Gui tiet kiem,POS,470000000
196,41,108,1,1,2026-05-24,Giai ngan vay,Quay giao dich,1733000000
2154,376,110,12,41,2026-04-01,Giai ngan vay,ATM,926000000
2770,26,107,2,6,2026-04-04,Rut tiet kiem,ATM,156000000
1438,30,107,1,5,2026-01-24,Rut tiet kiem,ATM,243000000
2595,247,104,8,26,2026-06-17,Chi tieu the,Internet Banking,3700000
1424,52,103,11,36,2026-07-17,Giai ngan vay,POS,1093000000
2865,241,104,10,32,2026-02-05,Gui tiet kiem,ATM,-249000000
1311,81,110,1,1,2026-02-13,Gui tiet kiem,Internet Banking,484000000
4262,383,106,6,19,2026-01-09,Phi banca,Mobile Banking,500000
923,19,108,4,12,2026-03-17,Phi banca,Mobile Banking,100000
5586,143,110,6,19,2025-12-15,Rut tiet kiem,Internet Banking,214000000
4423,282,102,2,7,2025-07-12,Gui tiet kiem,Quay giao dich,385000000
3408,166,104,10,32,2026-06-18,Rut tiet kiem,ATM,43000000
2412,9,103,9,29,2026-01-08,Chi tieu the,ATM,2500000
1617,266,103,3,11,2025-07-08,Gui tiet kiem,Internet Banking,197000000
526,259,103,10,34,2026-03-06,Rut tiet kiem,ATM,263000000
230,169,108,11,39,2026-04-04,Rut tiet kiem,Mobile Banking,71000000
1169,319,105,9,31,2026-04-06,Gui tiet kiem,ATM,386000000
350,172,103,12,40,2025-07-17,Gui tiet kiem,POS,148000000
2368,209,103,4,14,2025-10-05,Tra no vay,Internet Banking,95000000
4020,379,102,4,12,2026-02-01,Rut tiet kiem,Mobile Banking,201000000
2082,90,108,11,36,2026-04-05,Rut tiet kiem,ATM,147000000
5541,54,103,8,28,2026-02-27,Giai ngan vay,Mobile Banking,272000000
845,168,110,5,16,2026-01-13,Chi tieu the,Mobile Banking,3700000
2563,218,104,11,38,2025-10-14,Rut tiet kiem,POS,70000000
882,26,105,2,6,2025-09-09,Giai ngan vay,Internet Banking,1412000000
5819,121,102,11,36,2026-03-26,Tra no vay,ATM,40000000
3321,162,105,7,22,2026-05-14,Giai ngan vay,POS,1146000000
3081,177,103,5,17,2025-10-06,Tra no vay,Internet Banking,100000000
2492,357,109,6,19,2025-11-19,Chi tieu the,Quay giao dich,5000000
4437,112,103,7,24,2025-12-26,Tra no vay,Mobile Banking,92000000
1099,337,106,7,24,2025-09-11,Tra no vay,Mobile Banking,43000000
5450,242,107,9,31,2026-06-07,Rut tiet kiem,POS,60000000
4295,178,101,9,29,2026-02-03,Tra no vay,ATM,44000000
667,17,103,4,13,2026-03-12,Giai ngan vay,Quay giao dich,1841000000
1562,55,106,12,42,2026-01-29,Chi tieu the,Quay giao dich,1600000
4310,354,104,2,8,2026-04-17,Phi banca,Quay giao dich,100000
503,134,106,5,17,2026-06-12,Rut tiet kiem,Mobile Banking,258000000
354,3,107,11,37,2025-07-23,Tra no vay,Quay giao dich,55000000
4115,2,101,12,41,2026-02-23,Gui tiet kiem,Internet Banking,138000000
5975,196,105,10,35,2026-05-13,Tra no vay,POS,64000000
78,239,103,11,38,2025-07-21,Giai ngan vay,Mobile Banking,1634000000
147,94,109,4,12,2025-11-21,Rut tiet kiem,ATM,296000000
207,205,110,1,3,2025-10-20,Phi banca,Quay giao dich,1900000
2669,332,109,7,24,2026-01-05,Rut tiet kiem,ATM,255000000
2861,5,108,10,32,2026-05-03,Chi tieu the,ATM,300000
4744,173,105,12,40,2025-08-24,Rut tiet kiem,POS,256000000
322,53,101,12,42,2025-08-07,Chi tieu the,Quay giao dich,200000
1791,231,103,2,8,2025-11-07,Rut tiet kiem,ATM,46000000
5331,245,102,3,10,2025-12-24,Phi banca,Mobile Banking,2000000
2208,24,102,11,38,2026-05-19,Rut tiet kiem,ATM,182000000
1892,351,105,5,16,2026-05-06,Phi banca,Mobile Banking,1000000
1512,211,101,9,31,2025-10-13,Tra no vay,ATM,88000000
1659,264,103,12,40,2026-01-05,Rut tiet kiem,Internet Banking,36000000
5576,132,102,3,9,2026-04-09,Giai ngan vay,ATM,1952000000
1929,114,109,9,31,2026-06-13,Phi banca,POS,1400000
5686,212,105,8,26,2025-12-20,Gui tiet kiem,Quay giao dich,196000000
1131,128,105,12,41,2026-05-07,Tra no vay,POS,82000000
1403,293,106,1,4,2026-01-01,Gui tiet kiem,ATM,256000000
474,146,102,9,29,2026-01-18,Chi tieu the,Internet Banking,1000000
3721,224,107,3,9,,Rut tiet kiem,Mobile Banking,143000000
1350,13,101,8,28,2025-07-16,Gui tiet kiem,Internet Banking,111000000
1101,359,105,6,20,2026-04-17,Chi tieu the,Internet Banking,1900000
3462,,107,4,14,2026-06-20,Gui tiet kiem,Internet Banking,128000000
3757,311,104,4,13,2025-10-06,Tra no vay,Internet Banking,32000000
4426,340,109,10,34,2025-07-05,Phi banca,Quay giao dich,600000
579,113,101,5,18,2026-05-24,Phi banca,Mobile Banking,1600000
4029,335,101,9,30,2025-11-01,Giai ngan vay,Internet Banking,1356000000
2631,148,103,1,2,2026-04-08,Rut tiet kiem,Quay giao dich,262000000
674,378,101,12,42,2025-12-07,Chi tieu the,Quay giao dich,2800000
3157,191,102,11,37,2026-05-25,Giai ngan vay,Internet Banking,468000000
4531,119,104,6,21,2025-08-15,Tra no vay,Internet Banking,36000000
1752,95,107,10,35,2026-05-17,Giai ngan vay,ATM,1312000000
4378,278,110,10,32,2026-05-08,Giai ngan vay,Quay giao dich,135000000
915,287,103,12,42,2025-08-04,Tra no vay,ATM,10000000
4823,367,107,11,38,2025-11-07,Gui tiet kiem,Quay giao dich,175000000
2826,311,108,4,13,2025-09-11,Tra no vay,POS,15000000
2221,165,101,7,25,,Tra no vay,Quay giao dich,19000000
5048,233,107,3,10,2025-07-07,Chi tieu the,Mobile Banking,3100000
5437,250,103,9,30,2025-12-05,Tra no vay,ATM,58000000
2964,178,107,9,29,2026-06-22,Chi tieu the,POS,2500000
4251,80,109,7,25,2026-02-13,Tra no vay,Internet Banking,65000000
4185,213,109,7,23,2026-04-25,Gui tiet kiem,Internet Banking,294000000
3849,57,102,8,26,2025-07-14,Tra no vay,POS,14000000
781,40,108,8,27,2026-03-02,Phi banca,Internet Banking,200000
731,93,104,10,32,2026-04-29,Rut tiet kiem,Mobile Banking,68000000
3703,187,107,11,37,2025-10-04,Tra no vay,Quay giao dich,48000000
5953,162,109,7,22,2026-07-02,Phi banca,POS,1500000
1945,385,107,6,20,2026-05-14,Tra no vay,ATM,59000000
3105,295,104,5,18,2026-07-22,Chi tieu the,ATM,700000
71,137,103,11,37,2025-11-24,Rut tiet kiem,Internet Banking,32000000
400,40,101,8,27,2026-03-05,Gui tiet kiem,ATM,105000000
2997,2,108,12,41,2026-04-14,Gui tiet kiem,POS,430000000
2004,157,109,8,26,2026-03-23,Chi tieu the,ATM,100000
1111,41,101,1,1,2026-02-14,Chi tieu the,POS,1200000
5675,261,102,2,8,2025-07-29,Chi tieu the,Mobile Banking,2900000
1833,160,109,5,17,2025-08-12,Phi banca,Mobile Banking,200000
5860,286,104,5,17,2026-01-27,Giai ngan vay,Mobile Banking,1344000000
3922,230,104,3,9,2026-07-07,Tra no vay,Quay giao dich,94000000
1817,365,110,8,26,2026-01-23,Tra no vay,Mobile Banking,19000000
5020,389,105,8,26,2025-12-26,Gui tiet kiem,Internet Banking,440000000
868,245,105,3,10,2026-06-18,Rut tiet kiem,Mobile Banking,36000000
4857,146,109,9,29,2026-04-30,Gui tiet kiem,Quay giao dich,180000000
2858,55,103,12,42,2026-06-27,Tra no vay,Mobile Banking,90000000
56,162,102,7,22,2026-03-12,Gui tiet kiem,Quay giao dich,211000000
21,134,105,5,17,2025-10-05,Chi tieu the,Mobile Banking,3900000
5345,11,110,3,11,2025-12-27,Giai ngan vay,Quay giao dich,1957000000
4528,56,103,5,16,2026-02-11,Chi tieu the,ATM,5000000
1250,74,102,7,25,2026-06-16,Gui tiet kiem,Mobile Banking,200000000
2069,161,101,2,7,,Rut tiet kiem,Quay giao dich,171000000
2926,9,106,9,29,2026-06-30,Giai ngan vay,Mobile Banking,1279000000
5248,235,107,10,32,2025-11-02,Phi banca,Quay giao dich,1800000
3875,170,110,1,1,2025-10-07,Gui tiet kiem,POS,397000000
492,14,104,6,19,2026-03-04,Phi banca,Mobile Banking,700000
4943,74,104,7,25,2026-06-27,Tra no vay,Quay giao dich,3000000
1687,22,102,10,32,2026-05-13,Tra no vay,Quay giao dich,96000000
5543,176,103,2,6,2025-12-15,Tra no vay,Quay giao dich,69000000
5050,46,107,11,39,2026-03-04,Gui tiet kiem,POS,93000000
5709,135,109,11,39,2025-10-13,Chi tieu the,ATM,3500000
2704,331,104,10,35,2026-03-05,Tra no vay,Quay giao dich,67000000
4448,357,101,6,19,2025-12-19,Giai ngan vay,Internet Banking,1512000000
3168,206,108,1,3,2025-10-30,Chi tieu the,POS,700000
5536,225,109,3,9,2026-07-15,Giai ngan vay,Internet Banking,997000000
4092,358,107,6,19,2026-03-13,Tra no vay,ATM,10000000
4678,63,110,11,39,2026-02-20,Tra no vay,ATM,40000000
4238,56,104,5,16,2025-07-07,Giai ngan vay,Internet Banking,1355000000
2199,42,109,2,7,2025-09-14,Rut tiet kiem,ATM,220000000
1563,,108,2,6,2026-05-23,Giai ngan vay,ATM,1735000000
1228,270,110,6,19,2026-04-21,Chi tieu the,POS,1900000
4253,305,103,12,40,2025-11-14,Tra no vay,POS,42000000
1286,74,109,7,25,2026-04-21,Phi banca,Mobile Banking,800000
4828,397,105,1,5,2025-08-23,Chi tieu the,Mobile Banking,3600000
2604,70,102,12,40,2026-04-25,Gui tiet kiem,Internet Banking,74000000
3682,153,109,10,33,2025-11-25,Rut tiet kiem,ATM,265000000
4532,43,105,6,21,2025-11-07,Gui tiet kiem,ATM,464000000
4685,287,109,12,42,2026-03-11,Gui tiet kiem,POS,334000000
5874,318,109,3,11,2026-02-10,Phi banca,Quay giao dich,1100000
5649,363,106,10,33,2026-01-06,Rut tiet kiem,Internet Banking,247000000
3966,378,108,12,42,2025-07-23,Gui tiet kiem,ATM,17000000
361,57,107,8,26,2026-01-04,Chi tieu the,ATM,4200000
5403,360,101,12,40,2026-05-18,Phi banca,Internet Banking,1900000
5997,352,106,10,35,2025-11-07,Tra no vay,POS,5000000
1432,316,106,10,35,2026-02-26,Chi tieu the,Internet Banking,2200000
5461,72,110,12,41,2025-11-28,Chi tieu the,Mobile Banking,600000
3481,235,101,10,32,2025-07-29,Chi tieu the,ATM,2200000
2830,235,102,10,32,2025-10-09,Chi tieu the,POS,1100000
250,122,104,1,3,2026-04-28,Tra no vay,ATM,77000000
3214,296,104,7,25,2025-09-02,Chi tieu the,ATM,2800000
3888,399,101,12,40,2025-10-27,Rut tiet kiem,Mobile Banking,238000000
3040,101,101,3,10,2026-03-18,Tra no vay,ATM,62000000
519,375,101,7,24,2026-01-07,Phi banca,Internet Banking,400000
817,59,104,7,24,2026-02-26,Giai ngan vay,Quay giao dich,895000000
5921,145,110,1,3,2026-01-08,Tra no vay,ATM,81000000
3365,266,110,3,11,2026-02-18,Chi tieu the,POS,2200000
5963,212,108,8,26,2026-06-09,Phi banca,Mobile Banking,2000000
5552,136,102,5,15,2025-08-22,Gui tiet kiem,Quay giao dich,411000000
2821,7,108,4,14,2026-07-19,Chi tieu the,POS,2800000
5503,161,104,2,7,2026-03-20,Phi banca,POS,100000
4203,172,104,12,40,2026-05-29,Phi banca,Quay giao dich,300000
1427,19,109,4,12,2026-07-09,Chi tieu the,POS,2200000
5426,186,107,9,29,2025-09-30,Giai ngan vay,ATM,748000000
82,59,106,7,24,2026-02-14,Phi banca,Mobile Banking,1300000
4671,283,110,1,3,2026-05-06,Giai ngan vay,Mobile Banking,325000000
497,10,107,1,3,2026-04-22,Chi tieu the,Internet Banking,2700000
4070,145,110,1,3,2026-05-25,Rut tiet kiem,Quay giao dich,105000000
4929,358,108,6,19,2025-07-29,Giai ngan vay,POS,1791000000
749,189,106,10,32,2025-08-12,Giai ngan vay,POS,886000000
159,196,110,10,35,2025-11-24,Phi banca,ATM,1100000
3191,52,105,11,36,2026-06-04,Tra no vay,POS,3000000
1760,298,105,8,28,2025-09-30,Giai ngan vay,Quay giao dich,818000000
5817,338,108,5,15,2026-05-19,Giai ngan vay,Internet Banking,1069000000
5549,83,102,8,27,2026-07-12,Giai ngan vay,POS,1666000000
1496,334,104,7,24,2026-07-03,Phi banca,Quay giao dich,1500000
2059,183,104,5,18,2025-07-09,Tra no vay,Internet Banking,34000000
2981,384,102,8,26,2026-05-12,Tra no vay,POS,29000000
2579,42,103,2,7,2026-05-25,Phi banca,ATM,1800000
2175,30,109,1,5,2025-09-09,Phi banca,Internet Banking,1800000
2110,31,101,3,11,2026-05-17,Chi tieu the,Internet Banking,4100000
1651,380,105,9,29,2026-04-04,Phi banca,Internet Banking,2000000
5316,358,106,6,19,2025-07-18,Tra no vay,Internet Banking,79000000
239,312,107,8,28,2026-07-04,Tra no vay,Internet Banking,69000000
1328,130,104,6,19,2026-03-19,Giai ngan vay,Quay giao dich,1748000000
1716,35,110,6,21,2026-07-23,Chi tieu the,Internet Banking,4600000
1607,68,108,1,5,2026-03-11,Chi tieu the,POS,-1400000
3239,163,106,5,16,2026-05-01,Phi banca,Quay giao dich,1600000
3398,309,106,6,19,2025-12-28,Tra no vay,POS,2000000
2326,187,107,11,37,2026-07-21,Gui tiet kiem,ATM,177000000
785,248,101,4,12,2025-07-25,Gui tiet kiem,Internet Banking,488000000
5691,93,106,10,32,2025-09-28,Rut tiet kiem,Quay giao dich,115000000
499,241,106,10,32,2026-02-10,Chi tieu the,Mobile Banking,4600000
3150,20,105,10,35,2026-01-17,Tra no vay,Quay giao dich,67000000
409,352,108,10,35,2025-10-24,Tra no vay,POS,9000000
5734,311,107,4,13,2026-04-04,Giai ngan vay,POS,1729000000
2515,324,101,3,9,2026-06-14,Tra no vay,Internet Banking,17000000
2316,287,110,12,42,2025-07-22,Phi banca,Internet Banking,900000
1444,43,101,6,21,2026-05-11,Rut tiet kiem,Quay giao dich,88000000
1908,147,101,5,18,2026-06-07,Phi banca,Internet Banking,1400000
3314,206,102,1,3,2026-02-20,Gui tiet kiem,POS,226000000
1080,17,110,4,13,2025-08-10,Chi tieu the,ATM,3400000
743,86,110,4,13,2025-11-18,Giai ngan vay,Mobile Banking,174000000
2198,330,102,11,36,2025-09-02,Phi banca,Quay giao dich,1800000
1926,260,106,3,10,2025-07-18,Tra no vay,ATM,59000000
4349,81,106,1,1,2026-01-10,Gui tiet kiem,Quay giao dich,155000000
3718,334,106,7,24,2026-03-23,Phi banca,Quay giao dich,900000
64,261,103,2,8,2026-06-20,Rut tiet kiem,POS,66000000
5947,248,107,4,12,2025-12-14,Gui tiet kiem,Mobile Banking,301000000
1831,212,110,8,26,2026-04-11,Rut tiet kiem,POS,212000000
3472,155,109,6,20,2025-11-22,Phi banca,Quay giao dich,800000
5978,70,108,12,40,2026-01-03,Tra no vay,Quay giao dich,79000000
5871,199,103,8,27,2025-08-20,Gui tiet kiem,POS,206000000
1194,374,108,9,30,2025-11-07,Phi banca,Internet Banking,200000
4021,,102,12,40,2025-07-24,Phi banca,Quay giao dich,700000
3506,281,101,5,16,2025-11-15,Rut tiet kiem,ATM,52000000
4855,297,110,3,11,2025-11-04,Tra no vay,Quay giao dich,16000000
2168,154,109,10,34,2025-08-12,Tra no vay,POS,32000000
202,372,106,7,25,2026-05-08,Chi tieu the,Mobile Banking,3600000
4770,32,110,1,1,2025-09-14,Giai ngan vay,Mobile Banking,786000000
4421,259,110,10,34,2026-01-11,Giai ngan vay,Internet Banking,1982000000
1472,33,103,9,30,2025-09-13,Rut tiet kiem,Internet Banking,274000000
4054,10,104,1,3,2026-06-14,Giai ngan vay,POS,924000000
2359,292,108,7,22,2026-01-24,Rut tiet kiem,Quay giao dich,193000000
4159,17,110,4,13,2025-11-01,Tra no vay,ATM,59000000
5406,170,104,1,1,2025-10-02,Phi banca,POS,700000
3780,218,108,11,38,2026-07-18,Phi banca,Internet Banking,1200000
4553,349,109,10,33,2025-10-22,Rut tiet kiem,Mobile Banking,164000000
5754,337,110,7,24,2026-07-17,Giai ngan vay,Internet Banking,450000000
3072,297,101,3,11,2026-05-08,Giai ngan vay,POS,1132000000
4396,314,104,3,11,2025-09-30,Phi banca,Internet Banking,1400000
966,210,108,10,35,2026-07-15,Giai ngan vay,ATM,1483000000
4112,140,108,9,29,2026-05-25,Rut tiet kiem,POS,129000000
3622,186,109,9,29,2026-05-17,Chi tieu the,Internet Banking,4000000
524,110,108,12,41,2025-08-09,Phi banca,Internet Banking,1300000
733,359,104,6,20,2025-10-22,Tra no vay,Internet Banking,55000000
5081,47,109,1,3,2025-08-13,Rut tiet kiem,Internet Banking,199000000
3681,65,101,5,17,2025-12-02,Gui tiet kiem,POS,405000000
5865,64,107,7,22,2025-08-12,Gui tiet kiem,Mobile Banking,334000000
17,243,103,11,38,2026-05-28,Chi tieu the,Mobile Banking,3900000
181,200,105,4,14,2025-12-13,Phi banca,Mobile Banking,400000
2812,254,109,7,22,2026-05-10,Rut tiet kiem,Quay giao dich,159000000
5760,70,102,12,40,2025-09-24,Tra no vay,Internet Banking,76000000
5130,174,105,10,35,2025-10-01,Phi banca,Internet Banking,1400000
2084,168,104,5,16,2026-03-05,Gui tiet kiem,POS,56000000
495,171,101,2,6,2025-08-22,Tra no vay,ATM,75000000
3615,134,104,5,17,2026-05-03,Rut tiet kiem,Mobile Banking,6000000
300,385,105,6,20,2026-02-24,Gui tiet kiem,POS,272000000
706,139,110,1,1,2025-08-20,Rut tiet kiem,Quay giao dich,200000000
110,279,110,8,26,2025-09-28,Phi banca,ATM,1700000
5798,253,106,7,22,2026-03-29,Tra no vay,Quay giao dich,91000000
1366,206,109,1,3,2025-11-02,Gui tiet kiem,Mobile Banking,17000000
2381,316,107,10,35,2026-01-26,Chi tieu the,Quay giao dich,1000000
4578,393,106,2,6,2026-04-27,Gui tiet kiem,POS,149000000
5838,370,107,11,37,2025-12-20,Chi tieu the,Quay giao dich,3900000
1696,381,103,9,31,2025-07-14,Tra no vay,Mobile Banking,16000000
1416,311,110,4,13,2026-07-03,Giai ngan vay,ATM,391000000
982,353,105,9,31,2026-05-11,Phi banca,ATM,1700000
2914,13,105,8,28,2025-09-15,Tra no vay,Quay giao dich,11000000
2712,78,109,6,19,2025-12-22,Rut tiet kiem,Mobile Banking,237000000
3053,,103,11,39,2026-05-05,Rut tiet kiem,Mobile Banking,189000000
5972,297,110,3,11,2026-04-28,Tra no vay,POS,90000000
3578,351,105,5,16,2025-07-23,Gui tiet kiem,Mobile Banking,464000000
3557,31,107,3,11,2026-04-30,Gui tiet kiem,Internet Banking,224000000
5010,87,106,1,5,2025-07-25,Giai ngan vay,POS,168000000
3570,250,105,9,30,2025-09-11,Giai ngan vay,POS,343000000
3998,235,104,10,32,2026-02-08,Chi tieu the,ATM,900000
3366,143,106,6,19,2026-03-20,Tra no vay,Internet Banking,31000000
2307,211,102,9,31,,Giai ngan vay,POS,941000000
3524,259,108,10,34,2025-11-15,Rut tiet kiem,POS,34000000
2584,46,101,11,39,2025-11-03,Tra no vay,Quay giao dich,17000000
5132,171,102,2,6,2025-11-03,Gui tiet kiem,Internet Banking,242000000
3007,237,108,1,1,2025-10-26,Chi tieu the,Internet Banking,500000
4540,175,107,6,19,2025-08-14,Rut tiet kiem,POS,221000000
4742,77,106,8,28,2026-02-27,Gui tiet kiem,Internet Banking,433000000
2542,316,103,10,35,2025-10-17,Giai ngan vay,Mobile Banking,672000000
2910,199,104,8,27,2026-01-17,Chi tieu the,ATM,3600000
5897,148,102,1,2,2025-10-28,Gui tiet kiem,Internet Banking,101000000
4177,193,108,11,39,2025-07-23,Phi banca,POS,1100000
3377,203,107,6,19,2025-08-09,Phi banca,Internet Banking,1100000
2560,95,109,10,35,2026-02-07,Phi banca,Internet Banking,1100000
2657,332,106,7,24,2026-02-06,Tra no vay,Quay giao dich,44000000
5638,294,108,7,24,2026-06-26,Chi tieu the,Mobile Banking,1800000
4567,80,101,7,25,2025-07-27,Phi banca,Internet Banking,1600000
4547,172,109,12,40,2026-03-18,Chi tieu the,Quay giao dich,3500000
2332,356,110,10,33,2026-03-15,Tra no vay,ATM,82000000
1260,397,110,1,5,2026-01-28,Rut tiet kiem,Quay giao dich,173000000
2612,72,106,12,41,2025-11-22,Phi banca,ATM,1900000
2925,144,108,5,16,2026-07-11,Tra no vay,POS,19000000
3642,211,105,9,31,2025-11-17,Gui tiet kiem,ATM,91000000
3021,384,106,8,26,2026-04-23,Phi banca,Mobile Banking,800000
1697,83,108,8,27,2025-10-27,Tra no vay,POS,77000000
3625,188,110,3,10,2025-10-16,Chi tieu the,Internet Banking,2000000
5445,327,105,7,25,2026-03-23,Giai ngan vay,POS,733000000
3685,392,109,5,16,2025-09-09,Giai ngan vay,ATM,1251000000
5833,307,107,12,40,2026-01-03,Phi banca,ATM,100000
2242,311,101,4,13,2026-01-25,Giai ngan vay,Quay giao dich,855000000
4174,300,101,1,2,2025-07-16,Gui tiet kiem,Internet Banking,500000000
4401,339,110,9,30,2025-11-24,Tra no vay,Internet Banking,28000000
4647,266,103,3,11,2025-10-13,Chi tieu the,Internet Banking,5000000
3335,296,110,7,25,2025-08-13,Chi tieu the,POS,3400000
4618,266,106,3,11,2026-05-15,Chi tieu the,ATM,200000
3200,144,108,5,16,2025-11-26,Tra no vay,POS,72000000
4603,63,107,11,39,2025-11-21,Giai ngan vay,Mobile Banking,670000000
964,199,107,8,27,2025-12-29,Tra no vay,Mobile Banking,92000000
4720,184,101,2,8,2025-12-16,Rut tiet kiem,Internet Banking,218000000
4508,334,110,7,24,2026-07-13,Chi tieu the,POS,2100000
4175,193,108,11,39,2026-04-02,Giai ngan vay,Internet Banking,1873000000
453,161,110,2,7,2025-08-12,Rut tiet kiem,Quay giao dich,265000000
755,97,102,4,14,2025-09-12,Tra no vay,Quay giao dich,83000000
3727,300,107,1,2,2026-06-17,Phi banca,Internet Banking,1200000
3743,282,110,2,7,2026-02-19,Giai ngan vay,Internet Banking,1735000000
634,152,104,12,42,2025-09-16,Rut tiet kiem,ATM,20000000
2482,311,108,4,13,2026-05-02,Chi tieu the,ATM,2200000
4302,28,104,2,6,2026-06-18,Giai ngan vay,Mobile Banking,1046000000
5231,250,105,9,30,2026-05-12,Giai ngan vay,Internet Banking,158000000
5574,59,103,7,24,2025-12-25,Phi banca,POS,1300000
5695,161,104,2,7,2026-05-20,Giai ngan vay,Mobile Banking,1218000000
3435,373,102,2,8,2025-08-17,Giai ngan vay,Quay giao dich,1784000000
142,212,106,8,26,2026-03-22,Gui tiet kiem,POS,363000000
4455,308,103,10,32,2025-09-18,Phi banca,Mobile Banking,1800000
1940,189,102,10,32,2026-02-05,Gui tiet kiem,Internet Banking,44000000
3289,142,106,5,15,2026-02-22,Giai ngan vay,Internet Banking,1790000000
2847,87,110,1,5,2026-02-22,Giai ngan vay,Internet Banking,1575000000
768,181,106,11,38,2026-03-11,Tra no vay,ATM,82000000
2791,227,105,2,8,2026-01-14,Rut tiet kiem,Quay giao dich,45000000
4436,62,103,12,41,2025-11-26,Giai ngan vay,Mobile Banking,1074000000
5265,310,103,10,32,2026-02-10,Giai ngan vay,Quay giao dich,1224000000
4820,343,106,3,10,2026-01-15,Giai ngan vay,Mobile Banking,1529000000
4178,23,103,5,16,2026-03-15,Gui tiet kiem,Quay giao dich,413000000
2917,143,101,6,19,2026-01-26,Tra no vay,Internet Banking,31000000
2063,130,103,6,19,2026-05-04,Gui tiet kiem,POS,206000000
1413,312,106,8,28,2026-04-20,Tra no vay,Internet Banking,91000000
5532,134,109,5,17,2026-05-05,Rut tiet kiem,Internet Banking,158000000
2273,68,101,1,5,2026-04-02,Giai ngan vay,Quay giao dich,1371000000
4766,368,101,4,13,2026-07-12,Phi banca,ATM,1100000
788,301,101,12,40,2025-11-26,Rut tiet kiem,Mobile Banking,238000000
4544,78,107,6,19,2025-10-05,Giai ngan vay,Mobile Banking,1394000000
5539,234,101,5,15,2026-07-06,Chi tieu the,ATM,4200000
3529,213,105,7,23,2026-06-28,Phi banca,Internet Banking,1200000
52,353,110,9,31,2025-08-18,Phi banca,ATM,1300000
4487,325,108,7,24,2026-03-16,Rut tiet kiem,POS,244000000
408,286,101,5,17,2025-08-12,Tra no vay,Internet Banking,59000000
2904,1,105,5,17,2026-05-26,Giai ngan vay,POS,991000000
876,100,107,5,15,2026-05-24,Giai ngan vay,Quay giao dich,1891000000
4573,185,110,6,20,2025-11-15,Chi tieu the,ATM,3700000
1521,188,105,3,10,2026-06-17,Rut tiet kiem,ATM,33000000
1175,273,106,11,37,2026-04-03,Phi banca,Mobile Banking,400000
2165,47,102,1,3,2025-11-07,Tra no vay,Quay giao dich,-75000000
1751,140,102,9,29,2026-02-12,Tra no vay,Internet Banking,29000000
5883,93,105,10,32,2025-07-08,Rut tiet kiem,Internet Banking,224000000
2343,263,105,12,40,2026-06-03,Gui tiet kiem,Mobile Banking,362000000
5232,123,106,1,2,2026-01-02,Chi tieu the,POS,3300000
1759,29,107,8,26,2026-03-06,Gui tiet kiem,Quay giao dich,17000000
3287,398,104,10,35,2026-04-21,Tra no vay,ATM,92000000
4842,343,105,3,10,2025-07-01,Giai ngan vay,Mobile Banking,883000000
2464,327,103,7,25,2025-12-22,Phi banca,ATM,1700000
3901,225,104,3,9,2026-07-19,Rut tiet kiem,Internet Banking,136000000
1212,292,105,7,22,2026-07-08,Phi banca,Quay giao dich,500000
3295,194,108,6,20,2026-03-27,Rut tiet kiem,Internet Banking,20000000
1586,359,101,6,20,2026-04-12,Rut tiet kiem,ATM,61000000
4728,353,104,9,31,2026-02-19,Rut tiet kiem,Quay giao dich,187000000
1223,226,103,1,5,2026-03-17,Tra no vay,Mobile Banking,69000000
535,288,102,4,14,2026-05-26,Gui tiet kiem,POS,103000000
170,177,105,5,17,2026-02-26,Gui tiet kiem,POS,357000000
5339,36,101,3,11,2026-06-02,Tra no vay,Quay giao dich,10000000
480,184,102,2,8,2026-01-05,Rut tiet kiem,POS,229000000
5508,86,110,4,13,2026-02-03,Rut tiet kiem,Internet Banking,163000000
4050,365,103,8,26,2026-02-28,Phi banca,Quay giao dich,800000
3416,120,105,4,14,2026-05-26,Chi tieu the,Quay giao dich,600000
2157,290,102,10,33,2026-04-19,Tra no vay,Quay giao dich,11000000
5176,90,107,11,36,2025-10-24,Gui tiet kiem,Mobile Banking,283000000
5424,59,104,7,24,2026-02-17,Phi banca,Internet Banking,600000
5693,151,109,12,42,2026-02-23,Chi tieu the,Internet Banking,2100000
3092,100,103,5,15,2026-04-04,Chi tieu the,POS,2100000
3311,250,107,9,30,2025-10-07,Phi banca,POS,200000
5861,45,106,7,24,2026-02-05,Giai ngan vay,POS,1182000000
452,329,103,12,42,2026-05-19,Phi banca,ATM,1000000
5657,82,102,8,28,2026-01-13,Tra no vay,Quay giao dich,22000000
945,210,101,10,35,2026-04-23,Giai ngan vay,Quay giao dich,693000000
423,24,103,11,38,2026-01-04,Phi banca,Internet Banking,1300000
285,82,108,8,28,2026-01-13,Giai ngan vay,Quay giao dich,1656000000
5103,140,106,9,29,2026-07-07,Tra no vay,Mobile Banking,8000000
3650,298,104,8,28,2025-10-04,Gui tiet kiem,POS,131000000
2680,162,101,7,22,2026-01-28,Rut tiet kiem,POS,215000000
1335,140,105,9,29,2025-07-12,Tra no vay,POS,9000000
5348,385,106,6,20,2026-05-12,Giai ngan vay,Mobile Banking,854000000
3383,346,103,7,24,2026-05-12,Chi tieu the,POS,4900000
3016,366,106,10,35,2026-04-19,Gui tiet kiem,Internet Banking,270000000
5738,292,105,7,22,2026-04-27,Giai ngan vay,Quay giao dich,716000000
5206,353,103,9,31,2026-05-19,Giai ngan vay,POS,1365000000
3352,88,105,5,18,2026-07-12,Phi banca,Quay giao dich,100000
5569,239,101,11,38,2025-09-24,Phi banca,POS,100000
3958,229,106,5,17,2026-01-18,Rut tiet kiem,POS,72000000
4826,217,107,5,16,2026-02-18,Chi tieu the,Mobile Banking,3000000
3449,67,101,4,14,2026-01-21,Gui tiet kiem,Mobile Banking,239000000
5987,301,101,12,40,2026-03-04,Giai ngan vay,Quay giao dich,1274000000
764,92,107,8,27,,Chi tieu the,Internet Banking,4400000
2653,65,106,5,17,2026-07-20,Rut tiet kiem,Quay giao dich,119000000
3348,380,110,9,29,2026-06-17,Tra no vay,POS,96000000
5618,52,107,11,36,2025-07-06,Giai ngan vay,Internet Banking,977000000
2948,380,103,9,29,2026-05-02,Gui tiet kiem,POS,77000000
2993,364,109,5,15,2025-12-26,Tra no vay,ATM,65000000
4869,226,110,1,5,2026-03-22,Tra no vay,ATM,90000000
2882,224,110,3,9,2025-11-08,Chi tieu the,Quay giao dich,1200000
5795,180,108,11,39,2025-07-29,Rut tiet kiem,Internet Banking,93000000
4900,58,106,2,6,2025-07-29,Gui tiet kiem,ATM,444000000
3678,181,105,11,38,2025-07-31,Phi banca,Mobile Banking,400000
1873,282,109,2,7,,Giai ngan vay,POS,1463000000
4160,123,107,1,2,2025-12-23,Tra no vay,ATM,39000000
1846,31,101,3,11,2025-09-19,Phi banca,ATM,1100000
1690,392,105,5,16,2025-09-29,Gui tiet kiem,Quay giao dich,150000000
2716,328,108,10,33,2025-10-23,Phi banca,POS,1600000
85,86,109,4,13,2026-03-31,Phi banca,Quay giao dich,700000
4601,184,107,2,8,2025-11-10,Gui tiet kiem,Quay giao dich,37000000
1352,154,106,10,34,2026-01-15,Rut tiet kiem,Internet Banking,220000000
5274,179,110,3,10,2025-12-05,Rut tiet kiem,Quay giao dich,121000000
4525,288,102,4,14,2025-10-23,Rut tiet kiem,Quay giao dich,280000000
5617,265,107,10,35,2025-08-26,Tra no vay,Mobile Banking,50000000
455,168,105,5,16,2025-10-10,Tra no vay,Quay giao dich,49000000
1095,,107,3,9,2026-03-24,Tra no vay,ATM,92000000
2557,124,102,10,33,2026-07-20,Phi banca,ATM,1400000
4758,24,107,11,38,2026-02-05,Rut tiet kiem,ATM,48000000
1955,215,104,3,9,2026-01-14,Tra no vay,Internet Banking,43000000
86,351,107,5,16,2025-08-23,Chi tieu the,Mobile Banking,4800000
3601,73,110,9,30,2026-05-02,Giai ngan vay,ATM,688000000
5315,190,107,9,31,2026-02-12,Chi tieu the,Quay giao dich,4600000
4753,113,107,5,18,2026-01-01,Tra no vay,POS,96000000
5115,289,106,6,19,2025-11-25,Rut tiet kiem,Quay giao dich,239000000
3912,153,109,10,33,2026-02-08,Phi banca,Mobile Banking,1600000
801,,108,12,40,2025-08-28,Tra no vay,Internet Banking,61000000
2129,96,109,11,37,2025-09-04,Rut tiet kiem,ATM,136000000
5159,6,101,11,39,2025-08-08,Gui tiet kiem,ATM,330000000
3977,376,108,12,41,2026-05-29,Tra no vay,ATM,54000000
2054,284,110,12,42,2025-08-01,Chi tieu the,Quay giao dich,2300000
1498,228,104,2,6,2026-05-22,Rut tiet kiem,Mobile Banking,181000000
1458,303,110,10,34,2026-05-10,Tra no vay,Mobile Banking,93000000
612,292,108,7,22,2026-02-21,Chi tieu the,ATM,3000000
5184,282,110,2,7,2025-12-19,Phi banca,Mobile Banking,1100000
2726,235,101,10,32,2026-01-02,Tra no vay,Internet Banking,7000000
2787,187,108,11,37,2025-10-23,Rut tiet kiem,POS,180000000
4342,82,110,8,28,2026-01-27,Phi banca,POS,1100000
382,190,107,9,31,2026-01-07,Giai ngan vay,Quay giao dich,680000000
844,26,108,2,6,2026-03-13,Giai ngan vay,Quay giao dich,304000000
5030,39,104,6,20,2025-12-24,Phi banca,ATM,1400000
3706,190,106,9,31,2026-06-14,Chi tieu the,ATM,4600000
609,,102,3,10,2026-01-16,Rut tiet kiem,Mobile Banking,106000000
5215,267,105,8,26,2025-11-22,Phi banca,POS,300000
1719,303,108,10,34,2026-06-16,Tra no vay,Quay giao dich,38000000
2510,301,103,12,40,2025-10-21,Rut tiet kiem,ATM,285000000
2468,307,109,12,40,2025-11-16,Gui tiet kiem,ATM,390000000
3709,180,101,11,39,2025-08-15,Giai ngan vay,Quay giao dich,453000000
3122,378,105,12,42,2026-02-15,Rut tiet kiem,Internet Banking,295000000
1138,263,106,12,40,2025-07-09,Tra no vay,POS,42000000
4117,88,105,5,18,2025-12-14,Gui tiet kiem,Mobile Banking,18000000
1732,81,109,1,1,2026-03-13,Giai ngan vay,POS,1278000000
5656,385,101,6,20,2026-07-24,Gui tiet kiem,ATM,285000000
3675,400,101,11,36,2025-09-02,Rut tiet kiem,Internet Banking,20000000
713,375,103,7,24,2026-03-03,Chi tieu the,ATM,2600000
2204,218,101,11,38,2025-10-31,Rut tiet kiem,ATM,259000000
1405,300,109,1,2,2026-05-03,Rut tiet kiem,POS,19000000
4566,352,108,10,35,2025-08-12,Rut tiet kiem,Internet Banking,10000000
4860,355,101,1,1,2026-03-21,Tra no vay,Quay giao dich,94000000
3657,11,103,3,11,2026-05-18,Tra no vay,ATM,69000000
226,127,109,7,25,2025-12-04,Tra no vay,Internet Banking,45000000
4765,277,101,7,25,2025-09-15,Tra no vay,Internet Banking,9000000
4706,301,102,12,40,2026-01-16,Phi banca,Mobile Banking,1600000
5363,258,110,7,24,2025-10-23,Gui tiet kiem,Internet Banking,371000000
5758,114,103,9,31,2025-11-28,Gui tiet kiem,Mobile Banking,341000000
3859,347,101,7,24,2025-07-23,Gui tiet kiem,Mobile Banking,261000000
995,18,105,8,27,2026-07-19,Tra no vay,Quay giao dich,95000000
1055,163,103,5,16,2026-01-21,Giai ngan vay,Internet Banking,1272000000
3322,75,101,12,42,2026-01-21,Rut tiet kiem,Mobile Banking,266000000
4868,269,101,8,27,2025-11-08,Gui tiet kiem,ATM,251000000
4206,168,110,5,16,2026-03-21,Giai ngan vay,Internet Banking,461000000
5722,266,105,3,11,2026-06-03,Giai ngan vay,Mobile Banking,1104000000
2232,391,110,11,38,2026-02-22,Rut tiet kiem,Mobile Banking,197000000
951,74,101,7,25,2025-12-15,Giai ngan vay,POS,1887000000
5856,382,103,11,37,2026-06-01,Phi banca,Internet Banking,600000
575,76,108,12,42,2025-12-06,Giai ngan vay,POS,66000000
5896,393,106,2,6,2025-11-06,Phi banca,POS,700000
3300,392,103,5,16,2026-06-15,Giai ngan vay,ATM,989000000
4332,158,102,12,41,2025-08-30,Giai ngan vay,Quay giao dich,950000000
4518,288,104,4,14,2026-01-23,Tra no vay,Internet Banking,47000000
4447,248,103,4,12,2026-05-01,Chi tieu the,Internet Banking,3000000
318,130,105,6,19,2026-02-25,Phi banca,Quay giao dich,1100000
4479,388,110,3,11,2026-03-23,Giai ngan vay,ATM,1263000000
2605,83,109,8,27,2026-04-11,Giai ngan vay,Quay giao dich,321000000
1115,43,108,6,21,2025-10-10,Chi tieu the,Quay giao dich,2000000
1730,32,101,1,1,2025-11-10,Gui tiet kiem,POS,219000000
1269,245,103,3,10,2025-07-11,Phi banca,POS,1900000
3753,170,108,1,1,2025-07-29,Chi tieu the,ATM,4600000
3608,264,103,12,40,2026-03-09,Chi tieu the,Internet Banking,1400000
1051,393,103,2,6,2025-12-25,Tra no vay,ATM,85000000
5717,265,102,10,35,2026-05-19,Gui tiet kiem,Quay giao dich,374000000
4718,322,109,9,31,2026-05-19,Gui tiet kiem,Internet Banking,381000000
4290,55,107,12,42,2025-09-07,Giai ngan vay,Internet Banking,902000000
4818,377,109,1,4,2026-03-28,Gui tiet kiem,ATM,152000000
5939,303,110,10,34,2025-10-08,Gui tiet kiem,POS,257000000
3060,38,103,8,27,2025-11-07,Gui tiet kiem,ATM,173000000
5209,61,103,1,4,2026-02-19,Gui tiet kiem,ATM,258000000
1902,301,105,12,40,2026-07-05,Rut tiet kiem,Internet Banking,123000000
3574,266,106,3,11,2026-04-25,Rut tiet kiem,Quay giao dich,199000000
3114,25,104,2,6,2025-11-16,Phi banca,POS,1900000
1176,349,103,10,33,2026-05-22,Rut tiet kiem,POS,78000000
991,47,106,1,3,2025-12-28,Gui tiet kiem,POS,340000000
1949,324,110,3,9,2026-06-23,Rut tiet kiem,Internet Banking,47000000
109,21,106,3,9,2025-08-22,Phi banca,POS,1900000
4461,372,101,7,25,2026-03-27,Gui tiet kiem,POS,-483000000
2972,5,109,10,32,2025-11-08,Chi tieu the,POS,2700000
4764,176,107,2,6,2025-09-05,Chi tieu the,Quay giao dich,100000
5642,82,108,8,28,2026-05-22,Gui tiet kiem,ATM,107000000
843,344,102,1,3,2026-04-20,Phi banca,ATM,700000
190,188,108,3,10,2025-07-01,Tra no vay,POS,3000000
3076,290,107,10,33,2025-09-12,Rut tiet kiem,ATM,240000000
221,,105,6,20,2026-04-07,Chi tieu the,ATM,4300000
4280,203,108,6,19,2026-06-06,Tra no vay,Mobile Banking,26000000
5002,4,108,6,20,2025-11-29,Tra no vay,Quay giao dich,22000000
1523,109,102,2,6,2025-09-17,Gui tiet kiem,ATM,227000000
1951,64,103,7,22,2025-07-24,Gui tiet kiem,Mobile Banking,305000000
2041,181,110,11,38,2026-01-31,Chi tieu the,POS,2000000
1852,33,102,9,30,2026-04-04,Phi banca,Internet Banking,2000000
3521,102,102,11,39,2026-02-26,Chi tieu the,Quay giao dich,1000000
5899,220,106,2,7,2025-12-03,Chi tieu the,Internet Banking,1400000
4795,56,105,5,16,2026-01-12,Phi banca,Mobile Banking,1800000
6,336,108,4,14,2026-04-19,Tra no vay,POS,52000000
33,116,106,1,2,2025-12-07,Gui tiet kiem,Mobile Banking,201000000
2002,58,107,2,6,2025-09-29,Phi banca,ATM,700000
942,20,110,10,35,2025-11-18,Giai ngan vay,Internet Banking,1652000000
677,383,101,6,19,2026-05-03,Giai ngan vay,Internet Banking,610000000
1360,84,101,12,42,2025-11-26,Giai ngan vay,POS,1456000000
4689,356,107,10,33,2026-07-21,Phi banca,Quay giao dich,700000
4162,184,102,2,8,2025-08-25,Rut tiet kiem,Quay giao dich,105000000
4314,241,105,10,32,2025-08-23,Gui tiet kiem,Mobile Banking,290000000
444,226,107,1,5,2025-11-08,Gui tiet kiem,POS,256000000
3442,375,101,7,24,2026-04-22,Rut tiet kiem,ATM,269000000
1191,49,102,9,31,2025-10-31,Chi tieu the,Internet Banking,4600000
5499,46,101,11,39,2025-07-01,Gui tiet kiem,Quay giao dich,89000000
132,312,101,8,28,2026-07-06,Tra no vay,ATM,92000000
1143,151,101,12,42,2026-05-16,Gui tiet kiem,ATM,9000000
2088,27,110,11,36,2026-04-27,Chi tieu the,POS,800000
1570,122,108,1,3,2026-01-19,Tra no vay,ATM,89000000
862,78,107,6,19,2026-03-15,Chi tieu the,ATM,2400000
5152,324,107,3,9,2025-11-10,Giai ngan vay,POS,439000000
4725,194,110,6,20,2026-01-12,Rut tiet kiem,Internet Banking,145000000
2080,216,102,8,27,2025-08-05,Rut tiet kiem,Mobile Banking,267000000
2805,350,110,3,9,2025-08-28,Chi tieu the,ATM,500000
2644,41,108,1,1,2026-06-29,Giai ngan vay,Mobile Banking,750000000
568,356,102,10,33,2025-09-04,Tra no vay,Quay giao dich,81000000
4628,255,108,6,20,2025-10-05,Rut tiet kiem,Mobile Banking,252000000
4306,50,105,4,12,2026-04-11,Phi banca,ATM,1700000
4661,339,110,9,30,2025-07-12,Giai ngan vay,Mobile Banking,72000000
304,297,103,3,11,2026-04-20,Phi banca,Quay giao dich,500000
4138,88,102,5,18,2025-07-30,Chi tieu the,Quay giao dich,4300000
745,206,110,1,3,2025-11-17,Rut tiet kiem,Mobile Banking,82000000
156,323,102,1,5,2026-02-16,Giai ngan vay,Internet Banking,1197000000
3811,270,102,6,19,2025-07-27,Chi tieu the,ATM,1300000
3878,265,106,10,35,2026-02-01,Gui tiet kiem,ATM,76000000
328,250,102,9,30,2026-05-20,Phi banca,ATM,1900000
4741,249,110,9,30,2026-02-09,Gui tiet kiem,ATM,438000000
378,375,108,7,24,2025-07-21,Phi banca,Mobile Banking,2000000
5255,159,109,10,34,2026-02-28,Rut tiet kiem,Quay giao dich,27000000
4480,65,103,5,17,2026-05-01,Phi banca,Quay giao dich,1900000
182,130,108,6,19,2026-05-23,Rut tiet kiem,Internet Banking,27000000
3389,387,106,7,23,2026-03-03,Giai ngan vay,Mobile Banking,405000000
2323,207,109,7,22,2025-08-04,Phi banca,Internet Banking,2000000
2808,165,108,7,25,2025-10-20,Tra no vay,ATM,99000000
1007,193,103,11,39,2026-07-23,Rut tiet kiem,Quay giao dich,63000000
5546,141,102,12,40,2025-07-02,Giai ngan vay,ATM,881000000
1253,177,108,5,17,2026-03-03,Tra no vay,Mobile Banking,19000000
1879,375,103,7,24,2026-07-19,Phi banca,POS,2000000
5104,130,108,6,19,2026-05-29,Chi tieu the,Mobile Banking,3000000
4754,201,107,2,8,2026-07-13,Phi banca,Quay giao dich,300000
176,12,103,8,27,2025-08-22,Giai ngan vay,Internet Banking,1539000000
2816,341,103,2,8,2026-02-14,Gui tiet kiem,Mobile Banking,29000000
4874,229,109,5,17,2026-07-15,Gui tiet kiem,ATM,189000000
4892,352,107,10,35,2025-07-05,Phi banca,Quay giao dich,900000
1148,226,102,1,5,2026-01-09,Tra no vay,Quay giao dich,7000000
2803,332,105,7,24,2025-11-05,Chi tieu the,ATM,300000
2171,285,106,2,7,2026-06-21,Giai ngan vay,Internet Banking,1604000000
2982,209,106,4,14,2025-12-10,Giai ngan vay,Quay giao dich,686000000
583,174,109,10,35,2025-11-03,Rut tiet kiem,Mobile Banking,91000000
3877,299,103,8,27,2026-02-15,Phi banca,Quay giao dich,800000
994,204,108,2,7,2025-07-22,Giai ngan vay,Mobile Banking,521000000
3719,313,110,5,18,2025-09-25,Tra no vay,Internet Banking,12000000
1593,129,104,11,36,2025-11-14,Chi tieu the,ATM,2000000
4893,1,102,5,17,2025-07-01,Tra no vay,Mobile Banking,59000000
5855,305,103,12,40,2025-10-19,Chi tieu the,Mobile Banking,100000
1098,64,102,7,22,2025-09-13,Chi tieu the,Internet Banking,2400000
1097,204,101,2,7,2026-01-03,Phi banca,ATM,1400000
4589,12,103,8,27,2025-11-28,Rut tiet kiem,POS,99000000
2047,217,110,5,16,2025-12-03,Tra no vay,Quay giao dich,3000000
2267,85,103,12,42,2025-08-09,Giai ngan vay,Internet Banking,1319000000
2418,188,104,3,10,2025-08-27,Phi banca,POS,2000000
4896,167,110,2,7,2025-07-11,Rut tiet kiem,Mobile Banking,28000000
2179,82,104,8,28,2025-12-24,Gui tiet kiem,ATM,9000000
3669,265,106,10,35,2026-02-22,Tra no vay,Mobile Banking,37000000
2057,178,107,9,29,2025-10-30,Rut tiet kiem,Quay giao dich,229000000
5327,74,107,7,25,2026-06-03,Tra no vay,ATM,83000000
2952,258,103,7,24,2025-09-16,Phi banca,Quay giao dich,-600000
4948,361,103,3,9,2026-06-01,Phi banca,Mobile Banking,1200000
1192,178,108,9,29,2026-02-21,Chi tieu the,POS,4800000
1744,58,110,2,6,2026-07-23,Giai ngan vay,Mobile Banking,1730000000
3460,119,109,6,21,2026-01-05,Chi tieu the,Quay giao dich,1300000
603,116,107,1,2,2026-02-03,Phi banca,ATM,1900000
1707,44,104,6,21,2026-03-18,Tra no vay,Quay giao dich,7000000
5847,58,105,2,6,2025-10-10,Phi banca,POS,1400000
224,10,105,1,3,2026-05-29,Rut tiet kiem,ATM,261000000
813,59,103,7,24,2026-02-20,Giai ngan vay,ATM,1268000000
2149,243,103,11,38,2026-01-09,Gui tiet kiem,POS,111000000
1915,114,999,9,31,2026-02-22,Rut tiet kiem,ATM,221000000
1217,49,107,9,31,2026-04-20,Tra no vay,ATM,44000000
2350,90,105,11,36,2025-12-01,Giai ngan vay,POS,1402000000
116,86,105,4,13,2025-10-01,Tra no vay,POS,3000000
3332,39,107,6,20,,Tra no vay,Internet Banking,48000000
5093,121,107,11,36,2026-03-06,Tra no vay,ATM,78000000
1555,372,103,7,25,2026-02-24,Phi banca,POS,200000
252,335,106,9,30,2025-07-19,Gui tiet kiem,Mobile Banking,346000000
2466,30,106,1,5,2026-06-02,Giai ngan vay,POS,1119000000
4979,216,103,8,27,2025-12-14,Gui tiet kiem,Quay giao dich,164000000
2975,224,109,3,9,2026-03-21,Tra no vay,Internet Banking,55000000
5372,28,109,2,6,2025-10-20,Tra no vay,Quay giao dich,7000000
4139,195,105,2,8,2026-06-01,Gui tiet kiem,Internet Banking,274000000
2310,217,104,5,16,2025-11-06,Giai ngan vay,POS,1726000000
1425,191,101,11,37,2026-02-15,Giai ngan vay,ATM,760000000
5136,123,101,1,2,2025-10-27,Giai ngan vay,Quay giao dich,825000000
2152,277,106,7,25,2025-08-27,Gui tiet kiem,ATM,72000000
2500,162,105,7,22,2026-07-01,Phi banca,POS,900000
3479,31,110,3,11,2026-02-20,Giai ngan vay,Internet Banking,1838000000
4993,322,105,9,31,2025-10-09,Phi banca,POS,1800000
1225,309,103,6,19,2026-05-10,Tra no vay,Internet Banking,50000000
3747,129,108,11,36,2025-12-14,Giai ngan vay,Internet Banking,985000000
1063,310,108,10,32,2026-03-15,Tra no vay,Internet Banking,69000000
589,86,109,4,13,2026-01-15,Giai ngan vay,POS,1000000000
2561,71,103,10,33,2025-11-25,Gui tiet kiem,Quay giao dich,153000000
219,379,101,4,12,2025-11-02,Rut tiet kiem,POS,148000000
1910,337,108,7,24,2025-10-24,Phi banca,Quay giao dich,400000
777,228,101,2,6,2025-11-24,Rut tiet kiem,Quay giao dich,17000000
2654,155,109,6,20,2025-12-31,Rut tiet kiem,Quay giao dich,24000000
3690,70,105,12,40,2025-11-25,Phi banca,ATM,1500000
3937,314,108,3,11,2025-10-07,Gui tiet kiem,Internet Banking,384000000
1943,10,105,1,3,2025-09-25,Rut tiet kiem,ATM,8000000
4511,44,106,6,21,2025-07-31,Phi banca,ATM,1300000
1749,387,108,7,23,2026-07-18,Chi tieu the,Quay giao dich,3700000
4157,128,107,12,41,2026-05-31,Gui tiet kiem,ATM,345000000
3101,39,105,6,20,2026-07-15,Giai ngan vay,POS,1321000000
5484,347,109,7,24,2026-01-10,Phi banca,POS,900000
2091,88,105,5,18,2026-01-16,Phi banca,Internet Banking,2000000
1293,207,108,7,22,2026-02-23,Rut tiet kiem,ATM,198000000
3656,172,110,12,40,2025-09-14,Phi banca,Quay giao dich,300000
5974,383,104,6,19,2025-12-24,Tra no vay,POS,37000000
3202,208,102,7,25,2025-07-13,Tra no vay,Quay giao dich,97000000
2366,342,103,7,23,2025-09-08,Giai ngan vay,Quay giao dich,842000000
567,318,108,3,11,2025-08-18,Chi tieu the,ATM,2500000
846,237,105,1,1,2025-09-06,Gui tiet kiem,ATM,463000000
5337,269,101,8,27,2026-01-07,Chi tieu the,ATM,700000
3088,48,110,8,27,2026-07-03,Chi tieu the,Internet Banking,3800000
3330,363,107,10,33,2025-11-09,Tra no vay,Quay giao dich,26000000
2114,305,107,12,40,2026-05-29,Tra no vay,ATM,32000000
2460,303,105,10,34,2026-01-12,Rut tiet kiem,Quay giao dich,81000000
4752,338,109,5,15,2025-08-10,Phi banca,ATM,900000
1113,376,102,12,41,2025-09-06,Giai ngan vay,POS,516000000
2148,110,110,12,41,2025-11-16,Rut tiet kiem,Quay giao dich,9000000
5243,326,107,4,13,2026-03-14,Phi banca,Quay giao dich,100000
2627,304,103,5,15,2025-07-04,Giai ngan vay,ATM,1052000000
2102,114,106,9,31,2025-08-15,Phi banca,Internet Banking,1500000
2407,308,108,10,32,2026-06-13,Tra no vay,Quay giao dich,92000000
1468,278,109,10,32,2026-05-24,Gui tiet kiem,Quay giao dich,84000000
1020,27,103,11,36,2026-03-19,Tra no vay,ATM,39000000
2120,12,110,8,27,2026-01-27,Gui tiet kiem,POS,219000000
2555,34,105,4,14,2025-10-26,Tra no vay,ATM,81000000
1076,141,105,12,40,2026-02-22,Phi banca,POS,1100000
5031,64,102,7,22,2025-08-25,Tra no vay,Internet Banking,57000000
3326,91,106,9,30,2026-02-22,Tra no vay,Mobile Banking,33000000
2377,152,101,12,42,2025-12-16,Phi banca,POS,800000
1599,322,103,9,31,2025-07-26,Rut tiet kiem,Internet Banking,144000000
1704,20,104,10,35,2025-07-14,Chi tieu the,ATM,1800000
988,134,106,5,17,2026-01-27,Tra no vay,ATM,7000000
2600,309,101,6,19,2025-11-04,Rut tiet kiem,Internet Banking,103000000
3373,194,101,6,20,2025-09-06,Tra no vay,Mobile Banking,32000000
3245,35,110,6,21,2026-05-26,Giai ngan vay,Mobile Banking,601000000
2252,296,109,7,25,2025-10-28,Giai ngan vay,Quay giao dich,1761000000
272,199,109,8,27,2025-08-29,Giai ngan vay,Quay giao dich,1457000000
2893,184,107,2,8,2026-02-07,Gui tiet kiem,Internet Banking,339000000
2714,85,106,12,42,2025-09-03,Giai ngan vay,POS,923000000
522,366,107,10,35,2026-03-24,Gui tiet kiem,Mobile Banking,172000000
772,57,101,8,26,2025-12-26,Rut tiet kiem,Internet Banking,236000000
280,41,108,1,1,2026-04-17,Gui tiet kiem,Mobile Banking,-421000000
5204,394,103,6,19,2025-12-03,Chi tieu the,ATM,4900000
3619,222,106,7,23,2025-08-20,Giai ngan vay,Mobile Banking,109000000
5668,277,101,7,25,2025-09-30,Chi tieu the,Internet Banking,3700000
740,39,109,6,20,2026-05-13,Giai ngan vay,Internet Banking,1608000000
4388,109,101,2,6,2025-11-24,Chi tieu the,POS,3300000
614,235,107,10,32,2026-06-03,Phi banca,Mobile Banking,800000
888,351,106,5,16,2026-02-25,Tra no vay,Internet Banking,60000000
2643,124,103,10,33,2025-11-06,Rut tiet kiem,Mobile Banking,263000000
2813,305,106,12,40,2026-03-15,Tra no vay,ATM,31000000
4400,348,101,7,24,2026-02-01,Chi tieu the,Mobile Banking,900000
4771,199,110,8,27,2025-11-15,Chi tieu the,Quay giao dich,1400000
1991,27,106,11,36,2025-07-30,Phi banca,ATM,400000
2804,341,110,2,8,2026-03-05,Gui tiet kiem,ATM,352000000
1830,288,106,4,14,2026-06-23,Rut tiet kiem,Internet Banking,73000000
1475,286,108,5,17,2026-01-15,Phi banca,Internet Banking,1500000
1364,11,109,3,11,2026-06-21,Phi banca,Internet Banking,900000
3497,176,103,2,6,2026-05-28,Giai ngan vay,Mobile Banking,1575000000
3341,15,103,3,10,2025-07-07,Gui tiet kiem,Internet Banking,81000000
4477,248,105,4,12,2025-10-30,Phi banca,ATM,900000
2809,71,110,10,33,2026-03-21,Tra no vay,ATM,38000000
1814,189,103,10,32,2025-08-07,Giai ngan vay,ATM,693000000
1041,324,103,3,9,2025-07-19,Tra no vay,POS,27000000
2186,396,105,5,16,2025-12-07,Phi banca,ATM,1500000
3133,323,104,1,5,2025-07-26,Rut tiet kiem,Mobile Banking,159000000
2949,175,103,6,19,2025-07-29,Giai ngan vay,ATM,1964000000
4365,187,103,11,37,2026-05-15,Gui tiet kiem,Internet Banking,292000000
211,258,104,7,24,2025-09-17,Phi banca,Quay giao dich,1900000
2126,106,109,9,30,2026-02-26,Phi banca,ATM,800000
4605,386,109,8,28,2025-09-13,Rut tiet kiem,Mobile Banking,32000000
4845,345,105,5,15,2025-08-10,Tra no vay,Quay giao dich,48000000
3059,359,101,6,20,2025-10-07,Giai ngan vay,Quay giao dich,975000000
337,284,103,12,42,2026-02-10,Chi tieu the,Mobile Banking,4000000
4881,107,103,9,29,2026-07-09,Tra no vay,POS,88000000
246,325,106,7,24,2025-08-13,Phi banca,POS,1800000
206,71,105,10,33,2026-01-04,Rut tiet kiem,POS,132000000
4458,255,102,6,20,2026-01-08,Giai ngan vay,Mobile Banking,665000000
331,235,109,10,32,2025-09-15,Rut tiet kiem,POS,37000000
4096,232,109,4,12,2025-09-22,Tra no vay,ATM,25000000
878,267,106,8,26,2026-05-10,Tra no vay,Quay giao dich,45000000
4632,116,101,1,2,2026-04-21,Giai ngan vay,Internet Banking,1056000000
4908,96,104,11,37,2025-07-07,Chi tieu the,Quay giao dich,1700000
2936,274,102,3,9,2025-12-26,Chi tieu the,Mobile Banking,2400000
3939,367,101,11,38,2025-07-01,Gui tiet kiem,POS,246000000
3620,240,109,3,11,2026-06-15,Tra no vay,Quay giao dich,72000000
4619,184,103,2,8,2026-04-16,Giai ngan vay,Quay giao dich,116000000
4330,351,109,5,16,2026-06-04,Tra no vay,POS,9000000
737,50,101,4,12,2026-06-15,Rut tiet kiem,POS,185000000
4865,27,108,11,36,2025-07-30,Gui tiet kiem,Internet Banking,232000000
4815,383,107,6,19,2025-11-30,Giai ngan vay,Quay giao dich,1025000000
24,344,106,1,3,2026-03-17,Rut tiet kiem,Internet Banking,286000000
572,7,110,4,14,2026-07-01,Chi tieu the,Quay giao dich,900000
977,168,103,5,16,2026-03-17,Giai ngan vay,Internet Banking,1426000000
2225,308,102,10,32,2025-07-08,Rut tiet kiem,Internet Banking,76000000
1554,375,102,7,24,2026-01-05,Chi tieu the,Mobile Banking,1800000
470,241,105,10,32,2025-09-22,Tra no vay,ATM,57000000
1300,63,110,11,39,2025-09-05,Giai ngan vay,POS,1702000000
3767,371,105,8,28,2025-07-23,Giai ngan vay,ATM,1950000000
5165,21,101,3,9,2026-02-21,Chi tieu the,Mobile Banking,3100000
3822,231,105,2,8,2025-07-22,Gui tiet kiem,Mobile Banking,322000000
5442,317,109,4,13,2026-03-25,Phi banca,POS,300000
4548,328,108,10,33,2026-07-21,Chi tieu the,Internet Banking,1800000
4373,395,106,7,22,2025-11-05,Rut tiet kiem,Mobile Banking,134000000
1992,244,108,1,2,2025-12-12,Tra no vay,Internet Banking,34000000
5811,92,109,8,27,2025-09-15,Giai ngan vay,Mobile Banking,830000000
1480,357,105,6,19,2026-01-11,Giai ngan vay,Mobile Banking,202000000
5624,381,109,9,31,2026-01-14,Tra no vay,Internet Banking,100000000
5107,347,101,7,24,2026-04-13,Chi tieu the,Internet Banking,4700000
3831,243,107,11,38,2025-07-16,Rut tiet kiem,Internet Banking,102000000
5900,286,103,5,17,2025-08-24,Giai ngan vay,Mobile Banking,1094000000
2820,276,110,9,29,2026-06-12,Phi banca,Quay giao dich,2000000
632,230,107,3,9,2026-03-19,Chi tieu the,Mobile Banking,4000000
3933,357,109,6,19,2026-01-14,Phi banca,POS,1600000
1533,173,101,12,40,2025-07-17,Gui tiet kiem,Quay giao dich,401000000
3689,263,109,12,40,2025-11-22,Phi banca,POS,1900000
3920,219,102,6,19,2026-03-13,Giai ngan vay,POS,1536000000
4339,385,110,6,20,2025-11-08,Chi tieu the,Internet Banking,2000000
1078,169,109,11,39,2026-01-16,Chi tieu the,ATM,2300000
548,324,104,3,9,2026-04-26,Giai ngan vay,POS,1563000000
4250,304,103,5,15,2026-06-26,Chi tieu the,POS,1500000
5761,40,101,8,27,2025-09-14,Gui tiet kiem,Internet Banking,296000000
4837,20,101,10,35,2025-08-19,Chi tieu the,ATM,900000
1588,344,110,1,3,2026-01-02,Chi tieu the,Mobile Banking,1900000
754,252,103,2,7,2026-05-28,Gui tiet kiem,Internet Banking,163000000
676,236,106,9,30,2025-09-13,Rut tiet kiem,Internet Banking,234000000
4942,195,101,2,8,2026-03-26,Giai ngan vay,Quay giao dich,322000000
2835,199,106,8,27,2026-01-10,Chi tieu the,POS,200000
4153,209,102,4,14,2025-08-05,Chi tieu the,POS,2900000
1372,75,103,12,42,2026-03-19,Gui tiet kiem,Mobile Banking,249000000
2817,193,101,11,39,2025-08-21,Giai ngan vay,POS,55000000
3338,116,104,1,2,2026-02-03,Chi tieu the,POS,2900000
3676,338,110,5,15,2026-01-22,Rut tiet kiem,ATM,11000000
439,140,103,9,29,2025-07-15,Giai ngan vay,Internet Banking,410000000
152,93,110,10,32,2025-09-06,Phi banca,POS,1800000
1897,328,104,10,33,2026-07-06,Phi banca,Internet Banking,800000
1699,,102,2,8,2025-12-23,Giai ngan vay,Internet Banking,1745000000
2516,269,108,8,27,2026-05-13,Phi banca,POS,900000
971,316,106,10,35,2025-08-20,Giai ngan vay,Internet Banking,639000000
2322,334,106,7,24,2026-01-29,Tra no vay,Internet Banking,87000000
1434,116,101,1,2,2026-02-08,Giai ngan vay,ATM,665000000
5314,143,105,6,19,2025-08-08,Giai ngan vay,Mobile Banking,429000000
3139,81,106,1,1,2026-01-07,Rut tiet kiem,Quay giao dich,120000000
3277,311,102,4,13,2025-08-24,Tra no vay,Mobile Banking,3000000
58,187,101,11,37,2025-10-23,Giai ngan vay,ATM,1517000000
2025,47,108,1,3,2026-05-11,Rut tiet kiem,ATM,209000000
420,221,103,2,6,2025-12-07,Tra no vay,ATM,87000000
3231,354,107,2,8,2026-05-08,Tra no vay,Mobile Banking,81000000
3209,160,110,5,17,2026-06-21,Chi tieu the,POS,2300000
218,226,101,1,5,2025-10-28,Phi banca,Mobile Banking,400000
3309,166,999,10,32,2026-04-24,Gui tiet kiem,Internet Banking,69000000
4042,134,101,5,17,2026-02-21,Phi banca,ATM,1800000
3433,233,106,3,10,2026-07-20,Giai ngan vay,Mobile Banking,361000000
1789,276,107,9,29,2026-05-15,Chi tieu the,POS,1000000
1039,162,107,7,22,2025-10-24,Giai ngan vay,Mobile Banking,412000000
2618,340,101,10,34,2025-08-12,Phi banca,Internet Banking,1300000
4410,25,103,2,6,2025-08-24,Chi tieu the,POS,700000
443,378,107,12,42,2026-07-19,Tra no vay,Mobile Banking,23000000
3227,271,102,2,8,2026-03-10,Phi banca,ATM,1400000
1290,7,102,4,14,2025-12-11,Giai ngan vay,POS,1215000000
1750,323,101,1,5,2026-04-06,Phi banca,POS,400000
4502,243,102,11,38,2026-03-03,Gui tiet kiem,Mobile Banking,450000000
4711,389,105,8,26,2026-05-16,Gui tiet kiem,Internet Banking,287000000
1762,8,105,9,30,2025-12-09,Giai ngan vay,ATM,746000000
2998,357,110,6,19,2025-08-21,Chi tieu the,POS,2400000
3404,345,101,5,15,2025-08-29,Rut tiet kiem,Internet Banking,235000000
4179,365,101,8,26,2026-05-22,Rut tiet kiem,ATM,217000000
2178,353,106,9,31,2025-09-08,Rut tiet kiem,ATM,184000000
193,50,109,4,12,2026-06-03,Gui tiet kiem,Quay giao dich,432000000
5772,27,103,11,36,2026-01-11,Rut tiet kiem,Mobile Banking,13000000
4108,367,102,11,38,2026-07-14,Rut tiet kiem,Internet Banking,149000000
5687,71,106,10,33,2026-01-28,Tra no vay,POS,22000000
5510,291,109,10,35,2025-07-31,Gui tiet kiem,Mobile Banking,461000000
2056,248,105,4,12,2026-06-07,Chi tieu the,POS,700000
2523,112,103,7,24,2026-05-10,Tra no vay,Internet Banking,85000000
5673,28,103,2,6,2025-12-24,Phi banca,Internet Banking,100000
514,156,106,7,22,2025-12-24,Giai ngan vay,Quay giao dich,1300000000
5904,117,105,9,30,2025-08-14,Giai ngan vay,Mobile Banking,1363000000
2918,370,105,11,37,2025-12-23,Chi tieu the,Mobile Banking,2800000
4132,258,103,7,24,2026-04-30,Gui tiet kiem,Mobile Banking,179000000
3518,79,102,10,32,2025-12-14,Chi tieu the,Internet Banking,2900000
2772,264,104,12,40,2026-06-07,Chi tieu the,Internet Banking,1500000
294,340,103,10,34,2026-03-01,Rut tiet kiem,Mobile Banking,197000000
3655,127,104,7,25,2025-09-08,Rut tiet kiem,ATM,293000000
1201,48,102,8,27,2026-06-30,Phi banca,POS,1800000
261,327,104,7,25,2025-07-06,Phi banca,Mobile Banking,1000000
5285,171,105,2,6,2026-06-01,Rut tiet kiem,ATM,87000000
352,211,109,9,31,2026-03-08,Chi tieu the,Mobile Banking,4700000
954,111,107,3,9,2026-04-25,Phi banca,Quay giao dich,300000
1418,193,105,11,39,2026-01-08,Giai ngan vay,Quay giao dich,1586000000
4199,112,103,7,24,2026-02-26,Gui tiet kiem,Mobile Banking,116000000
4106,131,106,11,36,2025-09-29,Rut tiet kiem,ATM,88000000
1303,324,110,3,9,2025-10-26,Chi tieu the,POS,3100000
4622,47,110,1,3,2025-12-25,Gui tiet kiem,Internet Banking,420000000
1658,230,108,3,9,2026-07-04,Phi banca,Internet Banking,1200000
5652,158,107,12,41,2025-12-23,Chi tieu the,Quay giao dich,1900000
2177,1,103,5,17,2026-01-17,Gui tiet kiem,Mobile Banking,276000000
380,101,101,3,10,2025-08-12,Tra no vay,POS,51000000
4024,85,108,12,42,2026-01-20,Rut tiet kiem,POS,81000000
1667,62,108,12,41,2025-09-28,Tra no vay,Quay giao dich,57000000
5724,73,106,9,30,2026-05-15,Gui tiet kiem,POS,12000000
1073,222,102,7,23,2025-10-07,Giai ngan vay,POS,1154000000
858,336,103,4,14,2026-03-16,Rut tiet kiem,Quay giao dich,187000000
1660,55,103,12,42,2025-10-06,Rut tiet kiem,Quay giao dich,74000000
286,279,104,8,26,2025-09-27,Phi banca,Quay giao dich,1900000
3371,210,109,10,35,2026-01-22,Phi banca,Mobile Banking,100000
591,107,104,9,29,2025-10-12,Rut tiet kiem,ATM,112000000
4113,301,110,12,40,2026-03-14,Rut tiet kiem,ATM,226000000
1653,14,103,6,19,2025-07-04,Gui tiet kiem,Quay giao dich,84000000
5421,32,110,1,1,2025-09-18,Tra no vay,Internet Banking,26000000
4916,142,108,5,15,2026-05-01,Giai ngan vay,Quay giao dich,626000000
2192,319,108,9,31,2026-01-26,Tra no vay,POS,80000000
1928,20,102,10,35,2025-07-08,Gui tiet kiem,ATM,84000000
1329,256,107,2,6,2026-07-04,Tra no vay,Internet Banking,63000000
3447,356,104,10,33,2026-01-27,Tra no vay,Internet Banking,53000000
4053,198,109,4,14,2026-06-22,Tra no vay,POS,33000000
2723,269,104,8,27,2025-10-08,Giai ngan vay,Internet Banking,1309000000
125,364,101,5,15,2026-04-22,Gui tiet kiem,POS,271000000
2880,382,104,11,37,2025-11-16,Rut tiet kiem,ATM,154000000
2811,27,101,11,36,2025-09-29,Rut tiet kiem,Quay giao dich,194000000
1354,197,109,6,21,2025-08-20,Phi banca,ATM,100000
38,25,102,2,6,2026-01-30,Tra no vay,ATM,61000000
5511,89,107,5,16,2025-12-08,Phi banca,Quay giao dich,200000
716,90,102,11,36,2026-01-04,Chi tieu the,Mobile Banking,2500000
5121,237,107,1,1,2026-03-22,Gui tiet kiem,ATM,338000000
2992,384,104,8,26,2026-01-19,Chi tieu the,Internet Banking,4500000
1159,24,109,11,38,2026-01-10,Phi banca,POS,1200000
3207,156,110,7,22,2026-07-09,Phi banca,ATM,1900000
2927,270,110,6,19,2025-08-04,Phi banca,Internet Banking,600000
5903,289,107,6,19,2026-06-19,Chi tieu the,Mobile Banking,3200000
4377,57,108,8,26,2026-07-22,Rut tiet kiem,POS,8000000
5483,255,108,6,20,2026-06-17,Chi tieu the,Quay giao dich,3300000
2744,263,102,12,40,2025-09-10,Phi banca,Mobile Banking,1900000
2138,244,101,1,2,2025-09-15,Tra no vay,POS,20000000
3255,81,110,1,1,2026-07-10,Giai ngan vay,Internet Banking,1451000000
4968,159,107,10,34,2025-07-04,Gui tiet kiem,Mobile Banking,72000000
2210,169,106,11,39,2025-07-05,Gui tiet kiem,Quay giao dich,110000000
2734,187,103,11,37,2026-03-23,Giai ngan vay,Mobile Banking,-732000000
5283,180,102,11,39,2026-03-01,Phi banca,Mobile Banking,200000
5335,149,105,1,2,2025-09-22,Tra no vay,POS,60000000
225,306,109,3,10,2025-08-15,Rut tiet kiem,Mobile Banking,235000000
3968,159,105,10,34,2025-10-09,Chi tieu the,ATM,4100000
1713,71,108,10,33,2025-07-10,Gui tiet kiem,Quay giao dich,141000000
3887,289,109,6,19,2026-01-29,Gui tiet kiem,ATM,63000000
5389,382,107,11,37,,Tra no vay,Quay giao dich,89000000
3579,,103,7,24,2025-12-13,Giai ngan vay,Mobile Banking,746000000
1993,185,109,6,20,2025-10-25,Tra no vay,POS,19000000
2037,,110,1,1,2026-07-08,Chi tieu the,Quay giao dich,4800000
734,156,102,7,22,2025-11-15,Giai ngan vay,Internet Banking,1507000000
4747,196,106,10,35,2025-07-24,Giai ngan vay,Internet Banking,237000000
4478,264,108,12,40,2026-02-13,Tra no vay,Internet Banking,80000000
4137,215,104,3,9,2025-12-30,Phi banca,Internet Banking,300000
5797,319,108,9,31,2025-09-19,Phi banca,POS,1400000
1798,347,108,7,24,2026-07-02,Gui tiet kiem,ATM,10000000
2200,347,110,7,24,2025-11-25,Chi tieu the,POS,3400000
2146,233,105,3,10,2025-12-04,Tra no vay,Mobile Banking,29000000
4198,86,110,4,13,2026-03-24,Gui tiet kiem,Internet Banking,5000000
792,8,103,9,30,2025-12-06,Gui tiet kiem,POS,260000000
75,116,106,1,2,2026-07-22,Chi tieu the,POS,1300000
3969,123,109,1,2,2026-06-25,Tra no vay,ATM,46000000
3908,255,109,6,20,2025-08-15,Phi banca,POS,900000
317,363,102,10,33,2025-08-14,Rut tiet kiem,POS,290000000
2954,255,110,6,20,,Phi banca,Quay giao dich,500000
2700,325,102,7,24,2025-11-18,Phi banca,POS,1200000
1826,47,102,1,3,2026-04-21,Gui tiet kiem,Internet Banking,317000000
2393,165,108,7,25,2025-11-11,Phi banca,Internet Banking,2000000
4651,121,104,11,36,2026-07-16,Tra no vay,Quay giao dich,53000000
5351,75,106,12,42,2026-07-11,Chi tieu the,Quay giao dich,4800000
5124,213,103,7,23,2026-04-21,Gui tiet kiem,Internet Banking,379000000
3854,385,104,6,20,2025-12-28,Phi banca,Internet Banking,300000
5164,252,108,2,7,2026-03-28,Chi tieu the,POS,3500000
1232,383,110,6,19,2026-04-04,Phi banca,Mobile Banking,1000000
5213,51,102,7,23,2026-05-27,Phi banca,POS,1500000
1988,108,101,10,33,2025-08-10,Rut tiet kiem,Mobile Banking,298000000
2725,103,103,11,36,,Chi tieu the,Quay giao dich,4600000
5123,11,102,3,11,2026-04-09,Giai ngan vay,Internet Banking,966000000
3696,170,106,1,1,2026-05-04,Chi tieu the,Internet Banking,4800000
2293,338,110,5,15,2025-09-25,Giai ngan vay,Internet Banking,1815000000
1166,168,107,5,16,2026-01-08,Chi tieu the,Mobile Banking,4100000
1122,257,105,9,30,2025-12-11,Tra no vay,POS,79000000
279,361,110,3,9,2026-04-30,Chi tieu the,ATM,4600000
2569,313,108,5,18,2026-02-05,Rut tiet kiem,Quay giao dich,299000000
4944,190,104,9,31,2025-09-08,Phi banca,ATM,400000
1064,92,107,8,27,2026-03-30,Phi banca,ATM,1900000
986,178,107,9,29,2026-06-26,Tra no vay,Mobile Banking,53000000
1611,380,108,9,29,2026-06-07,Rut tiet kiem,POS,96000000
2173,143,107,6,19,2026-01-27,Tra no vay,Quay giao dich,74000000
1969,155,109,6,20,2025-12-26,Giai ngan vay,Mobile Banking,808000000
1913,222,109,7,23,2026-02-21,Giai ngan vay,Internet Banking,149000000
2256,100,108,5,15,2025-07-21,Phi banca,Internet Banking,700000
4862,167,110,2,7,2025-07-11,Rut tiet kiem,ATM,64000000
442,397,109,1,5,2025-11-06,Gui tiet kiem,ATM,126000000
5906,229,107,5,17,2026-01-12,Tra no vay,Internet Banking,92000000
1703,237,107,1,1,2025-07-02,Gui tiet kiem,Quay giao dich,289000000
4418,167,110,2,7,2026-07-03,Phi banca,Internet Banking,400000
1504,283,109,1,3,2026-05-25,Gui tiet kiem,Mobile Banking,142000000
1183,396,110,5,16,2026-02-27,Phi banca,Mobile Banking,2000000
2834,204,109,2,7,2026-07-13,Rut tiet kiem,ATM,213000000
3265,251,107,5,18,2025-12-01,Chi tieu the,Mobile Banking,1100000
748,69,105,8,28,2025-07-27,Rut tiet kiem,Mobile Banking,60000000
2976,328,108,10,33,2026-03-15,Chi tieu the,Quay giao dich,3600000
1044,244,103,1,2,2026-02-25,Giai ngan vay,POS,823000000
3162,369,101,10,33,2025-09-07,Chi tieu the,Internet Banking,-4900000
2174,129,105,11,36,2026-04-24,Tra no vay,Internet Banking,92000000
5219,207,105,7,22,2025-08-19,Chi tieu the,POS,4800000
3674,237,106,1,1,2026-02-09,Phi banca,Quay giao dich,2000000
1127,210,106,10,35,2026-05-27,Tra no vay,Mobile Banking,91000000
2270,177,101,5,17,2025-08-28,Phi banca,POS,200000
5498,347,107,7,24,2025-08-09,Gui tiet kiem,Mobile Banking,203000000
719,238,110,4,13,2026-03-07,Giai ngan vay,Quay giao dich,722000000
3004,53,106,12,42,2026-01-27,Rut tiet kiem,POS,73000000
2452,363,105,10,33,2026-07-08,Rut tiet kiem,Quay giao dich,254000000
3232,34,107,4,14,2026-02-22,Giai ngan vay,ATM,351000000
3046,314,102,3,11,2026-01-22,Giai ngan vay,Quay giao dich,1297000000
5494,166,106,10,32,2026-02-06,Giai ngan vay,Quay giao dich,1968000000
4786,12,101,8,27,2026-03-10,Phi banca,Internet Banking,300000
2823,400,101,11,36,2026-02-28,Tra no vay,Quay giao dich,35000000
3582,321,106,4,14,2026-07-10,Giai ngan vay,Mobile Banking,435000000
2342,225,104,3,9,2025-07-02,Giai ngan vay,Internet Banking,382000000
3902,,102,12,41,2026-01-26,Phi banca,Quay giao dich,900000
2941,34,105,4,14,2026-01-14,Giai ngan vay,Mobile Banking,688000000
3616,330,110,11,36,2026-02-06,Rut tiet kiem,POS,19000000
3988,123,104,1,2,2025-07-11,Gui tiet kiem,Quay giao dich,476000000
4836,306,102,3,10,2026-02-06,Giai ngan vay,ATM,682000000
3429,248,102,4,12,2025-07-06,Phi banca,Mobile Banking,1700000
1280,39,103,6,20,2026-01-08,Rut tiet kiem,Quay giao dich,122000000
4670,271,104,2,8,2025-11-29,Tra no vay,POS,53000000
2405,288,101,4,14,2025-12-23,Tra no vay,Mobile Banking,16000000
957,295,105,5,18,2025-11-02,Rut tiet kiem,Internet Banking,186000000
2272,100,104,5,15,2025-10-07,Giai ngan vay,Mobile Banking,857000000
5435,392,101,5,16,2025-12-02,Chi tieu the,ATM,4100000
1676,71,110,10,33,2026-04-12,Rut tiet kiem,POS,77000000
5296,32,107,1,1,2025-10-31,Chi tieu the,Quay giao dich,3700000
3179,299,109,8,27,2026-01-12,Tra no vay,Mobile Banking,61000000
4599,59,102,7,24,2026-06-10,Tra no vay,Mobile Banking,12000000
2220,34,107,4,14,2026-05-14,Rut tiet kiem,Quay giao dich,187000000
4694,,105,8,26,2025-07-18,Tra no vay,Internet Banking,8000000
4027,176,109,2,6,2026-07-10,Phi banca,ATM,1000000
3445,399,104,12,40,2026-02-05,Chi tieu the,ATM,3200000
2996,112,110,7,24,2026-01-06,Tra no vay,ATM,37000000
3946,175,109,6,19,2025-12-21,Chi tieu the,Quay giao dich,2000000
3814,224,105,3,9,2026-06-06,Chi tieu the,Quay giao dich,1300000
1864,212,109,8,26,2025-11-07,Gui tiet kiem,Mobile Banking,82000000
5713,40,103,8,27,2025-07-14,Giai ngan vay,POS,1245000000
1584,396,109,5,16,2025-12-06,Chi tieu the,POS,700000
2288,253,107,7,22,2026-04-21,Rut tiet kiem,Mobile Banking,121000000
1251,62,104,12,41,2026-07-26,Chi tieu the,Quay giao dich,3100000
1774,176,104,2,6,2026-02-06,Phi banca,Internet Banking,200000
4931,,105,10,33,2025-11-09,Rut tiet kiem,POS,124000000
793,208,101,7,25,2026-01-23,Rut tiet kiem,ATM,254000000
3739,336,105,4,14,2026-04-24,Giai ngan vay,ATM,733000000
237,210,101,10,35,2025-11-16,Rut tiet kiem,ATM,104000000
3215,188,106,3,10,2026-04-13,Tra no vay,Quay giao dich,41000000
3917,362,108,7,23,2025-11-29,Gui tiet kiem,Mobile Banking,356000000
1859,389,103,8,26,2025-12-19,Gui tiet kiem,Internet Banking,116000000
5053,163,104,5,16,2026-02-01,Chi tieu the,POS,1200000
4891,143,106,6,19,2026-01-29,Gui tiet kiem,ATM,322000000
4785,272,105,2,8,2025-08-14,Gui tiet kiem,POS,188000000
4328,278,110,10,32,2025-08-19,Chi tieu the,Quay giao dich,4600000
2625,138,108,10,35,2026-05-06,Rut tiet kiem,Quay giao dich,53000000
4273,272,104,2,8,2025-08-13,Gui tiet kiem,Internet Banking,31000000
1738,193,107,11,39,2026-04-06,Phi banca,Mobile Banking,1700000
4716,112,110,7,24,2025-11-26,Chi tieu the,Mobile Banking,2300000
2616,152,103,12,42,2025-10-03,Phi banca,ATM,1300000
3695,128,108,12,41,2026-05-02,Chi tieu the,ATM,4600000
931,113,108,5,18,2026-07-01,Giai ngan vay,Internet Banking,649000000
1342,346,109,7,24,2026-01-25,Tra no vay,Internet Banking,18000000
179,241,103,10,32,2025-10-07,Tra no vay,Internet Banking,99000000
5321,94,104,4,12,2025-07-08,Tra no vay,Quay giao dich,9000000
1268,354,104,2,8,2025-08-28,Tra no vay,Mobile Banking,49000000
4668,140,107,9,29,2025-12-31,Chi tieu the,Internet Banking,300000
3056,63,101,11,39,2025-09-22,Giai ngan vay,Quay giao dich,358000000
4071,13,106,8,28,2026-05-04,Rut tiet kiem,Mobile Banking,39000000
4803,76,104,12,42,2025-10-06,Chi tieu the,Quay giao dich,3800000
3677,205,106,1,3,2025-11-13,Rut tiet kiem,Quay giao dich,226000000
5827,267,108,8,26,2025-10-19,Rut tiet kiem,Mobile Banking,240000000
339,146,107,9,29,2026-06-21,Phi banca,ATM,1700000
1952,249,107,9,30,2025-11-17,Chi tieu the,Internet Banking,3100000
3132,262,102,3,10,2025-10-22,Gui tiet kiem,Mobile Banking,483000000
3494,224,103,3,9,2026-01-20,Rut tiet kiem,POS,111000000
2822,95,101,10,35,2025-07-22,Giai ngan vay,Quay giao dich,576000000
5564,205,109,1,3,2025-11-06,Gui tiet kiem,ATM,147000000
2247,131,103,11,36,2026-02-09,Chi tieu the,Quay giao dich,1700000
2440,133,103,9,30,2026-02-10,Rut tiet kiem,ATM,82000000
2104,63,110,11,39,2025-11-01,Gui tiet kiem,POS,10000000
449,324,106,3,9,2026-05-26,Gui tiet kiem,ATM,145000000
197,316,105,10,35,2026-03-28,Phi banca,Quay giao dich,400000
5387,361,109,3,9,2026-03-31,Gui tiet kiem,Internet Banking,458000000
5793,173,103,12,40,2025-10-19,Gui tiet kiem,ATM,15000000
2814,140,101,9,29,2026-05-06,Giai ngan vay,Mobile Banking,1441000000
3717,238,109,4,13,2025-10-08,Tra no vay,Mobile Banking,31000000
5807,68,102,1,5,2025-09-25,Chi tieu the,ATM,300000
212,259,102,10,34,2025-10-22,Giai ngan vay,ATM,353000000
1168,293,108,1,4,2026-03-05,Rut tiet kiem,Internet Banking,296000000
276,53,104,12,42,2026-04-04,Chi tieu the,Internet Banking,1900000
465,196,105,10,35,2026-01-19,Rut tiet kiem,Internet Banking,287000000
5664,325,106,7,24,2026-05-15,Giai ngan vay,Quay giao dich,1293000000
1090,12,106,8,27,2026-05-09,Rut tiet kiem,Mobile Banking,242000000
5192,65,110,5,17,2026-06-15,Tra no vay,Quay giao dich,98000000
3953,318,102,3,11,2026-07-20,Gui tiet kiem,Quay giao dich,207000000
4759,,104,12,42,2025-12-01,Gui tiet kiem,POS,137000000
4293,178,105,9,29,2026-07-16,Gui tiet kiem,Internet Banking,240000000
4935,164,103,11,39,2026-06-14,Rut tiet kiem,Mobile Banking,121000000
2877,292,106,7,22,2025-10-28,Chi tieu the,Mobile Banking,600000
1765,395,107,7,22,2025-12-20,Gui tiet kiem,Internet Banking,60000000
325,353,108,9,31,2025-09-01,Chi tieu the,POS,2000000
760,322,109,9,31,,Gui tiet kiem,Quay giao dich,57000000
968,195,106,2,8,2026-02-10,Chi tieu the,Mobile Banking,700000
3050,238,101,4,13,2026-02-22,Rut tiet kiem,Internet Banking,171000000
158,90,105,11,36,2025-12-29,Phi banca,Internet Banking,300000
3813,325,102,7,24,2026-03-07,Tra no vay,Internet Banking,6000000
559,382,102,11,37,2025-09-04,Chi tieu the,Internet Banking,4700000
3436,314,107,3,11,2025-10-14,Tra no vay,Quay giao dich,2000000
3653,209,106,4,14,2026-03-22,Chi tieu the,Mobile Banking,1300000
4239,184,102,2,8,2025-08-23,Chi tieu the,Quay giao dich,2300000
2285,237,103,1,1,2025-11-11,Chi tieu the,ATM,1700000
4104,121,105,11,36,2025-07-02,Phi banca,ATM,1400000
623,329,102,12,42,2026-01-16,Tra no vay,Internet Banking,99000000
25,66,105,7,24,2026-07-07,Rut tiet kiem,POS,172000000
3869,244,108,1,2,2026-01-06,Rut tiet kiem,Quay giao dich,246000000
469,392,103,5,16,2026-04-11,Gui tiet kiem,ATM,101000000
5590,135,101,11,39,2026-05-16,Rut tiet kiem,Mobile Banking,91000000
3773,285,102,2,7,2026-05-31,Gui tiet kiem,ATM,30000000
5927,366,106,10,35,2025-11-03,Rut tiet kiem,Quay giao dich,26000000
834,48,106,8,27,2026-06-28,Phi banca,POS,1700000
3430,391,108,11,38,2025-11-26,Giai ngan vay,Quay giao dich,279000000
3171,10,108,1,3,2026-06-20,Gui tiet kiem,Internet Banking,229000000
5689,209,101,4,14,2026-06-20,Rut tiet kiem,ATM,94000000
5457,190,107,9,31,2025-10-07,Tra no vay,ATM,88000000
345,54,101,8,28,2026-04-02,Rut tiet kiem,Mobile Banking,15000000
515,229,104,5,17,2026-04-05,Chi tieu the,POS,4200000
5439,380,108,9,29,2025-10-17,Tra no vay,ATM,95000000
2040,66,108,7,24,2026-05-07,Tra no vay,ATM,65000000
2321,135,105,11,39,2025-10-17,Gui tiet kiem,ATM,207000000
5448,388,102,3,11,2025-08-03,Giai ngan vay,Internet Banking,1806000000
3251,242,109,9,31,2026-03-26,Gui tiet kiem,Mobile Banking,92000000
2539,138,110,10,35,2026-04-28,Gui tiet kiem,POS,42000000
4560,160,108,5,17,2026-04-09,Rut tiet kiem,POS,173000000
2610,27,107,11,36,2026-05-02,Phi banca,ATM,900000
2506,351,108,5,16,2026-01-21,Rut tiet kiem,Quay giao dich,205000000
1982,188,101,3,10,2025-09-22,Chi tieu the,Mobile Banking,2200000
95,316,105,10,35,2025-10-08,Rut tiet kiem,Quay giao dich,291000000
4109,54,108,8,28,2025-12-21,Chi tieu the,Internet Banking,3100000
4804,87,105,1,5,2026-02-23,Gui tiet kiem,ATM,328000000
4585,186,101,9,29,2026-04-10,Chi tieu the,Quay giao dich,2200000
1862,113,104,5,18,2025-12-05,Gui tiet kiem,Internet Banking,40000000
3945,228,109,2,6,2026-05-17,Tra no vay,POS,90000000
1332,,106,2,6,2025-10-19,Tra no vay,Mobile Banking,36000000
4667,18,106,8,27,2026-07-13,Gui tiet kiem,POS,203000000
1767,78,105,6,19,2025-10-01,Tra no vay,ATM,85000000
1516,278,103,10,32,2026-06-02,Tra no vay,Quay giao dich,53000000
3605,308,108,10,32,2026-01-03,Phi banca,POS,300000
2931,283,110,1,3,2025-08-16,Tra no vay,Internet Banking,22000000
4488,25,110,2,6,2026-02-26,Rut tiet kiem,ATM,264000000
3584,77,103,8,28,2026-07-07,Gui tiet kiem,Quay giao dich,314000000
5463,278,103,10,32,2025-07-31,Chi tieu the,POS,900000
2556,249,109,9,30,2025-08-09,Tra no vay,POS,86000000
5168,231,110,2,8,2025-07-11,Phi banca,Mobile Banking,1100000
3199,49,103,9,31,2025-12-12,Tra no vay,Mobile Banking,37000000
2400,364,110,5,15,2025-10-14,Phi banca,Mobile Banking,700000
137,372,109,7,25,2026-04-25,Giai ngan vay,Internet Banking,513000000
2545,325,106,7,24,2025-12-30,Rut tiet kiem,POS,94000000
616,253,107,7,22,2026-07-26,Gui tiet kiem,POS,193000000
1430,281,110,5,16,2025-11-08,Gui tiet kiem,Mobile Banking,38000000
5194,180,102,11,39,2026-05-24,Rut tiet kiem,POS,103000000
2537,383,107,6,19,2026-01-29,Tra no vay,ATM,18000000
5181,,102,7,24,2025-12-18,Tra no vay,Mobile Banking,84000000
1973,362,110,7,23,2026-01-17,Giai ngan vay,Mobile Banking,1336000000
830,153,101,10,33,2025-09-30,Phi banca,POS,1600000
5388,256,107,2,6,2025-11-11,Giai ngan vay,Internet Banking,-624000000
1379,198,110,4,14,2026-06-21,Phi banca,POS,300000
4816,114,101,9,31,2026-03-29,Phi banca,ATM,1500000
662,170,102,1,1,2025-07-02,Phi banca,ATM,1700000
2281,318,107,3,11,2025-08-31,Rut tiet kiem,ATM,3000000
3591,66,107,7,24,2025-10-18,Chi tieu the,Internet Banking,4800000
510,191,107,11,37,2026-01-01,Rut tiet kiem,Mobile Banking,272000000
4493,149,107,1,2,2025-10-30,Giai ngan vay,Quay giao dich,1423000000
1646,395,102,7,22,2025-07-19,Rut tiet kiem,Internet Banking,197000000
925,283,108,1,3,2025-07-27,Tra no vay,ATM,90000000
1850,,110,7,24,2025-10-19,Phi banca,Internet Banking,100000
5616,101,102,3,10,2025-12-02,Rut tiet kiem,Internet Banking,215000000
205,284,109,12,42,2026-04-11,Chi tieu the,POS,2300000
5596,377,106,1,4,2026-02-23,Rut tiet kiem,Internet Banking,295000000
4393,382,101,11,37,2026-06-18,Chi tieu the,Internet Banking,300000
3621,193,105,11,39,2026-05-17,Gui tiet kiem,POS,47000000
3158,134,107,5,17,2026-03-04,Chi tieu the,Internet Banking,3300000
659,5,101,10,32,2025-11-14,Phi banca,Quay giao dich,100000
2420,132,105,3,9,2026-05-19,Rut tiet kiem,POS,164000000
2176,47,109,1,3,2025-09-16,Phi banca,Mobile Banking,1000000
4633,115,107,4,13,2025-11-29,Tra no vay,Mobile Banking,45000000
3523,180,107,11,39,2026-06-02,Rut tiet kiem,ATM,96000000
5612,86,106,4,13,,Tra no vay,Quay giao dich,74000000
4989,11,103,3,11,2025-10-18,Gui tiet kiem,Mobile Banking,53000000
2769,157,107,8,26,2026-06-05,Giai ngan vay,POS,1439000000
4636,55,101,12,42,2026-03-01,Rut tiet kiem,Internet Banking,23000000
3871,22,105,10,32,2026-03-17,Rut tiet kiem,ATM,141000000
313,131,110,11,36,2026-01-17,Phi banca,ATM,700000
2963,221,103,2,6,2025-10-21,Chi tieu the,POS,2900000
5608,121,103,11,36,2026-02-28,Gui tiet kiem,Quay giao dich,157000000
3870,110,110,12,41,2026-04-01,Chi tieu the,Quay giao dich,4200000
3643,253,107,7,22,2025-12-27,Tra no vay,POS,43000000
5988,7,107,4,14,2025-10-15,Gui tiet kiem,ATM,338000000
2687,285,103,2,7,2025-11-02,Tra no vay,Mobile Banking,8000000
2113,22,103,10,32,2026-03-18,Tra no vay,Mobile Banking,4000000
5180,1,110,5,17,2026-03-29,Phi banca,Quay giao dich,1200000
789,,103,3,9,2026-07-03,Chi tieu the,Mobile Banking,2200000
2170,371,104,8,28,2026-02-14,Gui tiet kiem,Quay giao dich,272000000
5043,131,110,11,36,2025-10-03,Rut tiet kiem,ATM,209000000
3786,296,102,7,25,2026-04-18,Chi tieu the,ATM,1600000
2229,,106,11,39,2026-02-27,Chi tieu the,Mobile Banking,800000
2929,320,109,1,4,2026-02-02,Rut tiet kiem,Mobile Banking,130000000
814,196,105,10,35,2026-06-03,Phi banca,ATM,100000
3152,306,101,3,10,2025-12-27,Phi banca,Quay giao dich,1800000
1474,98,110,5,17,2026-05-23,Chi tieu the,ATM,4300000
5822,230,107,3,9,2025-09-28,Tra no vay,POS,91000000
3368,309,107,6,19,2025-10-02,Giai ngan vay,ATM,1480000000
1518,386,108,8,28,2026-04-11,Gui tiet kiem,Mobile Banking,383000000
2608,155,110,6,20,2025-08-26,Gui tiet kiem,ATM,405000000
4811,109,105,2,6,2026-04-13,Chi tieu the,Quay giao dich,1700000
3731,182,104,8,27,2025-11-06,Rut tiet kiem,Internet Banking,32000000
545,156,110,7,22,2026-01-25,Gui tiet kiem,ATM,438000000
3892,303,110,10,34,2025-09-12,Tra no vay,Internet Banking,37000000
3647,287,105,12,42,2026-06-13,Chi tieu the,POS,4200000
3186,194,110,6,20,2025-09-12,Phi banca,Internet Banking,700000
1589,177,107,5,17,2026-06-05,Rut tiet kiem,Quay giao dich,290000000
3384,108,103,10,33,2025-07-09,Tra no vay,Mobile Banking,56000000
652,257,109,9,30,2026-06-03,Chi tieu the,ATM,600000
5076,155,109,6,20,2026-01-10,Phi banca,Mobile Banking,1600000
4717,82,109,8,28,2026-03-14,Tra no vay,Internet Banking,-62000000
5471,377,102,1,4,2026-05-02,Chi tieu the,ATM,1600000
4963,254,107,7,22,2025-10-17,Rut tiet kiem,POS,38000000
5630,83,109,8,27,2026-07-22,Rut tiet kiem,POS,60000000
5458,257,107,9,30,2025-10-29,Phi banca,ATM,1000000
5756,290,104,10,33,2025-10-03,Rut tiet kiem,Internet Banking,101000000
4274,104,103,7,22,2026-03-16,Tra no vay,Mobile Banking,86000000
4344,295,110,5,18,2025-09-15,Gui tiet kiem,Internet Banking,413000000
4230,254,104,7,22,2026-07-03,Giai ngan vay,Quay giao dich,928000000
913,105,101,7,22,2025-09-10,Giai ngan vay,Quay giao dich,1213000000
558,283,104,1,3,2026-06-03,Phi banca,POS,500000
3236,351,109,5,16,2025-11-20,Phi banca,Mobile Banking,1800000
1581,320,107,1,4,2026-05-16,Tra no vay,POS,71000000
3203,249,104,9,30,,Giai ngan vay,ATM,1269000000
2222,3,108,11,37,2025-07-05,Rut tiet kiem,Mobile Banking,24000000
5763,293,110,1,4,2026-05-18,Giai ngan vay,Quay giao dich,481000000
5280,107,104,9,29,2025-11-21,Gui tiet kiem,ATM,97000000
1172,235,102,10,32,2025-08-31,Phi banca,POS,1500000
462,6,108,11,39,2025-09-07,Phi banca,Internet Banking,1400000
2662,152,106,12,42,2025-10-09,Phi banca,POS,1500000
5505,170,108,1,1,2026-03-09,Gui tiet kiem,Mobile Banking,18000000
306,310,103,10,32,2026-04-29,Phi banca,Mobile Banking,800000
5453,52,103,11,36,2025-12-20,Phi banca,Internet Banking,300000
3688,169,105,11,39,2025-11-12,Tra no vay,POS,44000000
5529,365,107,8,26,2026-07-15,Rut tiet kiem,POS,36000000
1213,203,104,6,19,2026-06-04,Giai ngan vay,ATM,726000000
4,301,109,12,40,2026-01-31,Tra no vay,Quay giao dich,76000000
2727,172,108,12,40,2026-05-24,Gui tiet kiem,POS,47000000
3545,1,102,5,17,2025-10-23,Giai ngan vay,POS,1619000000
2779,389,104,8,26,2026-04-17,Phi banca,Quay giao dich,500000
348,38,108,8,27,2026-04-26,Gui tiet kiem,ATM,460000000
2491,104,101,7,22,2026-03-14,Phi banca,POS,1300000
869,73,101,9,30,2026-06-07,Tra no vay,ATM,34000000
131,47,103,1,3,2026-02-27,Tra no vay,POS,29000000
2534,231,105,2,8,2025-07-14,Chi tieu the,Mobile Banking,1900000
2824,15,109,3,10,2026-05-07,Gui tiet kiem,Internet Banking,97000000
3444,394,102,6,19,2026-04-21,Gui tiet kiem,ATM,498000000
4014,112,110,7,24,2026-07-17,Chi tieu the,Mobile Banking,400000
2026,143,110,6,19,2026-06-19,Gui tiet kiem,POS,338000000
389,15,102,3,10,2025-11-19,Gui tiet kiem,ATM,311000000
5094,337,104,7,24,2026-07-16,Phi banca,Mobile Banking,1600000
2299,1,105,5,17,2025-12-23,Chi tieu the,Quay giao dich,500000
113,96,103,11,37,2026-01-02,Phi banca,POS,1100000
79,252,110,2,7,2026-04-08,Gui tiet kiem,Internet Banking,406000000
1780,392,104,5,16,2025-11-02,Phi banca,Internet Banking,700000
1795,265,109,10,35,2025-07-26,Chi tieu the,POS,800000
1970,68,103,1,5,2025-07-20,Gui tiet kiem,Mobile Banking,26000000
529,151,108,12,42,2025-07-15,Rut tiet kiem,Mobile Banking,216000000
28,272,105,2,8,2026-01-28,Rut tiet kiem,Quay giao dich,103000000
1015,322,101,9,31,2025-10-07,Giai ngan vay,Internet Banking,1246000000
1072,,105,12,40,2026-02-02,Gui tiet kiem,ATM,99000000
1777,17,107,4,13,2025-11-08,Phi banca,Internet Banking,-500000
3061,390,109,4,14,2026-04-29,Rut tiet kiem,Internet Banking,230000000
4064,249,106,9,30,2026-01-21,Phi banca,POS,400000
5259,392,104,5,16,2026-03-04,Tra no vay,Quay giao dich,14000000
5688,194,110,6,20,2026-03-13,Giai ngan vay,POS,146000000
2296,89,109,5,16,2026-01-27,Chi tieu the,Mobile Banking,4200000
1673,171,105,2,6,2025-11-07,Tra no vay,POS,58000000
2072,275,109,1,4,2026-07-10,Chi tieu the,Mobile Banking,4400000
4761,101,107,3,10,2026-02-23,Phi banca,Internet Banking,600000
5059,332,109,7,24,2026-02-03,Tra no vay,Quay giao dich,17000000
4232,140,108,9,29,2026-03-18,Phi banca,Quay giao dich,1000000
3532,67,109,4,14,2026-04-20,Phi banca,Quay giao dich,1800000
4129,329,108,12,42,2025-10-23,Rut tiet kiem,ATM,274000000
538,165,107,7,25,2026-04-28,Tra no vay,Quay giao dich,56000000
3423,14,103,6,19,2026-05-14,Phi banca,Quay giao dich,200000
4225,227,103,2,8,2025-07-09,Phi banca,Mobile Banking,1700000
387,155,110,6,20,2025-12-03,Chi tieu the,ATM,100000
4387,367,102,11,38,2026-07-24,Tra no vay,ATM,66000000
2115,267,102,8,26,2026-01-10,Giai ngan vay,Internet Banking,206000000
5750,92,107,8,27,2025-10-24,Gui tiet kiem,Mobile Banking,275000000
5926,341,109,2,8,2026-05-17,Phi banca,Mobile Banking,1900000
1537,277,108,7,25,2025-11-25,Chi tieu the,ATM,4900000
4757,146,106,9,29,2026-01-02,Tra no vay,ATM,55000000
232,35,109,6,21,2026-03-30,Rut tiet kiem,Quay giao dich,75000000
2863,288,110,4,14,2026-05-06,Phi banca,Mobile Banking,700000
5291,177,106,5,17,2026-03-08,Rut tiet kiem,Mobile Banking,269000000
3450,247,107,8,26,2025-07-20,Giai ngan vay,Quay giao dich,668000000
3772,14,110,6,19,2025-10-21,Gui tiet kiem,ATM,305000000
2828,257,107,9,30,2026-07-20,Tra no vay,Mobile Banking,52000000
4849,11,104,3,11,2026-05-18,Chi tieu the,Mobile Banking,1800000
2778,206,108,1,3,2025-09-23,Gui tiet kiem,Quay giao dich,239000000
2962,224,107,3,9,2026-06-18,Rut tiet kiem,Internet Banking,49000000
1495,375,102,7,24,2026-06-16,Rut tiet kiem,ATM,112000000
5474,7,102,4,14,2026-07-23,Giai ngan vay,Quay giao dich,1569000000
5172,109,101,2,6,2025-11-13,Chi tieu the,POS,300000
4019,125,110,1,4,2026-06-22,Giai ngan vay,Internet Banking,1993000000
3464,293,106,1,4,2026-06-30,Giai ngan vay,POS,674000000
5623,101,102,3,10,2026-05-12,Phi banca,Quay giao dich,1100000
1571,383,103,6,19,2026-02-04,Gui tiet kiem,Quay giao dich,488000000
4681,46,104,11,39,2026-02-13,Giai ngan vay,Mobile Banking,1621000000
4743,134,101,5,17,2026-01-15,Giai ngan vay,POS,899000000
5060,,101,4,14,2026-06-26,Rut tiet kiem,ATM,170000000
5961,372,106,7,25,2025-07-30,Tra no vay,POS,20000000
857,107,110,9,29,2026-07-25,Chi tieu the,POS,4600000
148,245,109,3,10,2025-07-17,Giai ngan vay,POS,986000000
4049,250,104,9,30,2026-05-20,Phi banca,Internet Banking,2000000
320,92,108,8,27,2025-08-05,Rut tiet kiem,ATM,202000000
1150,371,109,8,28,2025-09-01,Rut tiet kiem,Mobile Banking,251000000
974,276,104,9,29,2025-07-04,Gui tiet kiem,ATM,194000000
682,68,106,1,5,2026-07-21,Gui tiet kiem,POS,440000000
919,358,102,6,19,2026-04-25,Giai ngan vay,ATM,116000000
5487,110,108,12,41,,Gui tiet kiem,Mobile Banking,83000000
1313,124,105,10,33,2025-09-28,Rut tiet kiem,Quay giao dich,66000000
780,65,104,5,17,2026-01-22,Gui tiet kiem,POS,117000000
3749,384,107,8,26,2026-04-08,Gui tiet kiem,ATM,223000000
3438,112,108,7,24,2025-07-31,Tra no vay,Quay giao dich,2000000
3193,168,108,5,16,2026-05-04,Gui tiet kiem,Internet Banking,237000000
3237,223,109,7,22,2025-08-27,Gui tiet kiem,Quay giao dich,163000000
2585,242,103,9,31,2025-07-03,Giai ngan vay,Quay giao dich,1718000000
3510,323,108,1,5,2025-10-10,Tra no vay,POS,79000000
827,53,102,12,42,2026-02-21,Gui tiet kiem,POS,59000000
2280,78,109,6,19,2026-05-19,Giai ngan vay,ATM,1887000000
3147,157,104,8,26,2026-06-17,Phi banca,Mobile Banking,1900000
5006,395,109,7,22,2025-11-15,Rut tiet kiem,POS,59000000
3181,77,105,8,28,2026-04-01,Tra no vay,POS,60000000
2603,41,106,1,1,2026-03-04,Phi banca,Quay giao dich,700000
3413,,107,1,5,2026-05-15,Tra no vay,Internet Banking,94000000
1302,161,108,2,7,2025-11-21,Giai ngan vay,POS,1480000000
4995,16,104,11,39,2026-01-13,Rut tiet kiem,Internet Banking,250000000
3741,258,104,7,24,2025-07-23,Gui tiet kiem,Internet Banking,326000000
3000,106,102,9,30,2026-02-05,Chi tieu the,Internet Banking,4400000
323,77,101,8,28,2025-07-20,Giai ngan vay,ATM,1902000000
3944,145,102,1,3,2026-02-24,Gui tiet kiem,Internet Banking,91000000
5301,354,103,2,8,2026-06-25,Gui tiet kiem,Quay giao dich,18000000
418,176,109,2,6,2026-04-06,Gui tiet kiem,Quay giao dich,225000000
2050,58,107,2,6,2026-02-22,Giai ngan vay,Mobile Banking,1112000000
4208,325,104,7,24,2026-06-07,Phi banca,Quay giao dich,1100000
2833,351,105,5,16,2025-09-28,Giai ngan vay,Quay giao dich,1097000000
4577,298,101,8,28,2026-07-10,Gui tiet kiem,Mobile Banking,232000000
2974,85,109,12,42,2025-07-01,Chi tieu the,Quay giao dich,1400000
819,3,107,11,37,2025-07-17,Gui tiet kiem,Quay giao dich,83000000
1100,235,108,10,32,2026-07-21,Giai ngan vay,Mobile Banking,1461000000
3588,48,104,8,27,2026-03-09,Chi tieu the,POS,700000
1989,88,104,5,18,2025-07-15,Giai ngan vay,Mobile Banking,145000000
3080,206,101,1,3,2026-01-10,Giai ngan vay,POS,1442000000
4318,215,109,3,9,2025-11-26,Gui tiet kiem,POS,116000000
4861,169,110,11,39,2026-05-29,Rut tiet kiem,Internet Banking,231000000
3198,351,101,5,16,2025-08-11,Chi tieu the,Quay giao dich,1900000
458,61,101,1,4,2026-07-03,Tra no vay,POS,87000000
5287,310,103,10,32,2026-02-28,Phi banca,Internet Banking,1600000
513,202,101,8,28,2026-06-04,Chi tieu the,Mobile Banking,2600000
235,119,101,6,21,2025-12-31,Phi banca,Quay giao dich,1600000
560,99,101,9,30,2026-06-20,Chi tieu the,POS,100000
1587,329,108,12,42,2025-09-28,Giai ngan vay,Mobile Banking,1114000000
1291,231,106,2,8,2026-07-16,Giai ngan vay,ATM,1613000000
3909,151,103,12,42,2025-12-31,Giai ngan vay,Mobile Banking,1058000000
898,222,103,7,23,2026-05-22,Rut tiet kiem,Quay giao dich,124000000
2413,206,101,1,3,2025-12-17,Tra no vay,Quay giao dich,51000000
5237,306,109,3,10,2026-05-11,Giai ngan vay,Quay giao dich,1938000000
4800,195,107,2,8,2026-03-21,Tra no vay,Internet Banking,20000000
5721,99,103,9,30,2025-09-27,Chi tieu the,Quay giao dich,2000000
610,82,110,8,28,2026-04-21,Chi tieu the,Internet Banking,3000000
210,6,107,11,39,2025-07-28,Chi tieu the,Internet Banking,1000000
4955,8,105,9,30,2026-06-21,Tra no vay,Mobile Banking,64000000
3308,215,109,3,9,2026-06-21,Rut tiet kiem,Internet Banking,3000000
5631,318,107,3,11,2026-03-06,Rut tiet kiem,POS,159000000
3359,254,103,7,22,2025-07-05,Giai ngan vay,Internet Banking,1742000000
1823,84,109,12,42,2026-05-09,Phi banca,Internet Banking,1600000
680,12,109,8,27,2026-01-17,Tra no vay,Internet Banking,97000000
1402,241,101,10,32,2026-06-17,Rut tiet kiem,POS,34000000
3779,145,109,1,3,2026-06-09,Rut tiet kiem,POS,23000000
4084,227,104,2,8,2026-07-07,Chi tieu the,Mobile Banking,4500000
4774,119,101,6,21,2026-07-23,Giai ngan vay,Quay giao dich,511000000
1165,169,108,11,39,2026-06-08,Chi tieu the,POS,4900000
5128,346,103,7,24,2026-02-09,Giai ngan vay,Internet Banking,205000000
3031,,103,3,10,2025-08-08,Phi banca,Internet Banking,300000
2676,150,103,6,21,2026-02-06,Rut tiet kiem,ATM,189000000
457,26,107,2,6,2026-05-13,Chi tieu the,ATM,1100000
2098,327,101,7,25,2025-10-16,Chi tieu the,POS,800000
2085,352,108,10,35,2025-10-05,Giai ngan vay,Internet Banking,1066000000
2301,113,104,5,18,2026-01-06,Chi tieu the,Mobile Banking,2000000
1855,296,101,7,25,2026-05-26,Tra no vay,Quay giao dich,71000000
1145,79,104,10,32,2025-09-14,Giai ngan vay,Mobile Banking,103000000
5764,238,108,4,13,2026-03-17,Giai ngan vay,POS,880000000
5242,108,106,10,33,2026-02-14,Phi banca,Internet Banking,1200000
4380,356,101,10,33,2025-12-21,Phi banca,ATM,1400000
866,318,107,3,11,2026-01-17,Gui tiet kiem,ATM,117000000
4194,145,107,1,3,2026-04-27,Gui tiet kiem,Quay giao dich,254000000
581,38,106,8,27,2025-07-16,Gui tiet kiem,POS,77000000
4287,39,102,6,20,2026-05-21,Chi tieu the,Quay giao dich,300000
2536,197,103,6,21,2025-08-29,Rut tiet kiem,POS,194000000
4350,254,108,7,22,2025-12-28,Tra no vay,Mobile Banking,15000000
5189,318,110,3,11,2026-01-11,Rut tiet kiem,Mobile Banking,30000000
4004,197,103,6,21,2025-12-13,Phi banca,Mobile Banking,200000
4278,153,108,10,33,2026-01-14,Phi banca,Quay giao dich,700000
254,294,109,7,24,2025-09-29,Phi banca,ATM,1000000
1110,187,101,11,37,2026-01-21,Giai ngan vay,Quay giao dich,605000000
4412,203,109,6,19,2026-03-08,Chi tieu the,POS,4900000
2547,92,106,8,27,2025-12-23,Phi banca,Quay giao dich,1000000
3390,232,108,4,12,2026-05-26,Gui tiet kiem,Quay giao dich,135000000
2193,240,102,3,11,2026-06-05,Chi tieu the,Mobile Banking,300000
3293,380,101,9,29,2026-02-22,Phi banca,POS,1100000
3177,36,107,3,11,2026-01-23,Gui tiet kiem,ATM,368000000
871,24,101,11,38,2026-04-17,Rut tiet kiem,Internet Banking,258000000
3172,139,107,1,1,2026-07-22,Rut tiet kiem,ATM,255000000
35,176,108,2,6,2025-12-31,Rut tiet kiem,Mobile Banking,207000000
3906,190,110,9,31,2025-10-26,Chi tieu the,Internet Banking,4800000
4912,158,110,12,41,,Phi banca,Quay giao dich,200000
3197,120,102,4,14,2026-06-25,Gui tiet kiem,POS,183000000
3187,149,102,1,2,2025-07-24,Giai ngan vay,Mobile Banking,240000000
3632,236,110,9,30,2025-07-10,Phi banca,Internet Banking,800000
216,351,110,5,16,2025-08-15,Phi banca,Quay giao dich,1100000
1757,217,101,5,16,2025-10-25,Chi tieu the,POS,1400000
359,354,106,2,8,2026-03-29,Giai ngan vay,Quay giao dich,1479000000
1623,355,104,1,1,2026-06-05,Tra no vay,POS,38000000
5419,382,108,11,37,2026-02-28,Gui tiet kiem,Mobile Banking,395000000
732,75,107,12,42,2025-07-10,Rut tiet kiem,POS,27000000
2983,226,109,1,5,2026-05-03,Rut tiet kiem,ATM,5000000
852,195,105,2,8,2026-06-23,Rut tiet kiem,Mobile Banking,236000000
5671,252,110,2,7,2025-09-11,Tra no vay,Quay giao dich,14000000
502,252,102,2,7,2026-01-29,Giai ngan vay,ATM,1190000000
5843,325,109,7,24,2025-09-27,Rut tiet kiem,ATM,85000000
2947,164,108,11,39,2026-01-25,Rut tiet kiem,ATM,157000000
2268,278,110,10,32,2025-07-18,Rut tiet kiem,POS,81000000
5052,80,103,7,25,2026-02-15,Gui tiet kiem,POS,145000000
1853,316,103,10,35,2026-04-06,Giai ngan vay,Internet Banking,1912000000
4309,88,102,5,18,2025-07-31,Gui tiet kiem,POS,252000000
3439,254,102,7,22,2025-11-18,Chi tieu the,Quay giao dich,1400000
5936,48,110,8,27,2026-01-19,Rut tiet kiem,ATM,48000000
5078,368,105,4,13,2025-08-29,Chi tieu the,Quay giao dich,4800000
5522,49,102,9,31,2025-09-12,Gui tiet kiem,ATM,379000000
129,377,103,1,4,2026-06-03,Phi banca,Quay giao dich,400000
2461,334,102,7,24,2026-06-04,Giai ngan vay,Quay giao dich,1201000000
1811,93,106,10,32,2026-02-18,Chi tieu the,Quay giao dich,3900000
3381,200,110,4,14,2026-07-01,Chi tieu the,POS,3300000
2685,147,106,5,18,2026-03-10,Tra no vay,POS,15000000
1202,182,107,8,27,2025-09-07,Gui tiet kiem,ATM,437000000
2431,110,102,12,41,2026-06-14,Phi banca,Internet Banking,1500000
5520,,107,7,23,2025-10-06,Chi tieu the,Mobile Banking,2900000
4956,126,107,4,14,2026-05-30,Phi banca,Mobile Banking,1400000
3128,366,105,10,35,2025-09-29,Gui tiet kiem,Mobile Banking,210000000
2533,141,108,12,40,2026-01-14,Phi banca,Quay giao dich,1600000
2422,62,109,12,41,2026-05-01,Giai ngan vay,ATM,1134000000
2245,306,108,3,10,2026-02-05,Gui tiet kiem,Internet Banking,165000000
5378,143,110,6,19,2026-06-22,Gui tiet kiem,Quay giao dich,397000000
1918,19,101,4,12,2025-09-16,Phi banca,ATM,1100000
2465,397,109,1,5,2026-03-27,Rut tiet kiem,Mobile Banking,231000000
757,391,101,11,38,2025-09-06,Gui tiet kiem,Mobile Banking,142000000
2549,1,105,5,17,2026-02-26,Rut tiet kiem,Mobile Banking,130000000
1415,251,107,5,18,2026-04-08,Phi banca,POS,1200000
4188,191,102,11,37,2026-03-19,Giai ngan vay,Mobile Banking,187000000
2442,353,101,9,31,2025-08-03,Chi tieu the,ATM,3400000
645,80,104,7,25,2025-07-03,Chi tieu the,Quay giao dich,2700000
4626,178,101,9,29,2026-06-19,Chi tieu the,Mobile Banking,2800000
5952,104,109,7,22,2025-09-16,Gui tiet kiem,POS,251000000
774,191,101,11,37,2026-06-25,Phi banca,Quay giao dich,100000
1349,37,105,12,40,2025-11-01,Giai ngan vay,ATM,1159000000
4237,55,110,12,42,2026-03-29,Chi tieu the,Internet Banking,1500000
1514,210,102,10,35,2025-11-21,Tra no vay,POS,44000000
251,126,109,4,14,2025-11-20,Phi banca,POS,200000
4606,381,102,9,31,2025-08-10,Chi tieu the,ATM,3400000
5119,20,102,10,35,2026-05-04,Rut tiet kiem,Mobile Banking,46000000
5931,64,109,7,22,2026-04-20,Tra no vay,ATM,-62000000
3886,132,105,3,9,2025-09-15,Rut tiet kiem,ATM,150000000
2094,92,103,8,27,2025-08-06,Phi banca,ATM,300000
104,188,107,3,10,2025-10-23,Phi banca,POS,1700000
5841,8,101,9,30,2025-09-10,Tra no vay,ATM,2000000
2852,216,102,8,27,2025-11-01,Tra no vay,Quay giao dich,35000000
5707,389,108,8,26,2025-07-02,Chi tieu the,ATM,2600000
3635,235,103,10,32,2026-02-07,Rut tiet kiem,Internet Banking,89000000
4085,121,103,11,36,2025-07-06,Gui tiet kiem,Internet Banking,51000000
2517,135,101,11,39,2025-12-07,Chi tieu the,Internet Banking,2000000
1881,26,105,2,6,2026-07-01,Rut tiet kiem,Mobile Banking,68000000
4357,164,106,11,39,2025-07-17,Tra no vay,Mobile Banking,33000000
1629,259,108,10,34,2026-07-03,Rut tiet kiem,Mobile Banking,265000000
629,35,104,6,21,2026-01-27,Chi tieu the,Internet Banking,3700000
4467,296,103,7,25,2025-09-18,Rut tiet kiem,ATM,59000000
5672,239,101,11,38,2025-10-05,Rut tiet kiem,Mobile Banking,232000000
3768,293,104,1,4,2026-01-05,Gui tiet kiem,ATM,344000000
4200,364,108,5,15,2025-12-03,Rut tiet kiem,ATM,167000000
3839,344,103,1,3,2026-02-21,Phi banca,POS,200000
2250,334,108,7,24,2026-02-04,Gui tiet kiem,POS,500000000
4555,217,103,5,16,2026-04-02,Gui tiet kiem,Quay giao dich,451000000
4545,272,102,2,8,2026-07-11,Rut tiet kiem,Mobile Banking,241000000
4331,296,110,7,25,2025-08-21,Giai ngan vay,ATM,420000000
3795,109,105,2,6,2026-05-25,Rut tiet kiem,Internet Banking,127000000
5108,184,101,2,8,2025-08-24,Chi tieu the,Mobile Banking,4100000
4924,4,101,6,20,2025-10-27,Rut tiet kiem,Quay giao dich,188000000
3253,316,108,10,35,2025-07-12,Giai ngan vay,POS,1012000000
779,257,105,9,30,2026-06-29,Tra no vay,Mobile Banking,12000000
3711,363,104,10,33,2026-06-17,Phi banca,Mobile Banking,1900000
1171,391,109,11,38,2025-11-12,Giai ngan vay,Quay giao dich,1162000000
402,64,110,7,22,2025-10-14,Rut tiet kiem,POS,180000000
3238,13,110,8,28,2026-06-28,Gui tiet kiem,POS,169000000
4875,37,108,12,40,2026-04-20,Gui tiet kiem,Mobile Banking,411000000
4057,241,107,10,32,2026-04-26,Rut tiet kiem,Quay giao dich,105000000
3270,359,105,6,20,2026-03-12,Rut tiet kiem,ATM,175000000
669,55,107,12,42,2026-07-02,Rut tiet kiem,Quay giao dich,168000000
5849,273,105,11,37,2026-06-02,Giai ngan vay,ATM,1668000000
3513,122,103,1,3,2025-08-18,Chi tieu the,POS,2700000
5091,199,109,8,27,2026-03-06,Rut tiet kiem,Mobile Banking,196000000
5669,121,109,11,36,2026-01-02,Giai ngan vay,POS,1563000000
1152,9,101,9,29,2026-01-11,Tra no vay,ATM,47000000
5992,400,103,11,36,2026-04-09,Gui tiet kiem,Internet Banking,189000000
4407,229,108,5,17,2026-06-30,Chi tieu the,ATM,1300000
395,191,108,11,37,2026-01-27,Rut tiet kiem,Internet Banking,112000000
2218,203,103,6,19,2025-09-22,Tra no vay,Quay giao dich,50000000
4839,341,109,2,8,2026-04-19,Tra no vay,POS,64000000
121,20,109,10,35,2026-03-15,Gui tiet kiem,Quay giao dich,251000000
4180,212,102,8,26,2025-10-22,Gui tiet kiem,Internet Banking,387000000
1336,16,101,11,39,2026-03-12,Tra no vay,ATM,74000000
4173,142,106,5,15,2026-01-18,Giai ngan vay,Internet Banking,1621000000
3254,224,103,3,9,2026-03-08,Phi banca,POS,300000
2768,377,105,1,4,2025-07-13,Tra no vay,Internet Banking,83000000
2048,,110,12,42,2026-02-20,Phi banca,Internet Banking,2000000
3037,228,107,2,6,2026-03-20,Gui tiet kiem,Internet Banking,279000000
1568,141,106,12,40,2025-12-20,Gui tiet kiem,ATM,52000000
1079,78,108,6,19,2026-07-16,Rut tiet kiem,ATM,88000000
374,226,105,1,5,,Rut tiet kiem,Mobile Banking,18000000
3146,338,107,5,15,2026-03-14,Phi banca,Internet Banking,300000
2337,345,110,5,15,2026-04-01,Tra no vay,Mobile Banking,54000000
769,335,104,9,30,2026-01-13,Chi tieu the,ATM,3500000
436,383,105,6,19,2026-02-08,Giai ngan vay,ATM,-1348000000
4652,32,107,1,1,2025-10-18,Gui tiet kiem,Mobile Banking,56000000
666,376,107,12,41,2025-11-28,Rut tiet kiem,POS,74000000
4307,164,101,11,39,2025-12-18,Giai ngan vay,Quay giao dich,1800000000
3012,155,108,6,20,2026-01-02,Gui tiet kiem,POS,339000000
4514,340,106,10,34,2025-07-24,Gui tiet kiem,Quay giao dich,451000000
807,102,102,11,39,2026-07-06,Chi tieu the,POS,4800000
990,106,102,9,30,2026-05-11,Giai ngan vay,POS,90000000
2793,264,105,12,40,2026-03-27,Chi tieu the,Quay giao dich,100000
5825,209,106,4,14,2026-02-25,Phi banca,ATM,1500000
2773,336,109,4,14,2026-02-05,Tra no vay,Mobile Banking,56000000
828,40,108,8,27,2026-01-02,Tra no vay,Mobile Banking,3000000
1457,396,109,5,16,2025-10-12,Rut tiet kiem,Mobile Banking,259000000
483,254,109,7,22,2026-05-19,Gui tiet kiem,POS,153000000
824,79,101,10,32,2026-05-13,Gui tiet kiem,POS,297000000
481,289,110,6,19,2026-02-02,Tra no vay,Quay giao dich,24000000
1398,77,107,8,28,2026-05-11,Gui tiet kiem,ATM,282000000
5431,396,110,5,16,2025-09-23,Gui tiet kiem,ATM,144000000
5462,90,105,11,36,2026-02-14,Rut tiet kiem,Internet Banking,175000000
4941,12,107,8,27,2026-07-21,Phi banca,Mobile Banking,700000
2251,400,105,11,36,2025-09-19,Chi tieu the,POS,3600000
4100,314,104,3,11,2026-04-21,Tra no vay,POS,92000000
3364,139,106,1,1,2025-09-12,Rut tiet kiem,POS,229000000
3554,396,105,5,16,2025-07-22,Rut tiet kiem,Quay giao dich,38000000
2278,51,110,7,23,2025-09-06,Tra no vay,Mobile Banking,30000000
4735,88,107,5,18,2025-09-19,Chi tieu the,Quay giao dich,4700000
3370,151,108,12,42,2026-05-06,Tra no vay,Mobile Banking,16000000
972,115,103,4,13,2025-11-25,Chi tieu the,Internet Banking,4300000
601,161,104,2,7,2026-02-05,Rut tiet kiem,ATM,231000000
4236,206,110,1,3,2025-10-27,Phi banca,POS,700000
4040,399,104,12,40,2026-01-02,Giai ngan vay,Mobile Banking,1291000000
2580,115,106,4,13,2025-11-16,Phi banca,Mobile Banking,1400000
4844,174,103,10,35,2026-02-06,Gui tiet kiem,Internet Banking,438000000
3536,77,104,8,28,2025-07-24,Chi tieu the,POS,3900000
5185,236,108,9,30,2026-01-11,Chi tieu the,POS,3200000
2867,49,110,9,31,2026-03-26,Gui tiet kiem,Mobile Banking,215000000
5996,,105,11,38,2026-02-21,Chi tieu the,Quay giao dich,4200000
1724,88,102,5,18,2025-08-15,Gui tiet kiem,ATM,435000000
5381,102,110,11,39,2025-07-31,Tra no vay,Mobile Banking,55000000
2951,326,103,4,13,2025-09-20,Rut tiet kiem,Internet Banking,64000000
1054,358,104,6,19,2026-02-27,Tra no vay,ATM,13000000
2674,176,110,2,6,2025-08-06,Rut tiet kiem,Internet Banking,269000000
1001,395,104,7,22,2026-02-14,Tra no vay,Internet Banking,40000000
2194,56,109,5,16,2025-12-03,Chi tieu the,POS,1600000
2742,388,103,3,11,2026-05-16,Chi tieu the,Quay giao dich,4600000
5277,395,104,7,22,2025-12-18,Giai ngan vay,Quay giao dich,1103000000
1436,238,103,4,13,2025-08-20,Chi tieu the,POS,2700000
1301,290,108,10,33,2025-08-02,Tra no vay,Quay giao dich,27000000
3367,60,110,10,34,2025-09-08,Phi banca,POS,1100000
3899,15,107,3,10,2025-07-06,Gui tiet kiem,ATM,131000000
5915,309,105,6,19,2026-01-30,Phi banca,Quay giao dich,600000
309,28,105,2,6,2026-07-22,Gui tiet kiem,Quay giao dich,90000000
627,110,102,12,41,2025-12-30,Rut tiet kiem,Internet Banking,206000000
5073,304,108,5,15,2025-07-02,Phi banca,ATM,-300000
3955,111,108,3,9,2026-02-28,Gui tiet kiem,Quay giao dich,500000000
2623,285,103,2,7,2025-11-23,Chi tieu the,Quay giao dich,3400000
115,23,103,5,16,2026-04-20,Rut tiet kiem,POS,263000000
4015,36,106,3,11,2025-07-31,Rut tiet kiem,Quay giao dich,131000000
1605,240,109,3,11,2025-08-10,Gui tiet kiem,ATM,109000000
5742,40,104,8,27,2026-05-02,Rut tiet kiem,Quay giao dich,224000000
4145,43,108,6,21,2025-12-14,Rut tiet kiem,Mobile Banking,246000000
1971,196,102,10,35,2025-09-14,Rut tiet kiem,POS,28000000
1088,336,103,4,14,,Tra no vay,Quay giao dich,53000000
1906,295,107,5,18,2026-01-20,Tra no vay,Internet Banking,31000000
3505,264,104,12,40,2026-03-31,Giai ngan vay,Internet Banking,311000000
940,294,110,7,24,2026-03-23,Rut tiet kiem,Internet Banking,196000000
4840,81,102,1,1,2026-01-27,Giai ngan vay,ATM,1216000000
4311,16,104,11,39,2026-06-29,Giai ngan vay,Internet Banking,1441000000
4257,363,102,10,33,,Gui tiet kiem,Internet Banking,395000000
477,166,101,10,32,2026-07-16,Chi tieu the,Quay giao dich,1700000
2237,167,108,2,7,2026-06-09,Tra no vay,Mobile Banking,23000000
5490,8,106,9,30,2025-07-30,Chi tieu the,Quay giao dich,2500000
3347,97,104,4,14,2026-02-20,Rut tiet kiem,POS,228000000
1746,131,106,11,36,2026-04-11,Gui tiet kiem,POS,210000000
3095,35,107,6,21,2025-11-19,Tra no vay,POS,90000000
709,363,104,10,33,2026-06-13,Tra no vay,POS,57000000
3354,163,103,5,16,2026-02-11,Gui tiet kiem,POS,54000000
914,95,109,10,35,2026-03-12,Rut tiet kiem,Mobile Banking,243000000
2161,222,103,7,23,2025-09-14,Rut tiet kiem,Quay giao dich,86000000
4990,281,110,5,16,2025-07-04,Phi banca,ATM,1200000
4261,360,101,12,40,2025-09-29,Giai ngan vay,ATM,155000000
5779,355,101,1,1,2026-01-01,Tra no vay,POS,37000000
49,348,108,7,24,2025-10-01,Tra no vay,POS,4000000
5223,279,101,8,26,2026-06-08,Chi tieu the,Quay giao dich,100000
4673,46,109,11,39,2025-08-27,Phi banca,Mobile Banking,600000
1361,247,108,8,26,2025-11-05,Tra no vay,Quay giao dich,49000000
794,133,108,9,30,2025-11-09,Phi banca,ATM,1600000
3613,282,103,2,7,2025-08-31,Phi banca,Mobile Banking,700000
5976,310,108,10,32,2026-02-19,Rut tiet kiem,Mobile Banking,73000000
1959,304,108,5,15,2026-07-04,Rut tiet kiem,Quay giao dich,180000000
2318,247,105,8,26,2025-09-28,Tra no vay,Quay giao dich,42000000
2313,113,108,5,18,2025-12-05,Giai ngan vay,Internet Banking,394000000
5746,93,104,10,32,2026-02-19,Gui tiet kiem,Mobile Banking,232000000
2784,318,106,3,11,2025-10-05,Phi banca,Quay giao dich,1200000
5366,376,102,12,41,2026-06-13,Tra no vay,Mobile Banking,88000000
2291,377,109,1,4,2026-03-29,Phi banca,Mobile Banking,1400000
3724,137,107,11,37,2026-04-13,Rut tiet kiem,ATM,27000000
11,34,105,4,14,2026-06-29,Tra no vay,POS,73000000
2766,7,108,4,14,2026-05-24,Gui tiet kiem,Mobile Banking,486000000
174,138,107,10,35,2025-10-05,Rut tiet kiem,Quay giao dich,149000000
1598,233,107,3,10,2025-09-29,Rut tiet kiem,POS,299000000
2042,339,108,9,30,2025-09-30,Phi banca,Quay giao dich,1200000
3361,350,105,3,9,2026-05-08,Giai ngan vay,POS,841000000
3589,22,110,10,32,2026-01-13,Giai ngan vay,Mobile Banking,754000000
619,168,108,5,16,2026-03-06,Gui tiet kiem,ATM,47000000
952,151,110,12,42,2025-07-16,Giai ngan vay,Mobile Banking,1955000000
5009,198,105,4,14,2026-07-05,Tra no vay,ATM,72000000
4745,286,102,5,17,2026-01-12,Giai ngan vay,Quay giao dich,93000000
690,93,107,10,32,2026-03-05,Giai ngan vay,ATM,253000000
2373,149,105,1,2,2025-07-26,Tra no vay,ATM,40000000
981,2,107,12,41,2025-08-04,Chi tieu the,ATM,300000
1790,32,105,1,1,2025-12-09,Chi tieu the,ATM,700000
1947,309,103,6,19,2025-09-06,Phi banca,ATM,1900000
5087,54,103,8,28,2026-07-16,Gui tiet kiem,ATM,469000000
5845,174,104,10,35,2026-05-02,Tra no vay,POS,35000000
39,106,101,9,30,2025-12-02,Phi banca,ATM,500000
83,59,107,7,24,2025-11-09,Phi banca,POS,1200000
1708,171,102,2,6,2025-07-25,Giai ngan vay,Internet Banking,1057000000
516,398,104,10,35,2025-12-02,Gui tiet kiem,Quay giao dich,280000000
5220,17,103,4,13,2026-06-21,Rut tiet kiem,POS,216000000
4211,65,107,5,17,2025-12-16,Giai ngan vay,Mobile Banking,1679000000
1419,397,103,1,5,2026-02-16,Phi banca,POS,100000
413,143,110,6,19,2026-04-30,Phi banca,Internet Banking,2000000
1157,187,102,11,37,2025-09-22,Tra no vay,Quay giao dich,81000000
5472,150,102,6,21,2026-03-08,Giai ngan vay,ATM,313000000
4144,39,103,6,20,2025-09-26,Phi banca,Internet Banking,200000
5358,77,107,8,28,2026-02-04,Phi banca,Internet Banking,1400000
4637,143,109,6,19,2025-11-25,Rut tiet kiem,Quay giao dich,72000000
5853,313,107,5,18,2025-08-30,Tra no vay,Quay giao dich,36000000
4564,272,107,2,8,2026-01-31,Gui tiet kiem,Internet Banking,278000000
2535,104,101,7,22,2025-09-16,Phi banca,ATM,1900000
530,94,108,4,12,2025-07-02,Chi tieu the,Quay giao dich,2700000
5175,242,103,9,31,2026-05-21,Gui tiet kiem,Mobile Banking,103000000
3131,94,106,4,12,2025-09-28,Tra no vay,POS,59000000
5778,302,101,4,12,2025-11-20,Giai ngan vay,Internet Banking,1598000000
1272,325,106,7,24,2025-11-27,Giai ngan vay,Quay giao dich,82000000
3301,61,105,1,4,2026-05-16,Rut tiet kiem,ATM,28000000
194,249,104,9,30,2025-08-20,Chi tieu the,Quay giao dich,3400000
1622,148,109,1,2,2025-07-09,Rut tiet kiem,Mobile Banking,20000000
5609,112,106,7,24,2026-05-29,Phi banca,ATM,-1500000
3765,302,102,4,12,2026-01-10,Chi tieu the,POS,500000
2776,337,105,7,24,2025-12-01,Phi banca,Mobile Banking,1200000
3087,22,104,10,32,2026-07-05,Rut tiet kiem,POS,63000000
4170,380,106,9,29,2026-03-17,Rut tiet kiem,POS,237000000
5708,344,107,1,3,2026-04-27,Gui tiet kiem,Internet Banking,113000000
5016,174,104,10,35,2025-07-08,Tra no vay,ATM,86000000
2496,191,102,11,37,2026-03-29,Tra no vay,Quay giao dich,38000000
853,386,110,8,28,2026-01-28,Phi banca,ATM,1600000
2696,335,101,9,30,2025-08-09,Giai ngan vay,Quay giao dich,274000000
3344,328,104,10,33,2026-05-03,Giai ngan vay,ATM,1582000000
3140,39,110,6,20,2025-08-16,Phi banca,Mobile Banking,800000
1067,393,101,2,6,2026-04-04,Rut tiet kiem,Internet Banking,183000000
1494,329,110,12,42,2025-08-31,Rut tiet kiem,Mobile Banking,21000000
2401,29,104,8,26,2026-05-06,Giai ngan vay,ATM,1080000000
4808,373,103,2,8,2026-01-06,Chi tieu the,Mobile Banking,3300000
63,69,108,8,28,2025-07-03,Phi banca,POS,1600000
3208,56,108,5,16,2026-06-14,Rut tiet kiem,Quay giao dich,120000000
2015,23,105,5,16,2026-04-20,Rut tiet kiem,POS,81000000
5653,103,101,11,36,2026-04-13,Giai ngan vay,Mobile Banking,134000000
4371,172,109,12,40,2026-05-27,Phi banca,Quay giao dich,400000
3585,133,104,9,30,2026-07-07,Giai ngan vay,Quay giao dich,625000000
3196,154,102,10,34,2025-07-03,Gui tiet kiem,ATM,119000000
3833,250,103,9,30,2025-08-08,Tra no vay,Quay giao dich,38000000
4517,333,106,2,7,2026-07-14,Gui tiet kiem,POS,476000000
3597,229,102,5,17,2026-07-06,Gui tiet kiem,Mobile Banking,325000000
1289,32,102,1,1,2026-03-10,Phi banca,Internet Banking,1500000
3750,396,102,5,16,2025-09-30,Phi banca,Quay giao dich,2000000
4433,225,110,3,9,2025-08-17,Gui tiet kiem,Internet Banking,245000000
1996,322,104,9,31,2026-02-17,Gui tiet kiem,POS,411000000
3847,143,103,6,19,2025-09-22,Chi tieu the,Internet Banking,1300000
4073,,102,2,6,2026-02-09,Chi tieu the,ATM,4800000
4773,27,101,11,36,2026-02-09,Giai ngan vay,ATM,1105000000
1976,282,106,2,7,2025-07-25,Giai ngan vay,Mobile Banking,440000000
983,337,103,7,24,2025-12-01,Giai ngan vay,Mobile Banking,1053000000
865,59,101,7,24,2025-07-19,Giai ngan vay,POS,1139000000
554,199,103,8,27,2026-06-22,Gui tiet kiem,Quay giao dich,241000000
2944,128,102,12,41,2025-12-18,Giai ngan vay,Internet Banking,2000000000
4432,247,106,8,26,2025-07-25,Phi banca,Mobile Banking,1900000
4722,391,108,11,38,2026-04-28,Phi banca,Mobile Banking,300000
1838,196,105,10,35,2026-01-24,Chi tieu the,Mobile Banking,2900000
4856,65,107,5,17,2025-12-30,Giai ngan vay,POS,1636000000
1230,252,101,2,7,2026-03-09,Giai ngan vay,Quay giao dich,1298000000
4534,379,103,4,12,2026-05-03,Phi banca,ATM,300000
5540,159,106,10,34,2025-12-20,Gui tiet kiem,Mobile Banking,15000000
1987,313,106,5,18,2026-07-20,Rut tiet kiem,Internet Banking,30000000
1677,69,106,8,28,2026-01-20,Chi tieu the,Quay giao dich,1700000
375,191,108,11,37,2026-04-03,Chi tieu the,Mobile Banking,2600000
5995,314,109,3,11,2025-08-04,Giai ngan vay,POS,1266000000
1206,322,110,9,31,2026-01-15,Phi banca,Internet Banking,1200000
5160,82,110,8,28,2025-07-24,Tra no vay,Quay giao dich,95000000
3807,146,107,9,29,2025-09-22,Rut tiet kiem,Quay giao dich,64000000
289,112,103,7,24,2026-04-24,Rut tiet kiem,Quay giao dich,77000000
1263,126,103,4,14,2026-07-26,Giai ngan vay,ATM,1555000000
1142,332,110,7,24,2025-12-21,Chi tieu the,ATM,2600000
798,193,103,11,39,2026-04-18,Gui tiet kiem,ATM,119000000
5279,381,102,9,31,2025-07-23,Gui tiet kiem,ATM,404000000
5278,254,101,7,22,2025-09-17,Gui tiet kiem,Mobile Banking,242000000
2971,328,101,10,33,2026-04-15,Phi banca,Internet Banking,1600000
4327,400,101,11,36,2026-06-05,Phi banca,Mobile Banking,1300000
1920,394,104,6,19,2026-07-26,Chi tieu the,ATM,300000
5244,1,102,5,17,2025-12-21,Gui tiet kiem,POS,70000000
201,227,106,2,8,2025-12-09,Giai ngan vay,POS,894000000
5029,237,104,1,1,2026-03-31,Gui tiet kiem,Quay giao dich,116000000
3841,267,110,8,26,2026-05-05,Chi tieu the,Internet Banking,4700000
1125,135,108,11,39,2025-12-03,Rut tiet kiem,Internet Banking,171000000
404,297,101,3,11,2026-03-28,Phi banca,Mobile Banking,100000
1508,247,104,8,26,2025-10-04,Phi banca,Quay giao dich,1900000
5377,253,109,7,22,2025-11-12,Gui tiet kiem,POS,126000000
584,,103,7,24,2026-01-11,Giai ngan vay,Quay giao dich,674000000
5615,388,110,3,11,2026-06-05,Gui tiet kiem,POS,223000000
2340,275,104,1,4,2025-08-14,Giai ngan vay,Mobile Banking,281000000
1824,267,109,8,26,2025-10-02,Phi banca,Mobile Banking,1400000
5173,13,103,8,28,2026-01-18,Giai ngan vay,ATM,964000000
1567,100,103,5,15,2026-07-06,Rut tiet kiem,Mobile Banking,259000000
123,247,107,8,26,2025-12-27,Phi banca,POS,900000
5054,225,103,3,9,2026-05-20,Chi tieu the,Internet Banking,600000
3470,352,101,10,35,2025-07-28,Tra no vay,Quay giao dich,14000000
355,246,102,6,21,2026-02-17,Rut tiet kiem,ATM,286000000
2745,156,108,7,22,2026-06-23,Tra no vay,Internet Banking,45000000
5323,87,110,1,5,2025-08-20,Chi tieu the,Internet Banking,2400000
5889,262,101,3,10,2026-03-24,Phi banca,ATM,1400000
377,243,105,11,38,2026-07-22,Phi banca,POS,400000
5942,1,101,5,17,2025-10-21,Chi tieu the,POS,300000
3702,174,105,10,35,2026-01-03,Chi tieu the,Internet Banking,4000000
2764,141,103,12,40,2026-04-19,Tra no vay,Quay giao dich,24000000
1295,49,101,9,31,2026-01-17,Rut tiet kiem,ATM,173000000
1557,162,102,7,22,2026-01-19,Rut tiet kiem,Mobile Banking,53000000
1391,138,103,10,35,2025-08-19,Rut tiet kiem,ATM,291000000
3020,92,109,8,27,2025-12-08,Phi banca,Internet Banking,400000
573,132,106,3,9,2026-02-01,Phi banca,ATM,200000
3134,389,108,8,26,2025-11-07,Phi banca,Quay giao dich,1500000
5970,179,108,3,10,2025-09-14,Phi banca,ATM,1500000
4634,114,109,9,31,2026-07-05,Tra no vay,Quay giao dich,75000000
89,9,107,9,29,2026-06-10,Chi tieu the,Quay giao dich,3800000
694,45,109,7,24,2025-11-09,Gui tiet kiem,Quay giao dich,68000000
2514,227,104,2,8,2026-07-14,Rut tiet kiem,Quay giao dich,112000000
587,301,104,12,40,2026-04-01,Rut tiet kiem,Internet Banking,127000000
3310,4,108,6,20,2026-03-13,Chi tieu the,ATM,1500000
2568,211,105,9,31,2025-12-18,Rut tiet kiem,Mobile Banking,96000000
4640,181,109,11,38,2026-02-11,Rut tiet kiem,POS,87000000
5606,15,104,3,10,2025-11-09,Rut tiet kiem,ATM,233000000
4111,194,104,6,20,2026-03-16,Giai ngan vay,Quay giao dich,1328000000
1292,382,104,11,37,2025-10-25,Rut tiet kiem,POS,181000000
1507,271,101,2,8,2025-09-15,Giai ngan vay,Quay giao dich,909000000
4223,1,103,5,17,2025-07-15,Phi banca,Mobile Banking,300000
5039,135,107,11,39,2025-07-18,Tra no vay,POS,26000000
240,267,102,8,26,2026-02-17,Gui tiet kiem,ATM,454000000
3264,352,109,10,35,2025-11-25,Phi banca,Internet Banking,400000
1231,395,105,7,22,2026-06-16,Chi tieu the,Quay giao dich,2000000
2673,366,105,10,35,2025-08-22,Phi banca,ATM,1400000
4778,82,108,8,28,2026-02-03,Giai ngan vay,Internet Banking,58000000
4910,232,103,4,12,2026-07-08,Gui tiet kiem,Quay giao dich,432000000
4463,1,109,5,17,2026-05-25,Phi banca,POS,900000
1711,288,101,4,14,2025-12-18,Phi banca,Mobile Banking,1500000
341,314,102,3,11,2026-05-18,Giai ngan vay,Internet Banking,1192000000
3407,181,108,11,38,2025-12-22,Giai ngan vay,POS,809000000
1010,166,110,10,32,2026-01-07,Phi banca,POS,700000
3461,16,110,11,39,2026-04-20,Tra no vay,Quay giao dich,70000000
2906,111,105,3,9,2025-12-03,Rut tiet kiem,Internet Banking,133000000
3766,302,104,4,12,2026-01-09,Phi banca,Internet Banking,900000
4987,10,104,1,3,2026-04-22,Phi banca,Internet Banking,1000000
980,96,108,11,37,2025-11-22,Rut tiet kiem,Mobile Banking,46000000
2883,128,109,12,41,2025-09-29,Chi tieu the,ATM,2200000
4425,56,105,5,16,2026-04-25,Chi tieu the,Quay giao dich,4100000
771,360,102,12,40,2025-10-29,Gui tiet kiem,Internet Banking,109000000
5183,215,105,3,9,2025-08-21,Tra no vay,Internet Banking,78000000
2430,168,105,5,16,2026-02-12,Giai ngan vay,POS,591000000
578,290,106,10,33,2026-05-12,Tra no vay,Internet Banking,59000000
5918,269,105,8,27,2025-09-13,Gui tiet kiem,Quay giao dich,122000000
4643,139,110,1,1,2026-04-05,Rut tiet kiem,POS,2000000
989,373,104,2,8,2025-12-21,Giai ngan vay,Quay giao dich,503000000
3965,223,109,7,22,2025-11-14,Phi banca,POS,100000
3417,20,106,10,35,2026-07-03,Giai ngan vay,Mobile Banking,699000000
1401,161,106,2,7,2026-01-24,Rut tiet kiem,Internet Banking,149000000
10,227,104,2,8,2026-01-25,Chi tieu the,ATM,3300000
5171,162,103,7,22,2025-10-20,Chi tieu the,Quay giao dich,1300000
776,241,103,10,32,2026-07-19,Phi banca,POS,1100000
1105,76,110,12,42,2025-07-07,Giai ngan vay,Internet Banking,1576000000
4507,247,103,8,26,2025-12-29,Giai ngan vay,Quay giao dich,722000000
4596,366,105,10,35,2025-08-17,Gui tiet kiem,POS,354000000
5150,28,110,2,6,2026-04-09,Phi banca,Quay giao dich,500000
1087,231,103,2,8,2025-09-29,Giai ngan vay,ATM,1749000000
1808,194,109,6,20,2026-07-07,Chi tieu the,POS,3900000
1689,107,109,9,29,2025-07-07,Tra no vay,Mobile Banking,67000000
1905,317,105,4,13,2026-03-18,Giai ngan vay,Quay giao dich,1270000000
5661,139,102,1,1,2025-08-05,Phi banca,POS,1500000
5989,150,101,6,21,2026-06-26,Phi banca,POS,1300000
1594,140,101,9,29,2025-07-16,Tra no vay,Mobile Banking,1000000
5319,12,106,8,27,2025-11-02,Chi tieu the,Quay giao dich,3100000
5893,366,108,10,35,2026-06-12,Rut tiet kiem,ATM,177000000
4882,147,107,5,18,2025-10-04,Tra no vay,Mobile Banking,79000000
3166,71,106,10,33,2025-11-26,Giai ngan vay,Internet Banking,750000000
1524,366,109,10,35,2026-06-12,Chi tieu the,POS,1100000
3927,9,106,9,29,2025-07-04,Phi banca,Mobile Banking,600000
5157,213,107,7,23,2025-11-18,Gui tiet kiem,ATM,19000000
2505,259,105,10,34,2026-04-08,Tra no vay,POS,3000000
3923,225,102,3,9,2026-03-28,Rut tiet kiem,Mobile Banking,75000000
5380,182,103,8,27,2025-09-29,Giai ngan vay,POS,557000000
3941,330,106,11,36,2026-04-18,Gui tiet kiem,ATM,72000000
4176,302,108,4,12,2026-07-26,Chi tieu the,ATM,800000
3426,185,103,6,20,2025-10-05,Chi tieu the,Quay giao dich,300000
5806,21,101,3,9,2026-03-13,Gui tiet kiem,Quay giao dich,56000000
5000,20,110,10,35,2025-07-13,Chi tieu the,POS,400000
5328,26,106,2,6,2026-04-18,Giai ngan vay,ATM,558000000
2334,332,109,7,24,2026-02-02,Chi tieu the,Quay giao dich,2900000
2567,93,109,10,32,2026-01-10,Rut tiet kiem,Quay giao dich,125000000
2143,48,102,8,27,2025-10-13,Tra no vay,POS,66000000
3328,235,101,10,32,2026-02-08,Rut tiet kiem,Quay giao dich,264000000
1536,259,105,10,34,2026-07-21,Giai ngan vay,Internet Banking,1167000000
608,266,101,3,11,2025-09-26,Tra no vay,Internet Banking,17000000
1252,331,107,10,35,2025-11-22,Tra no vay,POS,63000000
3805,52,102,11,36,2025-12-14,Gui tiet kiem,ATM,442000000
5620,214,110,1,3,2026-07-21,Rut tiet kiem,Internet Banking,40000000
2438,109,103,2,6,2025-10-16,Tra no vay,POS,24000000
3387,4,109,6,20,2026-03-05,Chi tieu the,ATM,4800000
5643,119,101,6,21,2026-02-17,Chi tieu the,ATM,4300000
3252,391,105,11,38,2026-04-05,Rut tiet kiem,Internet Banking,2000000
4958,110,106,12,41,2025-09-25,Chi tieu the,POS,4400000
3117,356,103,10,33,2025-09-03,Giai ngan vay,Internet Banking,1939000000
1028,16,108,11,39,2026-05-08,Tra no vay,ATM,83000000
5962,95,109,10,35,2025-08-15,Tra no vay,Quay giao dich,95000000
136,208,110,7,25,2025-10-11,Gui tiet kiem,POS,382000000
838,231,103,2,8,2025-07-18,Giai ngan vay,POS,651000000
2071,35,108,6,21,2025-10-30,Phi banca,Mobile Banking,900000
943,7,102,4,14,2025-12-05,Phi banca,POS,1500000
4679,212,109,8,26,2025-11-08,Giai ngan vay,Internet Banking,629000000
2207,124,102,10,33,2026-07-20,Phi banca,ATM,1400000
1553,158,107,12,41,2025-11-21,Chi tieu the,Internet Banking,5000000
172,288,107,4,14,2026-01-19,Rut tiet kiem,Mobile Banking,200000000
4076,50,106,4,12,2025-10-05,Tra no vay,POS,22000000
1162,337,109,7,24,2026-01-04,Phi banca,POS,1900000
1613,294,109,7,24,2025-12-22,Phi banca,ATM,800000
3276,93,101,10,32,2025-12-14,Chi tieu the,Internet Banking,3200000
877,136,106,5,15,2025-12-17,Chi tieu the,ATM,300000
5385,2,102,12,41,2025-07-02,Phi banca,Mobile Banking,900000
2737,302,101,4,12,2026-04-13,Giai ngan vay,Internet Banking,1064000000
3708,350,104,3,9,2025-08-05,Gui tiet kiem,ATM,273000000
69,288,108,4,14,2026-04-25,Phi banca,POS,1000000
5329,88,105,5,18,2025-12-14,Phi banca,Mobile Banking,800000
4121,311,102,4,13,2025-09-14,Chi tieu the,Quay giao dich,4100000
3771,324,107,3,9,2026-07-14,Gui tiet kiem,Quay giao dich,292000000
2141,161,101,2,7,2025-07-31,Tra no vay,Quay giao dich,73000000
2525,340,108,10,34,2025-10-28,Chi tieu the,Quay giao dich,1400000
5619,386,104,8,28,2026-01-12,Gui tiet kiem,ATM,70000000
336,304,103,5,15,2025-12-19,Gui tiet kiem,Quay giao dich,145000000
2302,48,102,8,27,2026-04-30,Tra no vay,Mobile Banking,6000000
2650,47,108,1,3,2025-09-19,Tra no vay,Quay giao dich,18000000
626,168,106,5,16,2026-04-14,Chi tieu the,Mobile Banking,800000
1608,39,109,6,20,2025-11-29,Giai ngan vay,Internet Banking,1536000000
1177,143,101,6,19,2026-01-22,Tra no vay,Internet Banking,61000000
724,364,104,5,15,2025-08-26,Giai ngan vay,Mobile Banking,858000000
2363,368,110,4,13,2026-02-17,Rut tiet kiem,ATM,190000000
3549,19,106,4,12,2025-12-20,Chi tieu the,Quay giao dich,2700000
54,39,108,6,20,2025-12-12,Giai ngan vay,Mobile Banking,1088000000
2411,193,101,11,39,2026-01-03,Gui tiet kiem,Mobile Banking,75000000
3175,196,108,10,35,2026-02-17,Rut tiet kiem,Quay giao dich,41000000
2,350,107,3,9,2025-10-12,Chi tieu the,Mobile Banking,500000
5044,373,108,2,8,2026-05-29,Phi banca,Mobile Banking,1800000
4977,19,105,4,12,2026-01-03,Phi banca,Quay giao dich,700000
978,20,107,10,35,2025-08-21,Giai ngan vay,POS,1403000000
1445,137,110,11,37,2025-11-27,Chi tieu the,POS,3000000
2839,307,104,12,40,2025-11-21,Gui tiet kiem,Quay giao dich,469000000
1813,287,103,12,42,2026-01-11,Giai ngan vay,Quay giao dich,1800000000
1966,371,108,8,28,2026-07-06,Chi tieu the,Mobile Banking,3400000
4504,218,109,11,38,2025-09-02,Tra no vay,ATM,51000000
2583,345,109,5,15,2025-08-12,Tra no vay,Quay giao dich,26000000
3737,105,109,7,22,2025-08-19,Tra no vay,Quay giao dich,10000000
3590,387,107,7,23,2025-10-20,Giai ngan vay,Internet Banking,974000000
5429,135,108,11,39,,Giai ngan vay,Internet Banking,1063000000
3329,280,105,3,11,,Chi tieu the,ATM,2600000
4884,69,101,8,28,2026-02-13,Tra no vay,Internet Banking,13000000
2095,71,105,10,33,2026-03-28,Rut tiet kiem,POS,232000000
1735,58,106,2,6,2026-02-04,Tra no vay,Quay giao dich,32000000
5356,70,103,12,40,2026-03-22,Tra no vay,POS,10000000
5017,28,104,2,6,2026-04-14,Giai ngan vay,POS,1560000000
3661,343,103,3,10,2026-01-26,Rut tiet kiem,Quay giao dich,240000000
4880,49,110,9,31,2026-06-24,Giai ngan vay,Quay giao dich,1866000000
1532,37,107,12,40,2026-07-05,Gui tiet kiem,POS,382000000
2630,391,109,11,38,2026-07-25,Phi banca,Quay giao dich,1500000
4191,210,104,10,35,2025-08-13,Tra no vay,POS,45000000
2530,183,109,5,18,2025-11-23,Phi banca,Quay giao dich,1400000
1773,39,103,6,20,2026-07-09,Rut tiet kiem,Quay giao dich,105000000
2664,35,103,6,21,2025-07-14,Rut tiet kiem,POS,45000000
1141,393,107,2,6,2025-11-19,Tra no vay,ATM,43000000
5311,144,107,5,16,2025-09-24,Rut tiet kiem,POS,96000000
5202,50,103,4,12,2026-06-09,Tra no vay,POS,35000000
4220,289,106,6,19,2026-07-23,Rut tiet kiem,POS,8000000
1506,130,104,6,19,2026-07-23,Chi tieu the,POS,4100000
5250,137,108,11,37,2025-12-05,Chi tieu the,Quay giao dich,900000
2661,193,105,11,39,2026-02-11,Rut tiet kiem,Internet Banking,7000000
2470,79,104,10,32,2026-01-19,Gui tiet kiem,Quay giao dich,434000000
5347,61,102,1,4,2026-06-29,Rut tiet kiem,ATM,242000000
2693,358,104,6,19,2026-01-12,Giai ngan vay,Quay giao dich,1292000000
5434,163,105,5,16,2025-11-16,Giai ngan vay,Mobile Banking,1310000000
3431,82,101,8,28,2026-07-26,Giai ngan vay,Mobile Banking,1263000000
2508,291,109,10,35,2026-03-25,Phi banca,ATM,100000
3285,109,109,2,6,2026-06-12,Phi banca,ATM,1700000
1698,227,102,2,8,2026-02-06,Chi tieu the,ATM,900000
721,44,109,6,21,2026-03-21,Tra no vay,Mobile Banking,20000000
4065,336,110,4,14,2026-05-24,Tra no vay,Quay giao dich,28000000
3540,219,101,6,19,2025-12-01,Gui tiet kiem,POS,113000000
3107,43,105,6,21,2026-05-04,Gui tiet kiem,Mobile Banking,467000000
1606,84,101,12,42,2026-01-11,Rut tiet kiem,Quay giao dich,217000000
2807,251,104,5,18,2026-05-13,Rut tiet kiem,Mobile Banking,282000000
5395,328,105,10,33,2025-12-03,Rut tiet kiem,Internet Banking,115000000
2915,228,106,2,6,2025-10-11,Gui tiet kiem,Internet Banking,43000000
5969,205,104,1,3,2026-01-03,Rut tiet kiem,ATM,240000000
2022,338,103,5,15,2025-08-27,Rut tiet kiem,POS,224000000
963,381,102,9,31,2025-09-03,Tra no vay,Quay giao dich,17000000
5166,273,101,11,37,2026-07-07,Phi banca,Quay giao dich,1300000
5890,68,105,1,5,2026-05-02,Giai ngan vay,Quay giao dich,1308000000
1691,321,109,4,14,2025-09-10,Gui tiet kiem,Internet Banking,300000000
241,286,107,5,17,2026-03-22,Rut tiet kiem,Quay giao dich,226000000
5662,356,103,10,33,2026-03-25,Rut tiet kiem,ATM,290000000
4858,46,106,11,39,2026-03-28,Rut tiet kiem,Internet Banking,180000000
145,104,104,7,22,2026-05-13,Rut tiet kiem,Internet Banking,55000000
1739,160,103,5,17,2025-08-03,Gui tiet kiem,ATM,83000000
2480,375,101,7,24,2026-04-03,Phi banca,POS,900000
3015,131,108,11,36,2026-06-08,Tra no vay,POS,16000000
712,30,102,1,5,2026-07-16,Chi tieu the,Internet Banking,2800000
1618,93,104,10,32,2026-05-19,Giai ngan vay,Internet Banking,226000000
3542,60,106,10,34,2025-07-23,Phi banca,Mobile Banking,1800000
3378,263,107,12,40,2026-01-09,Giai ngan vay,Mobile Banking,1501000000
1156,191,110,11,37,2026-01-29,Tra no vay,Mobile Banking,67000000
1294,196,103,10,35,2026-01-21,Gui tiet kiem,Internet Banking,227000000
2467,375,104,7,24,2026-06-23,Chi tieu the,Internet Banking,3000000
5313,198,103,4,14,2026-03-06,Chi tieu the,Quay giao dich,4700000
2382,4,105,6,20,2025-11-04,Tra no vay,Internet Banking,21000000
5755,347,108,7,24,2026-06-30,Chi tieu the,Quay giao dich,1800000
1858,158,110,12,41,2026-06-23,Rut tiet kiem,Internet Banking,2000000
5169,325,110,7,24,2026-07-20,Tra no vay,Internet Banking,3000000
5210,311,105,4,13,2026-04-03,Phi banca,Mobile Banking,500000
5799,303,105,10,34,2025-07-21,Gui tiet kiem,Quay giao dich,238000000
750,30,101,1,5,2025-12-30,Phi banca,Mobile Banking,1800000
2923,258,104,7,24,2026-07-19,Giai ngan vay,ATM,206000000
5441,204,107,2,7,2026-01-29,Tra no vay,Quay giao dich,87000000
574,31,103,3,11,2025-12-07,Tra no vay,POS,75000000
1933,79,103,10,32,2025-09-30,Tra no vay,Internet Banking,80000000
1564,2,110,12,41,2026-06-14,Tra no vay,Mobile Banking,8000000
551,175,104,6,19,2026-02-21,Giai ngan vay,POS,1373000000
2060,99,108,9,30,2026-04-04,Tra no vay,Internet Banking,65000000
3646,368,103,4,13,2025-11-07,Giai ngan vay,Quay giao dich,1064000000
2226,244,106,1,2,2026-07-26,Tra no vay,POS,92000000
3406,196,106,10,35,2026-05-08,Phi banca,ATM,1000000
4714,223,106,7,22,2026-04-29,Gui tiet kiem,Internet Banking,47000000
3136,65,104,5,17,2025-09-06,Gui tiet kiem,Internet Banking,424000000
2758,64,108,7,22,2025-08-25,Giai ngan vay,ATM,1243000000
1527,356,103,10,33,2025-07-28,Phi banca,Mobile Banking,1600000
5998,195,103,2,8,2025-10-24,Phi banca,Quay giao dich,1000000
61,,105,12,42,2026-05-09,Rut tiet kiem,Mobile Banking,202000000
204,70,105,12,40,2025-07-04,Rut tiet kiem,Internet Banking,162000000
1861,276,105,9,29,2025-10-03,Gui tiet kiem,POS,326000000
1968,67,101,4,14,2026-06-19,Gui tiet kiem,Mobile Banking,445000000
1888,84,103,12,42,2026-04-17,Rut tiet kiem,Quay giao dich,61000000
2649,144,101,5,16,2025-09-10,Tra no vay,POS,89000000
941,8,105,9,30,2026-06-15,Gui tiet kiem,Internet Banking,132000000
291,223,106,7,22,2025-08-15,Gui tiet kiem,POS,318000000
1134,126,106,4,14,2026-04-20,Phi banca,POS,100000
4034,22,104,10,32,2026-06-27,Tra no vay,Mobile Banking,24000000
5909,63,102,11,39,2026-03-24,Phi banca,Mobile Banking,200000
3828,121,105,11,36,2025-10-02,Giai ngan vay,POS,1539000000
1625,232,109,4,12,2026-03-17,Gui tiet kiem,ATM,360000000
3013,396,105,5,16,2026-05-18,Rut tiet kiem,Quay giao dich,86000000
1476,97,101,4,14,2026-04-19,Gui tiet kiem,Internet Banking,345000000
3775,26,102,2,6,2025-11-20,Tra no vay,POS,17000000
4509,271,108,2,8,2025-09-16,Giai ngan vay,Mobile Banking,647000000
5249,309,101,6,19,2026-05-13,Phi banca,Quay giao dich,800000
3921,310,106,10,32,2026-06-30,Giai ngan vay,POS,1551000000
3832,385,109,6,20,2026-03-10,Phi banca,ATM,1600000
1931,68,103,1,5,2025-10-16,Phi banca,Mobile Banking,1700000
2527,,105,11,36,2025-08-16,Phi banca,ATM,900000
422,254,110,7,22,2026-01-10,Phi banca,POS,1900000
3189,81,106,1,1,2026-05-22,Tra no vay,Quay giao dich,40000000
4354,74,106,7,25,2025-12-07,Gui tiet kiem,Mobile Banking,-207000000
5930,112,102,7,24,2025-10-13,Phi banca,Internet Banking,1500000
3883,348,101,7,24,2025-11-19,Chi tieu the,Quay giao dich,800000
5346,351,103,5,16,2025-08-03,Rut tiet kiem,Internet Banking,199000000
4087,22,107,10,32,2025-12-09,Gui tiet kiem,Quay giao dich,350000000
5740,82,106,8,28,2025-09-07,Chi tieu the,POS,2100000
5261,179,106,3,10,2026-04-15,Rut tiet kiem,Internet Banking,295000000
2870,387,106,7,23,2025-07-04,Giai ngan vay,POS,768000000
1109,236,110,9,30,2026-05-23,Phi banca,Quay giao dich,700000
450,378,107,12,42,2025-12-18,Gui tiet kiem,ATM,427000000
3604,48,101,8,27,2026-07-20,Phi banca,Quay giao dich,2000000
5875,139,105,1,1,2025-10-10,Gui tiet kiem,Quay giao dich,242000000
1932,9,102,9,29,2026-07-22,Giai ngan vay,POS,758000000
1747,185,105,6,20,2026-07-20,Tra no vay,Internet Banking,79000000
5534,60,102,10,34,2026-04-02,Gui tiet kiem,POS,213000000
3844,371,109,8,28,2026-04-09,Chi tieu the,Internet Banking,-2600000
613,359,105,6,20,2026-01-17,Rut tiet kiem,POS,128000000
635,379,106,4,12,2025-09-07,Giai ngan vay,Internet Banking,1116000000
5102,150,105,6,21,2026-02-24,Rut tiet kiem,Internet Banking,28000000
2607,195,105,2,8,2026-02-05,Chi tieu the,Mobile Banking,300000
832,16,109,11,39,2025-07-12,Chi tieu the,POS,800000
5512,160,106,5,17,2026-03-09,Gui tiet kiem,POS,130000000
2023,99,103,9,30,2025-07-09,Phi banca,Internet Banking,900000
5858,90,106,11,36,2025-09-19,Giai ngan vay,Internet Banking,1702000000
4976,316,107,10,35,2025-08-12,Tra no vay,Mobile Banking,19000000
126,210,106,10,35,2025-08-24,Tra no vay,Mobile Banking,34000000
4809,217,109,5,16,2025-08-08,Chi tieu the,ATM,700000
3835,366,108,10,35,2025-09-13,Tra no vay,Internet Banking,36000000
5663,9,103,9,29,2025-10-27,Phi banca,POS,1600000
66,232,103,4,12,2025-09-09,Chi tieu the,ATM,3600000
1323,204,104,2,7,2025-09-16,Gui tiet kiem,POS,473000000
14,251,110,5,18,2026-02-14,Tra no vay,Mobile Banking,45000000
4000,5,104,10,32,2026-04-03,Rut tiet kiem,ATM,66000000
4960,145,110,1,3,2026-07-17,Rut tiet kiem,Mobile Banking,205000000
321,74,109,7,25,2026-02-06,Chi tieu the,Mobile Banking,4600000
5186,386,104,8,28,2026-06-14,Giai ngan vay,POS,1333000000
1308,310,102,10,32,2025-11-29,Phi banca,Quay giao dich,800000
5636,178,104,9,29,2026-05-07,Giai ngan vay,Internet Banking,920000000
1008,20,107,10,35,2026-03-11,Phi banca,Mobile Banking,1800000
3194,136,105,5,15,2026-05-13,Chi tieu the,POS,3900000
3148,20,102,10,35,2025-07-23,Giai ngan vay,Quay giao dich,1550000000
5981,80,101,7,25,2026-03-12,Gui tiet kiem,Internet Banking,32000000
1249,,109,10,35,2026-03-31,Chi tieu the,Quay giao dich,2400000
1356,233,107,3,10,2026-07-19,Rut tiet kiem,Internet Banking,241000000
5601,300,108,1,2,2026-01-24,Phi banca,Quay giao dich,1000000
4497,2,106,12,41,2025-10-09,Giai ngan vay,ATM,340000000
5270,340,102,10,34,2025-09-07,Gui tiet kiem,ATM,194000000
802,164,110,11,39,2025-07-17,Tra no vay,POS,56000000
4657,74,102,7,25,2026-01-17,Giai ngan vay,Mobile Banking,310000000
157,11,107,3,11,2025-09-01,Phi banca,Internet Banking,1800000
1450,145,106,1,3,2026-06-18,Chi tieu the,Internet Banking,800000
4122,198,106,4,14,2025-07-05,Gui tiet kiem,ATM,439000000
5521,55,110,12,42,2025-11-22,Giai ngan vay,ATM,1350000000
5203,54,110,8,28,2026-02-12,Giai ngan vay,Internet Banking,921000000
1522,4,103,6,20,2026-01-08,Chi tieu the,Quay giao dich,4900000
5127,220,102,2,7,2025-09-04,Rut tiet kiem,Quay giao dich,278000000
2765,97,107,4,14,2026-05-06,Gui tiet kiem,Mobile Banking,329000000
4325,390,110,4,14,2026-05-12,Chi tieu the,Quay giao dich,3900000
3279,45,107,7,24,2025-07-01,Chi tieu the,POS,3000000
4680,311,103,4,13,2025-11-06,Gui tiet kiem,Internet Banking,487000000
1944,50,103,4,12,2026-07-09,Rut tiet kiem,Quay giao dich,38000000
3010,169,106,11,39,2026-02-25,Chi tieu the,Mobile Banking,1000000
1133,397,107,1,5,2025-09-16,Chi tieu the,Mobile Banking,600000
2265,259,109,10,34,2026-02-08,Gui tiet kiem,Internet Banking,219000000
5154,248,102,4,12,2026-04-04,Phi banca,POS,200000
2320,26,105,2,6,2026-03-08,Phi banca,ATM,1700000
3716,223,105,7,22,2026-03-04,Rut tiet kiem,Internet Banking,212000000
5751,52,101,11,36,2026-04-12,Giai ngan vay,POS,1204000000
4399,384,101,8,26,2025-09-21,Chi tieu the,Mobile Banking,3200000
215,101,109,3,10,2026-05-12,Rut tiet kiem,POS,37000000
2077,183,103,5,18,2025-11-30,Chi tieu the,ATM,800000
5476,107,103,9,29,2025-07-31,Chi tieu the,Quay giao dich,2400000
2370,231,110,2,8,2025-10-04,Tra no vay,Internet Banking,32000000
108,,101,4,14,2026-06-08,Chi tieu the,Mobile Banking,3000000
3260,295,102,5,18,2026-02-08,Rut tiet kiem,POS,287000000
5376,48,110,8,27,2025-08-30,Gui tiet kiem,POS,384000000
1736,146,109,9,29,2026-04-12,Giai ngan vay,Mobile Banking,775000000
2790,392,107,5,16,2025-09-08,Rut tiet kiem,ATM,56000000
2338,394,104,6,19,2025-10-28,Gui tiet kiem,ATM,239000000
1461,136,105,5,15,2026-05-30,Rut tiet kiem,Quay giao dich,297000000
4710,10,103,1,3,2025-10-15,Giai ngan vay,ATM,1752000000
5211,147,109,5,18,2026-04-01,Tra no vay,Quay giao dich,25000000
2187,215,104,3,9,2026-05-21,Tra no vay,Internet Banking,80000000
2624,184,110,2,8,2026-04-29,Giai ngan vay,POS,608000000
1112,117,108,9,30,2025-09-29,Chi tieu the,Quay giao dich,4800000
3705,47,101,1,3,2026-03-15,Phi banca,ATM,300000
2484,22,108,10,32,2025-10-13,Tra no vay,Internet Banking,66000000
3375,153,108,10,33,2025-12-28,Rut tiet kiem,ATM,33000000
1408,267,102,8,26,2025-10-27,Chi tieu the,Quay giao dich,1200000
1497,74,103,7,25,2026-07-06,Giai ngan vay,Quay giao dich,825000000
592,81,106,1,1,2025-11-08,Gui tiet kiem,POS,73000000
2087,70,110,12,40,2026-05-06,Giai ngan vay,POS,1338000000
3397,383,104,6,19,2025-10-15,Phi banca,Mobile Banking,1800000
1796,,101,10,34,2025-10-03,Rut tiet kiem,Mobile Banking,2000000
3290,298,103,8,28,2026-07-16,Rut tiet kiem,ATM,176000000
4927,260,104,3,10,2025-10-01,Gui tiet kiem,Internet Banking,311000000
5307,28,107,2,6,2025-11-03,Tra no vay,Mobile Banking,25000000
2235,135,108,11,39,2026-03-30,Tra no vay,Mobile Banking,13000000
5155,388,104,3,11,2026-07-23,Tra no vay,ATM,88000000
3926,340,106,10,34,2025-08-20,Rut tiet kiem,Quay giao dich,194000000
2182,17,101,4,13,2026-02-23,Rut tiet kiem,POS,29000000
1984,5,103,10,32,2025-07-09,Giai ngan vay,Mobile Banking,270000000
649,324,101,3,9,2026-06-23,Giai ngan vay,Mobile Banking,1983000000
117,44,104,6,21,2026-02-15,Tra no vay,POS,29000000
2857,359,103,6,20,2025-12-13,Gui tiet kiem,POS,327000000
4575,180,106,11,39,2026-05-23,Phi banca,Internet Banking,800000
489,133,102,9,30,2026-02-08,Gui tiet kiem,POS,7000000
2935,259,104,10,34,2025-07-05,Giai ngan vay,Mobile Banking,450000000
18,365,105,8,26,2026-02-02,Giai ngan vay,ATM,496000000
2391,276,110,9,29,2025-12-25,Giai ngan vay,Quay giao dich,444000000
851,3,101,11,37,2025-11-10,Gui tiet kiem,Quay giao dich,29000000
2474,3,101,11,37,2025-07-27,Chi tieu the,ATM,3400000
1017,375,104,7,24,2025-11-21,Giai ngan vay,Mobile Banking,309000000
2597,38,105,8,27,2026-04-05,Gui tiet kiem,Quay giao dich,210000000
946,133,105,9,30,2025-11-10,Rut tiet kiem,ATM,90000000
4791,64,104,7,22,2026-03-02,Chi tieu the,Mobile Banking,900000
5070,107,103,9,29,2026-04-28,Gui tiet kiem,Internet Banking,119000000
4705,349,109,10,33,2025-11-09,Giai ngan vay,Mobile Banking,910000000
392,215,106,3,9,2025-07-25,Giai ngan vay,Internet Banking,1102000000
2233,223,106,7,22,2025-11-21,Tra no vay,ATM,46000000
365,63,108,11,39,2026-06-29,Phi banca,POS,2000000
4519,381,102,9,31,2026-03-06,Chi tieu the,Quay giao dich,500000
881,145,110,1,3,2025-09-02,Tra no vay,Quay giao dich,46000000
4196,116,107,1,2,2025-07-03,Rut tiet kiem,ATM,99000000
5117,273,101,11,37,2025-07-13,Rut tiet kiem,POS,10000000
41,312,104,8,28,2025-11-12,Rut tiet kiem,POS,210000000
1139,145,110,1,3,2025-12-18,Phi banca,Quay giao dich,400000
3476,287,103,12,42,2026-07-09,Chi tieu the,Quay giao dich,3400000
372,395,101,7,22,2025-09-14,Giai ngan vay,Internet Banking,1316000000
3550,225,102,3,9,2026-03-14,Phi banca,ATM,100000
5409,123,105,1,2,2025-12-11,Rut tiet kiem,Quay giao dich,271000000
2832,254,107,7,22,2025-10-13,Gui tiet kiem,Mobile Banking,156000000
1383,343,104,3,10,2026-05-10,Phi banca,Mobile Banking,1800000
831,315,110,7,22,2026-04-06,Rut tiet kiem,Quay giao dich,131000000
1369,6,106,11,39,2025-07-31,Gui tiet kiem,POS,62000000
2732,197,104,6,21,2026-06-29,Tra no vay,POS,37000000
2266,87,101,1,5,2026-04-06,Phi banca,Quay giao dich,200000
4648,15,109,3,10,2025-09-30,Phi banca,POS,500000
5477,172,104,12,40,2026-05-19,Giai ngan vay,Quay giao dich,1676000000
818,4,106,6,20,2025-10-23,Giai ngan vay,POS,679000000
5955,337,104,7,24,2026-07-22,Rut tiet kiem,POS,259000000
1320,71,109,10,33,2025-12-11,Tra no vay,Internet Banking,66000000
5597,246,102,6,21,2026-06-14,Chi tieu the,Quay giao dich,4300000
1670,121,109,11,36,2026-04-08,Rut tiet kiem,Mobile Banking,86000000
2453,243,106,11,38,2026-03-17,Tra no vay,Mobile Banking,48000000
4272,185,105,6,20,2025-12-22,Giai ngan vay,Internet Banking,1305000000
2718,335,109,9,30,2026-01-16,Gui tiet kiem,Mobile Banking,404000000
1549,125,107,1,4,2026-07-23,Giai ngan vay,Mobile Banking,932000000
4980,126,101,4,14,2026-01-02,Phi banca,Quay giao dich,500000
3698,216,108,8,27,2025-08-30,Giai ngan vay,Mobile Banking,753000000
4996,130,105,6,19,2025-09-12,Gui tiet kiem,ATM,356000000
3138,78,103,6,19,2026-05-28,Giai ngan vay,Internet Banking,195000000
4490,387,101,7,23,2026-06-17,Giai ngan vay,Internet Banking,958000000
2709,123,104,1,2,2026-04-23,Chi tieu the,POS,2600000
4737,219,107,6,19,2025-07-28,Phi banca,Mobile Banking,1100000
4472,9,110,9,29,2026-03-30,Chi tieu the,Internet Banking,4900000
5158,94,108,4,12,2025-12-22,Giai ngan vay,ATM,1163000000
4565,286,103,5,17,2025-08-28,Gui tiet kiem,Internet Banking,231000000
340,231,107,2,8,2025-10-31,Chi tieu the,Mobile Banking,4600000
3395,216,105,8,27,2026-01-21,Rut tiet kiem,ATM,201000000
4697,200,104,4,14,2026-03-09,Giai ngan vay,Internet Banking,601000000
2708,302,106,4,12,2026-02-02,Tra no vay,Internet Banking,48000000
3777,326,106,4,13,2026-05-01,Tra no vay,Internet Banking,15000000
1179,305,102,12,40,2025-07-31,Rut tiet kiem,ATM,247000000
451,181,107,11,38,2026-05-05,Phi banca,POS,200000
1679,351,104,5,16,2026-06-20,Phi banca,Internet Banking,1800000
371,156,110,7,22,2025-09-06,Rut tiet kiem,Internet Banking,134000000
544,209,104,4,14,2025-07-10,Chi tieu the,Internet Banking,3600000
4058,324,110,3,9,2026-04-09,Gui tiet kiem,Quay giao dich,402000000
3596,363,101,10,33,2026-03-30,Chi tieu the,Mobile Banking,4600000
2898,37,108,12,40,2026-06-25,Chi tieu the,POS,800000
2785,295,101,5,18,2025-11-18,Tra no vay,Mobile Banking,59000000
150,,110,9,29,2025-11-10,Chi tieu the,Mobile Banking,4000000
641,140,108,9,29,2025-08-10,Tra no vay,Internet Banking,57000000
1647,269,108,8,27,2026-04-14,Chi tieu the,Quay giao dich,100000
2378,173,104,12,40,2025-07-16,Tra no vay,POS,14000000
2980,352,102,10,35,2026-06-27,Chi tieu the,Internet Banking,2100000
3298,77,104,8,28,2025-10-10,Giai ngan vay,POS,533000000
5027,329,107,12,42,2025-07-18,Phi banca,Internet Banking,100000
5735,147,109,5,18,2026-04-26,Giai ngan vay,POS,1419000000
3782,,105,2,8,2026-03-13,Chi tieu the,ATM,4000000
2074,365,106,8,26,2025-08-21,Gui tiet kiem,ATM,262000000
5045,53,109,12,42,2025-08-08,Giai ngan vay,Internet Banking,1399000000
2497,196,106,10,35,2025-12-22,Giai ngan vay,POS,1265000000
691,95,107,10,35,2026-06-24,Tra no vay,Quay giao dich,68000000
2905,389,108,8,26,2025-07-25,Tra no vay,Mobile Banking,7000000
3319,13,108,8,28,2025-08-13,Rut tiet kiem,Mobile Banking,214000000
487,92,103,8,27,2026-01-18,Gui tiet kiem,Quay giao dich,218000000
550,259,106,10,34,2026-06-15,Phi banca,Internet Banking,1100000
1324,199,103,8,27,2025-10-12,Giai ngan vay,POS,719000000
5771,58,102,2,6,2025-09-10,Phi banca,POS,300000
729,317,103,4,13,2026-07-09,Rut tiet kiem,POS,144000000
571,52,106,11,36,2026-05-30,Tra no vay,Quay giao dich,25000000
1742,22,107,10,32,2025-09-09,Tra no vay,Internet Banking,68000000
2201,142,110,5,15,2026-01-31,Gui tiet kiem,POS,212000000
4419,365,109,8,26,2025-12-19,Rut tiet kiem,ATM,171000000
3023,24,108,11,38,2025-07-30,Rut tiet kiem,ATM,274000000
4367,223,103,7,22,2025-12-10,Tra no vay,POS,52000000
3546,174,108,10,35,2025-10-07,Gui tiet kiem,POS,59000000
4110,86,102,4,13,2026-05-20,Chi tieu the,POS,5000000
3560,183,110,5,18,2026-07-17,Tra no vay,POS,55000000
3346,146,102,9,29,2025-12-26,Tra no vay,Mobile Banking,88000000
3292,175,110,6,19,2026-05-30,Rut tiet kiem,POS,265000000
4953,310,110,10,32,2025-11-12,Gui tiet kiem,Internet Banking,23000000
4859,334,103,7,24,2025-10-23,Rut tiet kiem,Internet Banking,136000000
4135,163,101,5,16,2025-11-21,Chi tieu the,Mobile Banking,4800000
1070,177,108,5,17,2026-06-18,Rut tiet kiem,POS,269000000
281,241,104,10,32,2025-10-23,Chi tieu the,Mobile Banking,4500000
3880,184,106,2,8,2026-07-04,Rut tiet kiem,Internet Banking,164000000
1359,335,101,9,30,2025-11-07,Gui tiet kiem,POS,362000000
1661,320,102,1,4,2025-07-31,Phi banca,ATM,900000
1675,342,110,7,23,2026-02-25,Tra no vay,POS,63000000
2730,285,104,2,7,2025-10-21,Giai ngan vay,Internet Banking,1511000000
1727,12,109,8,27,2026-03-15,Giai ngan vay,POS,112000000
3712,22,103,10,32,2025-07-02,Chi tieu the,Mobile Banking,4200000
1784,118,106,5,17,2025-10-26,Gui tiet kiem,Internet Banking,23000000
3248,285,105,2,7,2026-07-09,Rut tiet kiem,Mobile Banking,16000000
4258,244,104,1,2,2025-10-27,Giai ngan vay,POS,991000000
5810,34,101,4,14,2025-08-26,Chi tieu the,Internet Banking,2800000
4051,130,105,6,19,2026-02-06,Tra no vay,ATM,13000000
927,30,104,1,5,2025-10-27,Chi tieu the,Quay giao dich,4900000
2760,332,102,7,24,2025-12-05,Tra no vay,POS,84000000
2968,267,110,8,26,2025-12-13,Chi tieu the,Mobile Banking,500000
746,263,108,12,40,2026-03-15,Giai ngan vay,POS,656000000
5914,318,106,3,11,2026-02-24,Tra no vay,POS,77000000
1164,368,107,4,13,2025-11-22,Gui tiet kiem,POS,132000000
296,70,102,12,40,2025-09-09,Tra no vay,ATM,24000000
72,17,106,4,13,2026-02-17,Chi tieu the,Quay giao dich,4800000
4904,282,108,2,7,2025-11-16,Tra no vay,POS,20000000
684,377,101,1,4,2026-01-02,Gui tiet kiem,POS,352000000
1921,63,104,11,39,2026-01-10,Giai ngan vay,POS,1111000000
5650,15,105,3,10,2026-05-10,Giai ngan vay,ATM,691000000
965,173,106,12,40,2026-04-29,Chi tieu the,POS,2300000
3185,48,109,8,27,2026-04-17,Gui tiet kiem,Quay giao dich,422000000
2236,158,104,12,41,2026-03-29,Rut tiet kiem,Quay giao dich,227000000
3770,76,103,12,42,2026-02-16,Chi tieu the,Quay giao dich,4900000
5544,165,103,7,25,2026-05-29,Giai ngan vay,ATM,1605000000
2379,287,110,12,42,2026-01-22,Chi tieu the,Mobile Banking,4200000
4655,239,101,11,38,2025-10-19,Chi tieu the,ATM,700000
5142,255,106,6,20,2026-01-13,Phi banca,Internet Banking,800000
1011,315,106,7,22,2026-03-23,Giai ngan vay,POS,481000000
5460,390,104,4,14,2026-04-16,Phi banca,Mobile Banking,900000
5367,301,107,12,40,2025-08-26,Gui tiet kiem,Quay giao dich,288000000
887,280,103,3,11,2026-01-09,Gui tiet kiem,ATM,75000000
4298,92,103,8,27,2025-07-03,Chi tieu the,Mobile Banking,4200000
1781,285,109,2,7,2026-01-11,Gui tiet kiem,Mobile Banking,464000000
4639,31,110,3,11,2025-12-03,Chi tieu the,Mobile Banking,100000
4971,112,101,7,24,2025-11-11,Tra no vay,Quay giao dich,59000000
4682,364,103,5,15,2026-04-23,Phi banca,ATM,900000
4666,348,104,7,24,2025-07-19,Gui tiet kiem,Quay giao dich,119000000
3212,101,109,3,10,2025-12-26,Tra no vay,POS,32000000
4662,310,107,10,32,2026-04-03,Giai ngan vay,Internet Banking,718000000
4059,111,102,3,9,2026-03-14,Rut tiet kiem,Internet Banking,4000000
3577,248,101,4,12,2025-09-02,Giai ngan vay,ATM,1768000000
4594,35,105,6,21,2025-09-22,Gui tiet kiem,Internet Banking,85000000
3947,23,105,5,16,2026-05-13,Rut tiet kiem,ATM,128000000
102,135,102,11,39,2026-07-08,Gui tiet kiem,Quay giao dich,439000000
3057,45,110,7,24,2025-12-17,Chi tieu the,Internet Banking,3700000
4913,291,105,10,35,2026-06-09,Phi banca,Mobile Banking,1900000
5579,25,109,2,6,2025-10-11,Tra no vay,Mobile Banking,82000000
4973,36,108,3,11,2026-05-05,Giai ngan vay,Mobile Banking,862000000
4169,224,110,3,9,2025-12-15,Rut tiet kiem,ATM,86000000
3552,367,106,11,38,,Phi banca,ATM,800000
4376,338,105,5,15,2025-11-04,Giai ngan vay,ATM,1707000000
5046,353,109,9,31,2026-03-31,Gui tiet kiem,Mobile Banking,482000000
5014,6,104,11,39,2025-10-04,Tra no vay,POS,69000000
5100,5,109,10,32,2026-03-03,Tra no vay,POS,11000000
120,268,109,5,15,2026-06-16,Rut tiet kiem,ATM,50000000
1907,142,103,5,15,2025-10-31,Phi banca,Internet Banking,400000
4779,165,101,7,25,2025-08-30,Chi tieu the,POS,2200000
5765,274,101,3,9,2025-07-27,Giai ngan vay,Internet Banking,1588000000
2329,216,107,8,27,2026-03-01,Phi banca,POS,1700000
3519,106,110,9,30,2026-06-12,Rut tiet kiem,ATM,132000000
2702,,105,10,35,2026-02-15,Tra no vay,Quay giao dich,34000000
1764,67,104,4,14,2026-01-06,Tra no vay,Internet Banking,-17000000
1493,1,102,5,17,2026-01-24,Rut tiet kiem,POS,130000000
55,207,104,7,22,2025-08-10,Tra no vay,ATM,12000000
3121,325,102,7,24,2026-03-25,Rut tiet kiem,Internet Banking,115000000
5999,140,107,9,29,2025-08-25,Gui tiet kiem,Internet Banking,444000000
1325,334,105,7,24,2026-02-17,Tra no vay,Quay giao dich,52000000
5504,315,105,7,22,2025-09-21,Phi banca,POS,500000
3581,200,102,4,14,2026-02-17,Gui tiet kiem,Mobile Banking,190000000
3845,178,108,9,29,2026-01-10,Tra no vay,POS,99000000
4581,197,101,6,21,2026-06-17,Rut tiet kiem,POS,199000000
5555,209,101,4,14,2025-12-20,Tra no vay,POS,35000000
1128,339,105,9,30,2025-11-28,Gui tiet kiem,Internet Banking,169000000
2774,266,106,3,11,2025-11-01,Gui tiet kiem,Mobile Banking,445000000
2792,217,103,5,16,2026-07-25,Giai ngan vay,ATM,405000000
2403,307,110,12,40,2025-08-17,Phi banca,POS,300000
2901,265,105,10,35,2026-04-20,Phi banca,Mobile Banking,1300000
821,27,110,11,36,2026-02-05,Phi banca,Mobile Banking,600000
4491,205,103,1,3,2026-05-09,Phi banca,Quay giao dich,800000
5545,225,105,3,9,2025-09-18,Phi banca,POS,200000
5854,290,101,10,33,2026-07-05,Tra no vay,Internet Banking,50000000
2027,377,109,1,4,2025-07-11,Rut tiet kiem,Quay giao dich,222000000
3728,236,109,9,30,2026-01-14,Phi banca,POS,300000
4650,249,106,9,30,2025-10-21,Gui tiet kiem,ATM,195000000
679,376,104,12,41,2026-06-24,Rut tiet kiem,Quay giao dich,250000000
3641,103,106,11,36,2026-03-14,Tra no vay,ATM,28000000
2796,370,110,11,37,2026-04-29,Rut tiet kiem,POS,65000000
288,307,102,12,40,2026-06-16,Tra no vay,POS,85000000
710,258,105,7,24,2025-11-19,Chi tieu the,ATM,600000
1543,28,107,2,6,2025-10-15,Tra no vay,Mobile Banking,80000000
4610,331,105,10,35,2025-08-22,Phi banca,Quay giao dich,800000
3170,16,110,11,39,2025-08-10,Rut tiet kiem,Internet Banking,81000000
1575,,109,11,38,2026-05-26,Chi tieu the,Mobile Banking,1900000
5727,31,106,3,11,2026-07-14,Chi tieu the,ATM,600000
333,158,102,12,41,2026-02-19,Rut tiet kiem,POS,33000000
5004,231,107,2,8,2025-10-04,Chi tieu the,Mobile Banking,500000
3396,6,105,11,39,2025-11-20,Phi banca,POS,1600000
2202,51,102,7,23,2025-07-23,Gui tiet kiem,Mobile Banking,87000000
2911,251,108,5,18,2025-11-13,Giai ngan vay,ATM,1451000000
2767,334,107,7,24,2025-09-10,Phi banca,Internet Banking,1600000
1558,233,109,3,10,2026-02-24,Chi tieu the,Quay giao dich,600000
3222,342,102,7,23,2025-08-26,Gui tiet kiem,Quay giao dich,423000000
5800,362,108,7,23,2025-07-15,Tra no vay,POS,53000000
5526,35,102,6,21,2025-08-30,Tra no vay,Internet Banking,31000000
1526,110,101,12,41,2025-10-09,Giai ngan vay,ATM,1002000000
2446,319,102,9,31,2025-10-12,Rut tiet kiem,POS,16000000
4397,353,103,9,31,2025-09-10,Tra no vay,Mobile Banking,23000000
3463,288,105,4,14,2025-10-05,Tra no vay,ATM,54000000
1464,255,110,6,20,2025-10-18,Phi banca,POS,1300000
1705,251,103,5,18,2026-02-02,Gui tiet kiem,POS,283000000
823,284,103,12,42,2025-12-13,Gui tiet kiem,Mobile Banking,52000000
4961,262,101,3,10,2026-03-17,Chi tieu the,Internet Banking,5000000
2892,389,104,8,26,2026-03-26,Phi banca,Internet Banking,1600000
5234,14,106,6,19,2025-12-12,Tra no vay,POS,90000000
5456,190,109,9,31,2025-10-09,Gui tiet kiem,Mobile Banking,39000000
643,305,109,12,40,2025-09-17,Phi banca,POS,1500000
265,381,101,9,31,2026-03-24,Chi tieu the,Internet Banking,200000
4097,31,110,3,11,2025-12-28,Phi banca,POS,1900000
4510,323,103,1,5,2025-07-24,Gui tiet kiem,POS,83000000
4045,353,109,9,31,2025-10-22,Phi banca,ATM,1000000
3610,149,108,1,2,2025-10-14,Giai ngan vay,Quay giao dich,497000000
4453,247,102,8,26,2026-06-20,Phi banca,Mobile Banking,-1200000
4002,214,103,1,3,2025-09-16,Gui tiet kiem,Quay giao dich,205000000
3218,356,110,10,33,2026-02-15,Gui tiet kiem,Quay giao dich,485000000
5062,358,107,6,19,2026-04-30,Giai ngan vay,POS,1868000000
5917,344,109,1,3,2026-01-20,Chi tieu the,ATM,3900000
2637,267,110,8,26,2026-04-05,Gui tiet kiem,ATM,198000000
2185,16,105,11,39,2026-03-30,Gui tiet kiem,Internet Banking,259000000
5802,293,103,1,4,2026-02-15,Chi tieu the,Internet Banking,400000
5293,14,102,6,19,2026-02-18,Gui tiet kiem,Internet Banking,175000000
2754,203,106,6,19,2025-09-25,Chi tieu the,Mobile Banking,3000000
872,52,105,11,36,2026-07-12,Tra no vay,Internet Banking,33000000
5984,109,103,2,6,2025-09-04,Giai ngan vay,Quay giao dich,1309000000
1663,207,109,7,22,2026-06-27,Phi banca,Quay giao dich,1600000
2617,69,106,8,28,2026-01-24,Gui tiet kiem,Internet Banking,137000000
2164,123,110,1,2,2025-08-26,Gui tiet kiem,POS,6000000
2417,135,106,11,39,,Tra no vay,Mobile Banking,60000000
933,249,105,9,30,2025-08-10,Rut tiet kiem,Mobile Banking,267000000
5577,208,106,7,25,2026-06-13,Rut tiet kiem,ATM,133000000
3379,15,103,3,10,2026-05-18,Phi banca,POS,600000
1091,381,110,9,31,2026-05-31,Chi tieu the,ATM,3000000
5144,41,109,1,1,2026-03-16,Giai ngan vay,POS,1170000000
1890,197,104,6,21,2026-06-24,Rut tiet kiem,ATM,293000000
3353,290,110,10,33,2026-04-22,Tra no vay,POS,48000000
5712,269,103,8,27,2026-03-12,Gui tiet kiem,ATM,14000000
1037,327,106,7,25,2026-02-21,Phi banca,Quay giao dich,700000
5566,101,110,3,10,2026-04-19,Gui tiet kiem,ATM,72000000
5816,151,103,12,42,2025-11-06,Tra no vay,Mobile Banking,23000000
2125,104,105,7,22,2025-10-15,Chi tieu the,POS,3300000
2909,155,105,6,20,2025-12-30,Tra no vay,ATM,87000000
4551,225,109,3,9,2025-10-16,Gui tiet kiem,Mobile Banking,102000000
1256,208,107,7,25,2026-01-30,Phi banca,ATM,1200000
1565,310,102,10,32,2025-09-02,Phi banca,POS,1000000
1118,169,109,11,39,2026-03-05,Giai ngan vay,POS,591000000
1839,142,101,5,15,2026-01-18,Tra no vay,Internet Banking,11000000
4195,47,110,1,3,2026-03-15,Rut tiet kiem,ATM,9000000
4885,129,110,11,36,2025-11-15,Chi tieu the,Quay giao dich,1800000
3421,104,104,7,22,2026-05-04,Tra no vay,POS,60000000
5697,365,106,8,26,2025-09-12,Chi tieu the,Mobile Banking,2100000
1466,332,104,7,24,2026-03-03,Gui tiet kiem,Quay giao dich,71000000
874,248,102,4,12,2025-11-16,Phi banca,POS,-500000
2977,246,105,6,21,2026-07-11,Chi tieu the,Internet Banking,1000000
2771,170,102,1,1,2025-11-21,Phi banca,ATM,1200000
4769,198,101,4,14,2025-09-06,Rut tiet kiem,Internet Banking,193000000
1718,255,107,6,20,2026-05-07,Tra no vay,POS,9000000
1146,400,103,11,36,2026-04-03,Gui tiet kiem,Internet Banking,172000000
841,368,106,4,13,2025-10-18,Chi tieu the,ATM,3600000
1471,181,103,11,38,2026-01-15,Chi tieu the,Mobile Banking,4000000
1330,306,105,3,10,2026-06-07,Gui tiet kiem,Mobile Banking,320000000
166,270,103,6,19,2025-07-15,Phi banca,Quay giao dich,1800000
1748,163,101,5,16,2025-10-07,Giai ngan vay,Internet Banking,902000000
319,132,103,3,9,2025-08-07,Gui tiet kiem,Internet Banking,200000000
630,129,102,11,36,2026-05-04,Phi banca,Internet Banking,500000
5444,334,109,7,24,2026-02-02,Gui tiet kiem,ATM,356000000
381,163,110,5,16,2026-05-06,Gui tiet kiem,POS,470000000
4470,243,103,11,38,2026-07-20,Gui tiet kiem,ATM,324000000
141,247,102,8,26,2025-11-10,Tra no vay,Quay giao dich,90000000
864,272,110,2,8,2026-03-10,Tra no vay,POS,32000000
3402,15,102,3,10,2025-11-01,Tra no vay,POS,70000000
2629,53,110,12,42,2025-11-25,Rut tiet kiem,Internet Banking,40000000
3898,106,102,9,30,2025-08-07,Giai ngan vay,Internet Banking,282000000
2933,370,104,11,37,2026-03-16,Phi banca,ATM,1400000
836,160,103,5,17,2025-10-14,Tra no vay,ATM,77000000
3853,325,109,7,24,2025-08-27,Chi tieu the,Mobile Banking,4000000
2096,169,110,11,39,2026-03-28,Giai ngan vay,Internet Banking,1710000000
1243,56,102,5,16,2025-10-26,Tra no vay,Quay giao dich,89000000
4630,225,110,3,9,2025-10-31,Giai ngan vay,ATM,1380000000
5246,293,101,1,4,2026-01-18,Rut tiet kiem,ATM,138000000
4703,223,105,7,22,2025-11-13,Rut tiet kiem,POS,147000000
4363,398,108,10,35,2026-04-12,Tra no vay,POS,48000000
3544,267,110,8,26,2025-10-22,Rut tiet kiem,Mobile Banking,68000000
175,232,105,4,12,2026-06-24,Tra no vay,POS,20000000
3441,357,109,6,19,2026-06-21,Chi tieu the,POS,2200000
5684,255,107,6,20,2026-01-30,Giai ngan vay,POS,1436000000
2348,323,105,1,5,2025-07-22,Gui tiet kiem,ATM,109000000
1604,46,103,11,39,2025-12-08,Phi banca,Internet Banking,400000
4016,292,101,7,22,2026-02-09,Tra no vay,Mobile Banking,83000000
518,12,101,8,27,2026-04-03,Giai ngan vay,POS,1537000000
2884,231,105,2,8,2025-10-13,Gui tiet kiem,Internet Banking,300000000
525,136,110,5,15,2026-03-13,Tra no vay,ATM,54000000
1417,19,104,4,12,2025-08-07,Giai ngan vay,POS,286000000
2783,72,108,12,41,2026-05-02,Phi banca,Internet Banking,1600000
2039,298,103,8,28,2025-07-04,Chi tieu the,POS,500000
2799,30,103,1,5,2026-01-06,Rut tiet kiem,POS,153000000
1576,60,104,10,34,2025-12-03,Gui tiet kiem,POS,411000000
5106,280,103,3,11,2026-04-13,Rut tiet kiem,Quay giao dich,212000000
295,148,103,1,2,2025-09-07,Gui tiet kiem,Quay giao dich,336000000
1763,231,105,2,8,2025-12-11,Rut tiet kiem,Mobile Banking,260000000
2346,53,107,12,42,2026-05-30,Chi tieu the,Internet Banking,3300000
3045,199,105,8,27,2026-06-01,Tra no vay,Internet Banking,39000000
1235,38,104,8,27,2026-03-11,Chi tieu the,Mobile Banking,1400000
2966,196,101,10,35,,Chi tieu the,ATM,4900000
5645,144,107,5,16,2025-08-22,Phi banca,Internet Banking,300000
4604,63,105,11,39,2026-02-28,Giai ngan vay,Internet Banking,1980000000
1641,39,102,6,20,2026-03-04,Tra no vay,POS,67000000
4263,126,105,4,14,2026-05-16,Rut tiet kiem,Internet Banking,165000000
3482,89,106,5,16,2025-08-18,Gui tiet kiem,Mobile Banking,389000000
5067,194,101,6,20,2025-11-22,Giai ngan vay,Mobile Banking,58000000
1893,332,110,7,24,2026-01-09,Tra no vay,Mobile Banking,22000000
5151,24,105,11,38,2026-01-21,Gui tiet kiem,POS,458000000
4313,208,107,7,25,2025-07-03,Rut tiet kiem,ATM,202000000
4150,114,109,9,31,2025-12-22,Phi banca,Quay giao dich,1100000
4620,293,103,1,4,2026-03-15,Chi tieu the,Quay giao dich,2500000
5558,306,106,3,10,2026-03-17,Rut tiet kiem,POS,205000000
5584,136,103,5,15,2026-06-15,Rut tiet kiem,Quay giao dich,242000000
2717,234,102,5,15,2025-08-31,Giai ngan vay,POS,312000000
5537,329,102,12,42,2026-05-24,Chi tieu the,POS,2100000
5651,146,103,9,29,2026-01-12,Rut tiet kiem,Mobile Banking,126000000
2751,210,104,10,35,2026-02-07,Chi tieu the,POS,4700000
1758,161,104,2,7,2026-01-27,Gui tiet kiem,Mobile Banking,268000000
4189,,107,12,42,2026-04-17,Phi banca,ATM,1300000
2354,286,101,5,17,2026-03-29,Gui tiet kiem,Mobile Banking,127000000
2469,320,105,1,4,2026-04-17,Rut tiet kiem,ATM,278000000
604,17,103,4,13,2025-09-17,Chi tieu the,Internet Banking,2500000
1463,141,109,12,40,2026-04-06,Gui tiet kiem,ATM,261000000
5728,115,104,4,13,2025-11-03,Chi tieu the,Internet Banking,1100000
5252,110,107,12,41,2026-04-11,Chi tieu the,Mobile Banking,2900000
1723,85,107,12,42,2026-06-04,Gui tiet kiem,Mobile Banking,114000000
2920,19,105,4,12,2026-02-24,Chi tieu the,Quay giao dich,4800000
5743,175,105,6,19,2026-03-27,Chi tieu the,Mobile Banking,900000
4226,115,107,4,13,2026-01-02,Tra no vay,ATM,13000000
5276,178,106,9,29,2026-03-13,Gui tiet kiem,Quay giao dich,397000000
1840,82,104,8,28,2026-04-16,Phi banca,Mobile Banking,1100000
5870,51,102,7,23,2025-08-14,Tra no vay,Internet Banking,40000000
585,191,103,11,37,2026-03-27,Tra no vay,POS,19000000
5140,325,104,7,24,2025-10-04,Rut tiet kiem,POS,199000000
1046,96,106,11,37,2025-12-04,Tra no vay,Mobile Banking,3000000
1374,22,106,10,32,2026-01-19,Rut tiet kiem,Quay giao dich,192000000
642,313,107,5,18,2026-07-25,Tra no vay,Mobile Banking,11000000
5767,48,101,8,27,2025-07-18,Rut tiet kiem,Quay giao dich,211000000
658,64,105,7,22,2025-08-02,Gui tiet kiem,Internet Banking,304000000
1722,305,105,12,40,2026-04-25,Gui tiet kiem,POS,317000000
478,123,107,1,2,2025-08-15,Rut tiet kiem,Quay giao dich,199000000
3720,197,110,6,21,2025-10-20,Chi tieu the,POS,-2100000
2844,83,103,8,27,2025-08-24,Gui tiet kiem,ATM,61000000
3469,283,104,1,3,2025-09-22,Giai ngan vay,ATM,1291000000
3342,84,104,12,42,2026-06-26,Rut tiet kiem,POS,42000000
4018,23,104,5,16,2026-02-16,Phi banca,Quay giao dich,2000000
3508,,106,12,42,,Giai ngan vay,Internet Banking,246000000
1542,159,103,10,34,2026-04-22,Phi banca,ATM,1600000
4392,112,110,7,24,2026-01-03,Tra no vay,Internet Banking,51000000
1654,332,104,7,24,2025-08-07,Rut tiet kiem,Mobile Banking,60000000
3569,204,107,2,7,2026-05-01,Rut tiet kiem,POS,280000000
2729,179,109,3,10,2026-04-19,Phi banca,Mobile Banking,-1500000
5500,215,108,3,9,2026-04-23,Giai ngan vay,ATM,1382000000
5063,346,104,7,24,2026-03-01,Tra no vay,Internet Banking,65000000
5857,328,106,10,33,2026-01-21,Tra no vay,Mobile Banking,96000000
4204,239,108,11,38,2026-05-05,Rut tiet kiem,Quay giao dich,201000000
4219,47,106,1,3,2026-05-01,Phi banca,Internet Banking,-700000
1331,26,101,2,6,2025-11-18,Giai ngan vay,Quay giao dich,1542000000
5824,213,105,7,23,2026-05-01,Giai ngan vay,Internet Banking,1356000000
2578,79,105,10,32,2025-10-12,Tra no vay,ATM,14000000
3001,265,106,10,35,2026-06-05,Tra no vay,POS,56000000
3262,373,105,2,8,2025-07-05,Rut tiet kiem,Mobile Banking,1000000
2912,147,109,5,18,2026-06-30,Rut tiet kiem,Internet Banking,182000000
5678,224,109,3,9,2026-05-15,Rut tiet kiem,POS,85000000
3648,133,106,9,30,2025-07-14,Tra no vay,Mobile Banking,71000000
5101,277,104,7,25,2025-12-13,Gui tiet kiem,POS,386000000
2219,283,106,1,3,2026-02-19,Tra no vay,Internet Banking,50000000
4887,4,110,6,20,2026-07-02,Tra no vay,Mobile Banking,46000000
1442,27,101,11,36,2026-02-27,Gui tiet kiem,Mobile Banking,73000000
2639,205,106,1,3,2025-09-12,Tra no vay,ATM,85000000
3983,286,109,5,17,2026-03-07,Tra no vay,Mobile Banking,36000000
2284,52,110,11,36,2026-05-24,Giai ngan vay,Quay giao dich,1109000000
5971,72,109,12,41,2026-06-12,Rut tiet kiem,Internet Banking,182000000
5654,208,105,7,25,2026-06-04,Chi tieu the,Internet Banking,4800000
523,233,102,3,10,2025-09-14,Tra no vay,ATM,55000000
2671,292,109,7,22,2026-04-16,Rut tiet kiem,Mobile Banking,38000000
1275,140,108,9,29,2026-06-03,Giai ngan vay,Quay giao dich,317000000
1370,5,105,10,32,2025-09-09,Rut tiet kiem,Internet Banking,246000000
4631,317,110,4,13,2025-11-25,Giai ngan vay,Mobile Banking,1210000000
4607,179,102,3,10,2026-05-18,Chi tieu the,Internet Banking,2800000
3009,131,102,11,36,2025-10-23,Giai ngan vay,Internet Banking,682000000
2463,71,104,10,33,2026-04-29,Phi banca,POS,600000
4696,328,110,10,33,2026-06-20,Chi tieu the,POS,900000
2615,322,106,9,31,2026-02-07,Giai ngan vay,ATM,476000000
4890,335,109,9,30,2026-02-08,Rut tiet kiem,ATM,245000000
5295,384,103,8,26,2025-09-22,Rut tiet kiem,Mobile Banking,94000000
4406,,105,2,8,2025-11-04,Chi tieu the,ATM,4200000
5983,339,103,9,30,2025-09-12,Giai ngan vay,Internet Banking,1983000000
5047,33,107,9,30,2025-07-27,Rut tiet kiem,Mobile Banking,160000000
4991,17,108,4,13,2025-12-23,Phi banca,Quay giao dich,1200000
3789,354,103,2,8,2025-07-28,Chi tieu the,Mobile Banking,3200000
2950,12,107,8,27,2025-08-23,Phi banca,ATM,1700000
1669,110,107,12,41,2025-09-26,Phi banca,Quay giao dich,1000000
2128,310,101,10,32,2026-05-15,Giai ngan vay,Quay giao dich,1741000000
4266,341,109,2,8,2026-07-18,Rut tiet kiem,ATM,262000000
5808,50,101,4,12,2025-09-01,Chi tieu the,Quay giao dich,3700000
1371,245,108,3,10,2025-10-18,Rut tiet kiem,Quay giao dich,284000000
1501,144,103,5,16,2026-02-04,Tra no vay,Quay giao dich,76000000
5398,335,105,9,30,2025-10-01,Gui tiet kiem,POS,11000000
4712,328,106,10,33,2026-05-09,Gui tiet kiem,POS,65000000
5292,208,107,7,25,2025-07-01,Phi banca,POS,1200000
4424,306,101,3,10,2026-01-19,Giai ngan vay,Mobile Banking,1050000000
1042,178,105,9,29,2025-10-15,Phi banca,Internet Banking,300000
3382,355,109,1,1,2025-11-24,Gui tiet kiem,ATM,173000000
346,121,108,11,36,2026-04-30,Giai ngan vay,POS,1580000000
334,305,110,12,40,2025-10-21,Rut tiet kiem,Quay giao dich,-173000000
3507,386,102,8,28,2026-03-02,Chi tieu the,ATM,4200000
1420,117,108,9,30,2025-11-07,Tra no vay,ATM,27000000
2364,78,104,6,19,2025-09-04,Tra no vay,Mobile Banking,60000000
2955,339,106,9,30,2026-03-10,Rut tiet kiem,Mobile Banking,234000000
1282,341,102,2,8,2026-05-10,Gui tiet kiem,Quay giao dich,365000000
5251,348,103,7,24,2025-09-19,Gui tiet kiem,Mobile Banking,166000000
405,372,102,7,25,2025-10-18,Phi banca,POS,-1500000
2544,195,104,2,8,2025-08-04,Chi tieu the,POS,2500000
5929,17,104,4,13,2026-01-24,Rut tiet kiem,Internet Banking,125000000
3008,356,109,10,33,2026-03-05,Rut tiet kiem,Mobile Banking,188000000
3558,57,102,8,26,2026-04-10,Gui tiet kiem,ATM,430000000
1640,134,104,5,17,2025-07-04,Giai ngan vay,Mobile Banking,1847000000
730,342,107,7,23,2025-10-10,Phi banca,ATM,2000000
5038,146,107,9,29,2026-07-02,Chi tieu the,Mobile Banking,3000000
4981,16,110,11,39,2026-01-19,Rut tiet kiem,ATM,77000000
565,15,108,3,10,2026-02-07,Chi tieu the,Quay giao dich,1600000
747,61,103,1,4,2025-10-23,Chi tieu the,Quay giao dich,1000000
2384,251,108,5,18,2025-10-09,Gui tiet kiem,Mobile Banking,259000000
3169,110,101,12,41,2025-10-12,Rut tiet kiem,Internet Banking,113000000
938,312,106,8,28,,Rut tiet kiem,POS,15000000
1986,344,107,1,3,2026-02-19,Gui tiet kiem,Internet Banking,229000000
5364,182,108,8,27,2026-04-22,Gui tiet kiem,Mobile Banking,292000000
2117,64,101,7,22,2025-10-05,Chi tieu the,POS,100000
735,25,103,2,6,2025-07-21,Gui tiet kiem,Quay giao dich,343000000
2575,154,102,10,34,2025-11-14,Giai ngan vay,ATM,878000000
91,196,107,10,35,2026-06-04,Tra no vay,Quay giao dich,18000000
2092,385,110,6,20,2026-07-06,Chi tieu the,ATM,2400000
3827,32,109,1,1,2025-12-09,Rut tiet kiem,Mobile Banking,184000000
1281,371,101,8,28,2026-07-13,Chi tieu the,Internet Banking,3000000
3756,397,102,1,5,2025-12-13,Chi tieu the,Internet Banking,700000
5097,361,110,3,9,2026-06-18,Giai ngan vay,Internet Banking,1945000000
4602,149,103,1,2,2026-01-21,Phi banca,Quay giao dich,300000
5934,11,108,3,11,2026-06-16,Tra no vay,POS,19000000
209,395,106,7,22,2025-12-26,Tra no vay,ATM,99000000
508,391,109,11,38,2026-03-13,Rut tiet kiem,Quay giao dich,187000000
3112,237,109,1,1,2026-03-11,Chi tieu the,Mobile Banking,800000
5190,78,106,6,19,2026-07-03,Tra no vay,POS,82000000
5729,25,102,2,6,2026-05-18,Rut tiet kiem,Internet Banking,250000000
3448,265,107,10,35,2026-07-13,Phi banca,ATM,300000
1189,303,107,10,34,2026-06-06,Gui tiet kiem,Internet Banking,404000000
2425,53,107,12,42,2025-09-10,Chi tieu the,Internet Banking,1900000
3559,343,104,3,10,2026-06-13,Chi tieu the,POS,1200000
4813,131,107,11,36,2025-12-10,Tra no vay,POS,95000000
5035,280,109,3,11,2026-05-06,Rut tiet kiem,Internet Banking,100000000
2841,64,109,7,22,2025-10-07,Gui tiet kiem,Quay giao dich,279000000
5396,119,107,6,21,2026-05-26,Chi tieu the,Quay giao dich,2900000
5547,193,106,11,39,2025-09-19,Phi banca,Quay giao dich,200000
1596,104,102,7,22,2025-08-11,Chi tieu the,Mobile Banking,2500000
791,123,104,1,2,2026-05-09,Gui tiet kiem,POS,495000000
3025,310,108,10,32,2025-12-06,Tra no vay,Mobile Banking,30000000
2501,239,108,11,38,2026-04-24,Phi banca,Internet Banking,1600000
1556,150,104,6,21,2025-10-13,Rut tiet kiem,Mobile Banking,182000000
3836,178,105,9,29,2025-08-03,Phi banca,ATM,1900000
4615,137,104,11,37,2026-01-07,Tra no vay,POS,78000000
1714,170,110,1,1,2025-07-13,Gui tiet kiem,Quay giao dich,30000000
2818,337,109,7,24,2025-09-25,Rut tiet kiem,Internet Banking,17000000
430,148,105,1,2,2025-07-25,Chi tieu the,Internet Banking,600000
1688,128,104,12,41,2026-05-15,Gui tiet kiem,Mobile Banking,155000000
4831,96,110,11,37,2026-01-28,Gui tiet kiem,ATM,35000000
2132,52,110,11,36,2025-10-19,Giai ngan vay,Mobile Banking,1770000000
2999,79,110,10,32,2026-06-12,Giai ngan vay,Internet Banking,1287000000
5382,203,108,6,19,2026-01-05,Giai ngan vay,Mobile Banking,1869000000
3427,79,102,10,32,2026-06-09,Rut tiet kiem,Mobile Banking,201000000
1346,341,103,2,8,2026-07-14,Phi banca,Mobile Banking,1200000
1154,374,106,9,30,2025-07-24,Rut tiet kiem,Mobile Banking,290000000
2682,92,110,8,27,2025-10-27,Phi banca,Internet Banking,900000
1728,134,105,5,17,2026-03-31,Rut tiet kiem,Mobile Banking,62000000
2922,257,110,9,30,2026-04-29,Giai ngan vay,ATM,1171000000
1916,97,104,4,14,2026-02-25,Gui tiet kiem,Quay giao dich,147000000
3804,126,106,4,14,2026-02-15,Rut tiet kiem,Internet Banking,158000000
2133,31,110,3,11,2026-03-05,Giai ngan vay,POS,345000000
394,351,106,5,16,2025-08-19,Chi tieu the,POS,3400000
4794,144,106,5,16,2026-02-01,Gui tiet kiem,POS,193000000
2720,348,101,7,24,2025-12-26,Phi banca,ATM,2000000
368,151,107,12,42,2026-06-15,Rut tiet kiem,POS,178000000
3161,128,102,12,41,2026-03-15,Phi banca,Quay giao dich,100000
5317,101,108,3,10,2025-11-20,Giai ngan vay,Quay giao dich,1809000000
1198,161,110,2,7,2026-03-12,Tra no vay,Mobile Banking,91000000
1701,289,108,6,19,2026-01-05,Giai ngan vay,ATM,809000000
2145,381,107,9,31,2025-08-27,Gui tiet kiem,ATM,296000000
486,130,106,6,19,2025-11-08,Gui tiet kiem,POS,398000000
2655,25,102,2,6,2026-04-22,Phi banca,Mobile Banking,1600000
5023,289,107,6,19,2025-10-01,Rut tiet kiem,ATM,244000000
3496,237,105,1,1,2026-07-25,Phi banca,Quay giao dich,1700000
1819,68,102,1,5,2026-04-10,Phi banca,Internet Banking,1400000
4066,151,105,12,42,,Giai ngan vay,Mobile Banking,1913000000
1694,9,102,9,29,2025-10-26,Gui tiet kiem,ATM,77000000
1363,85,103,12,42,2025-09-06,Chi tieu the,POS,4500000
1502,156,104,7,22,2026-02-16,Phi banca,Mobile Banking,900000
3744,229,104,5,17,2025-09-18,Giai ngan vay,Quay giao dich,1298000000
1137,72,102,12,41,2026-05-25,Tra no vay,ATM,7000000
1960,237,107,1,1,2026-06-11,Tra no vay,Mobile Banking,41000000
5762,392,103,5,16,2025-11-21,Phi banca,Internet Banking,1300000
5228,297,109,3,11,2025-07-31,Gui tiet kiem,ATM,434000000
4039,40,104,8,27,2026-03-07,Rut tiet kiem,Mobile Banking,287000000
1453,364,106,5,15,2026-02-16,Giai ngan vay,Mobile Banking,1398000000
234,68,103,1,5,2025-07-14,Chi tieu the,POS,3900000
433,129,110,11,36,2026-03-21,Phi banca,ATM,1700000
1729,378,104,12,42,2026-04-19,Chi tieu the,ATM,3500000
1891,31,105,3,11,2026-04-24,Giai ngan vay,Internet Banking,953000000
3928,20,108,10,35,2026-05-29,Phi banca,Internet Banking,1700000
4205,201,110,2,8,2025-12-03,Rut tiet kiem,ATM,38000000
686,304,107,5,15,2025-09-15,Rut tiet kiem,ATM,61000000
4192,322,101,9,31,2025-11-11,Tra no vay,Mobile Banking,98000000
390,133,108,9,30,2026-06-21,Giai ngan vay,Quay giao dich,85000000
5036,342,106,7,23,2026-02-28,Phi banca,POS,100000
5968,57,110,8,26,2026-04-01,Tra no vay,ATM,75000000
5523,292,104,7,22,2025-10-29,Rut tiet kiem,Mobile Banking,283000000
5910,319,104,9,31,2025-12-19,Rut tiet kiem,POS,59000000
2930,46,109,11,39,2026-01-15,Gui tiet kiem,ATM,162000000
2144,336,107,4,14,2026-03-11,Rut tiet kiem,Mobile Banking,13000000
22,339,106,9,30,2026-06-14,Phi banca,Mobile Banking,1300000
5502,145,107,1,3,2025-09-25,Chi tieu the,Mobile Banking,3900000
3094,76,103,12,42,2026-07-10,Gui tiet kiem,Quay giao dich,375000000
57,47,110,1,3,2026-05-13,Chi tieu the,Internet Banking,3000000
5432,266,108,3,11,2025-08-02,Phi banca,Internet Banking,900000
180,198,108,4,14,2025-11-04,Rut tiet kiem,Quay giao dich,49000000
1935,273,101,11,37,2025-11-17,Phi banca,ATM,100000
27,28,110,2,6,2026-04-24,Gui tiet kiem,POS,246000000
2789,245,105,3,10,2025-12-24,Giai ngan vay,Internet Banking,1460000000
2055,54,104,8,28,2025-07-01,Chi tieu the,POS,300000
2257,95,107,10,35,2026-02-20,Giai ngan vay,Mobile Banking,821000000
3156,274,104,3,9,2025-07-26,Chi tieu the,ATM,3800000
2554,371,109,8,28,2026-03-03,Gui tiet kiem,Mobile Banking,164000000
144,94,104,4,12,2026-03-13,Rut tiet kiem,Mobile Banking,124000000
3733,,110,6,21,2025-08-17,Chi tieu the,POS,2700000
258,270,110,6,19,2026-05-16,Rut tiet kiem,Internet Banking,-289000000
4950,197,103,6,21,2025-09-25,Gui tiet kiem,Mobile Banking,282000000
4871,186,105,9,29,2025-11-15,Phi banca,Quay giao dich,1200000
191,398,110,10,35,2025-10-31,Phi banca,Internet Banking,1700000
5343,234,109,5,15,2025-12-10,Tra no vay,Quay giao dich,56000000
1601,391,107,11,38,2026-06-09,Chi tieu the,Mobile Banking,600000
1392,320,105,1,4,2025-11-23,Rut tiet kiem,ATM,113000000
3838,337,102,7,24,2026-04-09,Chi tieu the,Mobile Banking,4200000
1147,104,105,7,22,2025-09-22,Giai ngan vay,ATM,1631000000
4338,64,109,7,22,2025-12-12,Chi tieu the,Internet Banking,800000
2548,350,105,3,9,2026-04-08,Tra no vay,ATM,69000000
4431,349,108,10,33,2026-03-12,Rut tiet kiem,ATM,67000000
3135,81,101,1,1,2025-11-01,Giai ngan vay,Mobile Banking,1925000000
562,186,109,9,29,2026-07-24,Phi banca,Quay giao dich,1500000
4249,261,107,2,8,2025-07-29,Tra no vay,Internet Banking,58000000
4264,163,106,5,16,2026-07-05,Chi tieu the,ATM,3500000
1977,18,104,8,27,2025-10-08,Tra no vay,Internet Banking,53000000
2108,357,109,6,19,2026-03-12,Tra no vay,Mobile Banking,57000000
4384,398,103,10,35,2025-07-27,Giai ngan vay,ATM,1736000000
407,390,106,4,14,2025-09-02,Gui tiet kiem,ATM,-271000000
4240,154,101,10,34,2026-04-22,Rut tiet kiem,Internet Banking,296000000
5901,144,101,5,16,2025-12-27,Rut tiet kiem,Quay giao dich,34000000
3493,2,101,12,41,2025-10-08,Giai ngan vay,Internet Banking,1595000000
3229,211,104,9,31,2026-07-20,Chi tieu the,Quay giao dich,800000
4873,215,106,3,9,2025-08-23,Chi tieu the,Internet Banking,3100000
1433,270,103,6,19,2026-06-07,Chi tieu the,POS,5000000
3826,161,104,2,7,2025-09-15,Chi tieu the,Quay giao dich,700000
298,256,104,2,6,2026-06-30,Giai ngan vay,POS,1230000000
4498,318,106,3,11,2025-07-18,Phi banca,ATM,200000
3143,324,103,3,9,2025-11-20,Rut tiet kiem,ATM,221000000
1743,,102,5,18,2026-02-03,Chi tieu the,Quay giao dich,500000
3985,275,108,1,4,2026-06-13,Phi banca,Mobile Banking,200000
4446,392,104,5,16,2026-06-18,Phi banca,ATM,600000
1552,175,109,6,19,2026-06-15,Giai ngan vay,Mobile Banking,1419000000
4360,143,103,6,19,2026-05-18,Phi banca,Quay giao dich,1100000
2678,315,108,7,22,2026-01-27,Chi tieu the,Internet Banking,2800000
2943,80,108,7,25,2025-10-07,Gui tiet kiem,Internet Banking,49000000
5338,379,109,4,12,2026-03-04,Phi banca,Internet Banking,1900000
5658,271,107,2,8,2026-02-22,Gui tiet kiem,POS,350000000
4772,255,102,6,20,2026-04-01,Phi banca,Mobile Banking,200000
2292,364,108,5,15,2025-09-08,Rut tiet kiem,ATM,261000000
809,267,101,8,26,2026-02-16,Phi banca,Mobile Banking,700000
2937,356,102,10,33,2026-03-08,Chi tieu the,POS,4000000
4775,1,109,5,17,2026-05-08,Gui tiet kiem,ATM,201000000
2553,49,109,9,31,2025-10-08,Phi banca,Quay giao dich,400000
833,16,106,11,39,2025-09-09,Gui tiet kiem,Mobile Banking,377000000
2825,42,102,2,7,2026-04-26,Chi tieu the,Quay giao dich,2400000
2451,320,109,1,4,2025-12-03,Phi banca,Mobile Banking,1600000
5383,339,108,9,30,2025-11-23,Chi tieu the,Mobile Banking,3400000
837,164,110,11,39,2025-08-25,Tra no vay,POS,46000000
5263,42,109,2,7,2025-07-03,Phi banca,Quay giao dich,1000000
3948,347,107,7,24,2025-09-04,Rut tiet kiem,ATM,220000000
3067,48,106,8,27,2026-01-15,Giai ngan vay,Quay giao dich,382000000
4701,345,109,5,15,2026-04-11,Gui tiet kiem,ATM,489000000
912,104,103,7,22,2026-02-08,Rut tiet kiem,POS,299000000
3990,69,105,8,28,2025-12-30,Chi tieu the,Mobile Banking,1800000
48,58,103,2,6,2026-06-22,Rut tiet kiem,Quay giao dich,214000000
5068,255,101,6,20,2025-09-18,Tra no vay,Quay giao dich,80000000
128,92,106,8,27,2026-04-13,Tra no vay,POS,45000000
564,354,107,2,8,2025-08-08,Rut tiet kiem,Mobile Banking,169000000
5916,116,110,1,2,2025-12-29,Gui tiet kiem,Quay giao dich,280000000
4026,112,101,7,24,2025-07-08,Chi tieu the,Quay giao dich,1400000
5156,377,107,1,4,2026-05-13,Rut tiet kiem,Internet Banking,222000000
588,261,110,2,8,2026-03-08,Phi banca,Mobile Banking,300000
2189,133,104,9,30,2025-12-27,Tra no vay,POS,69000000
1652,148,103,1,2,2026-03-15,Giai ngan vay,Mobile Banking,219000000
727,65,103,5,17,2025-12-24,Gui tiet kiem,POS,397000000
5072,375,107,7,24,2025-12-11,Gui tiet kiem,Internet Banking,12000000
60,268,106,5,15,2026-06-25,Gui tiet kiem,Quay giao dich,464000000
2213,219,101,6,19,2026-04-09,Gui tiet kiem,POS,403000000
4242,127,109,7,25,2026-04-04,Phi banca,ATM,1300000
3486,8,104,9,30,2026-06-15,Gui tiet kiem,ATM,430000000
3893,145,109,1,3,2025-09-01,Phi banca,Quay giao dich,1000000
1539,23,110,5,16,2025-07-26,Phi banca,Quay giao dich,1100000
1867,,107,7,22,2025-12-07,Tra no vay,Mobile Banking,31000000
3884,152,107,12,42,2025-08-24,Giai ngan vay,ATM,1150000000
2873,240,101,3,11,2025-12-11,Phi banca,Internet Banking,2000000
628,109,108,2,6,2025-10-21,Phi banca,Quay giao dich,200000
2448,66,108,7,24,2026-02-16,Tra no vay,ATM,10000000
5611,322,102,9,31,2026-06-25,Giai ngan vay,Internet Banking,547000000
3110,154,110,10,34,2026-02-26,Rut tiet kiem,ATM,223000000
895,353,104,9,31,2025-08-28,Gui tiet kiem,Quay giao dich,83000000
5515,145,104,1,3,2026-02-24,Chi tieu the,ATM,2200000
3567,289,106,6,19,2025-11-12,Chi tieu the,Internet Banking,100000
2262,334,101,7,24,2025-11-30,Tra no vay,POS,56000000
784,97,109,4,14,2025-10-12,Rut tiet kiem,Quay giao dich,44000000
5022,382,106,11,37,2026-01-28,Tra no vay,ATM,60000000
3123,316,107,10,35,2026-06-16,Phi banca,ATM,800000
2945,20,104,10,35,2025-07-31,Giai ngan vay,Internet Banking,953000000
790,68,106,1,5,2025-11-26,Chi tieu the,Internet Banking,5000000
165,44,107,6,21,2025-12-06,Rut tiet kiem,Mobile Banking,146000000
1469,399,105,12,40,2025-09-30,Tra no vay,Quay giao dich,99000000
2864,169,102,11,39,2026-01-31,Chi tieu the,ATM,1400000
5646,256,101,2,6,2026-03-20,Chi tieu the,Mobile Banking,1000000
4033,292,107,7,22,2025-12-31,Giai ngan vay,POS,886000000
2011,22,103,10,32,2026-04-29,Giai ngan vay,Internet Banking,873000000
1740,82,106,8,28,2026-04-23,Phi banca,Mobile Banking,100000
2666,346,102,7,24,2026-01-17,Phi banca,ATM,1600000
2507,324,110,3,9,2025-07-15,Phi banca,Internet Banking,500000
2493,87,107,1,5,2025-07-16,Phi banca,Internet Banking,900000
961,61,102,1,4,2026-01-26,Chi tieu the,ATM,5000000
4972,46,109,11,39,2026-04-17,Gui tiet kiem,Quay giao dich,299000000
2064,287,107,12,42,2026-01-08,Giai ngan vay,Mobile Banking,823000000
3119,348,106,7,24,2025-09-14,Rut tiet kiem,ATM,59000000
5469,135,104,11,39,2025-10-04,Phi banca,Quay giao dich,1900000
5326,382,101,11,37,2026-07-20,Giai ngan vay,Internet Banking,414000000
393,392,102,5,16,2026-05-03,Chi tieu the,Mobile Banking,2000000
3699,221,108,2,6,2025-11-12,Phi banca,POS,500000
5496,75,110,12,42,2025-11-08,Tra no vay,Quay giao dich,15000000
714,316,104,10,35,2026-07-17,Phi banca,Quay giao dich,1700000
3490,316,107,10,35,2025-12-25,Tra no vay,Quay giao dich,35000000
547,335,103,9,30,2025-07-01,Tra no vay,Quay giao dich,88000000
50,248,108,4,12,2025-08-27,Tra no vay,ATM,84000000
2058,,104,5,17,2025-07-24,Phi banca,Internet Banking,2000000
4483,95,105,10,35,2026-01-26,Phi banca,Mobile Banking,2000000
2550,375,102,7,24,2026-01-08,Giai ngan vay,ATM,354000000
1941,220,105,2,7,2025-07-09,Phi banca,POS,700000
3539,267,109,8,26,2025-07-24,Giai ngan vay,Mobile Banking,909000000
4210,375,104,7,24,2025-07-28,Tra no vay,Internet Banking,8000000
1060,84,107,12,42,2026-06-15,Gui tiet kiem,POS,243000000
3024,110,104,12,41,2025-12-24,Rut tiet kiem,Quay giao dich,4000000
856,31,104,3,11,2025-07-07,Tra no vay,Mobile Banking,63000000
2371,89,101,5,16,2026-03-25,Chi tieu the,Internet Banking,1300000
1033,34,104,4,14,2026-07-25,Rut tiet kiem,POS,137000000
5428,122,107,1,3,2026-06-02,Phi banca,Internet Banking,1900000
4793,107,107,9,29,2025-12-27,Gui tiet kiem,Mobile Banking,341000000
639,282,104,2,7,2025-10-29,Gui tiet kiem,POS,223000000
2566,274,105,3,9,2025-10-16,Chi tieu the,Mobile Banking,1200000
2735,369,108,10,33,2026-06-08,Giai ngan vay,Mobile Banking,1710000000
2136,8,105,9,30,2026-06-21,Rut tiet kiem,Mobile Banking,52000000
2591,368,105,4,13,2026-04-17,Gui tiet kiem,ATM,322000000
4894,237,106,1,1,2026-01-31,Giai ngan vay,ATM,1857000000
308,395,107,7,22,2025-10-30,Phi banca,ATM,1200000
4146,319,105,9,31,2026-04-15,Giai ngan vay,ATM,478000000
708,337,103,7,24,2025-09-12,Chi tieu the,ATM,4100000
1019,111,102,3,9,2026-05-11,Rut tiet kiem,Mobile Banking,244000000
2694,69,101,8,28,2026-04-14,Tra no vay,Internet Banking,7000000
1224,150,102,6,21,2025-12-26,Chi tieu the,Mobile Banking,3200000
2151,369,109,10,33,2025-07-13,Giai ngan vay,Mobile Banking,1744000000
2369,127,104,7,25,2025-12-12,Phi banca,POS,1600000
1990,235,102,10,32,2026-04-24,Gui tiet kiem,Quay giao dich,237000000
5986,308,104,10,32,2025-10-15,Rut tiet kiem,Quay giao dich,41000000
1022,,102,2,8,2026-05-06,Rut tiet kiem,Mobile Banking,143000000
3153,275,103,1,4,2026-01-11,Rut tiet kiem,ATM,18000000
456,11,101,3,11,2026-04-12,Phi banca,POS,600000
4684,174,109,10,35,2025-11-08,Rut tiet kiem,ATM,297000000
4832,138,109,10,35,2025-07-27,Giai ngan vay,POS,1384000000
3974,296,110,7,25,2026-03-26,Gui tiet kiem,Mobile Banking,165000000
3599,203,103,6,19,2025-08-18,Tra no vay,Quay giao dich,11000000
2798,285,109,2,7,2025-07-20,Chi tieu the,Internet Banking,4200000
5966,132,103,3,9,2026-01-15,Gui tiet kiem,Quay giao dich,368000000
2845,183,109,5,18,2026-07-13,Chi tieu the,Quay giao dich,100000
3991,211,110,9,31,2026-02-20,Giai ngan vay,Internet Banking,482000000
855,365,102,8,26,2025-12-28,Rut tiet kiem,POS,106000000
3440,111,101,3,9,2026-07-21,Giai ngan vay,ATM,1643000000
5149,81,108,1,1,2025-08-20,Phi banca,POS,1100000
4708,219,110,6,19,2026-03-01,Gui tiet kiem,POS,250000000
1241,349,107,10,33,2025-11-23,Giai ngan vay,POS,585000000
3905,314,110,3,11,2026-06-02,Gui tiet kiem,Internet Banking,98000000
4998,75,110,12,42,2025-07-10,Phi banca,ATM,1100000
1600,227,110,2,8,2025-11-22,Rut tiet kiem,ATM,230000000
3700,398,103,10,35,2026-03-09,Phi banca,Mobile Banking,1000000
227,182,105,8,27,2025-10-29,Giai ngan vay,POS,1331000000
2244,352,109,10,35,2026-05-06,Tra no vay,Mobile Banking,96000000
3662,241,106,10,32,2026-02-07,Gui tiet kiem,ATM,251000000
2519,206,109,1,3,2026-02-13,Giai ngan vay,Quay giao dich,1727000000
3666,251,110,5,18,2025-08-03,Phi banca,Quay giao dich,400000
4324,169,105,11,39,2026-07-08,Rut tiet kiem,ATM,231000000
124,245,104,3,10,2025-08-12,Chi tieu the,Internet Banking,1300000
2494,85,108,12,42,2026-02-01,Giai ngan vay,ATM,479000000
4060,51,106,7,23,2025-09-16,Gui tiet kiem,Mobile Banking,480000000
5578,121,107,11,36,2026-02-07,Tra no vay,Quay giao dich,31000000
5583,144,108,5,16,2025-07-03,Rut tiet kiem,POS,19000000
5704,,109,7,24,2025-11-28,Chi tieu the,Quay giao dich,2100000
2574,392,107,5,16,2025-09-19,Rut tiet kiem,Internet Banking,262000000
5777,382,103,11,37,2025-09-24,Phi banca,ATM,1500000
5199,268,108,5,15,,Phi banca,POS,1400000
1766,178,104,9,29,2025-07-28,Phi banca,Quay giao dich,600000
985,215,108,3,9,2025-12-14,Phi banca,Mobile Banking,400000
1615,294,108,7,24,2026-07-14,Tra no vay,Quay giao dich,82000000
5420,41,108,1,1,2026-06-08,Gui tiet kiem,Internet Banking,309000000
2240,74,108,7,25,2025-08-04,Giai ngan vay,Mobile Banking,1935000000
4282,394,101,6,19,2025-10-29,Phi banca,Mobile Banking,1700000
5459,297,109,3,11,2025-08-29,Phi banca,Quay giao dich,1500000
2795,307,106,12,40,,Phi banca,ATM,1100000
4476,34,107,4,14,2025-11-02,Giai ngan vay,POS,1030000000
4279,11,110,3,11,2025-09-26,Chi tieu the,Internet Banking,4200000
2837,329,104,12,42,2026-01-22,Phi banca,Mobile Banking,600000
1394,197,104,6,21,2026-04-04,Gui tiet kiem,POS,493000000
1315,21,109,3,9,2025-07-29,Tra no vay,Mobile Banking,20000000
4568,4,103,6,20,2026-05-30,Tra no vay,Internet Banking,42000000
3337,21,108,3,9,2026-02-25,Phi banca,Quay giao dich,1000000
5726,321,102,4,14,2025-10-31,Tra no vay,ATM,33000000
4999,218,105,11,38,2025-09-08,Phi banca,ATM,300000
624,128,106,12,41,2025-10-31,Gui tiet kiem,Mobile Banking,13000000
3116,215,106,3,9,2026-03-05,Tra no vay,Mobile Banking,22000000
3954,149,102,1,2,2026-03-16,Chi tieu the,ATM,4000000
904,181,110,11,38,2025-12-21,Phi banca,ATM,1000000
5084,323,105,1,5,2026-05-08,Tra no vay,POS,93000000
1857,257,105,9,30,2026-06-21,Phi banca,Mobile Banking,1000000
1440,125,110,1,4,2025-09-23,Rut tiet kiem,Internet Banking,168000000
1400,191,103,11,37,2026-06-26,Chi tieu the,Quay giao dich,1400000
3651,22,105,10,32,2025-07-15,Rut tiet kiem,ATM,108000000
1569,67,109,4,14,2026-04-01,Phi banca,ATM,1100000
4733,120,101,4,14,2025-10-03,Phi banca,Quay giao dich,800000
3738,23,101,5,16,2026-01-03,Rut tiet kiem,Mobile Banking,42000000
2513,212,109,8,26,2026-07-09,Rut tiet kiem,Mobile Banking,182000000
2434,121,104,11,36,2025-12-13,Tra no vay,POS,51000000
1538,257,110,9,30,2025-07-22,Tra no vay,Internet Banking,56000000
3890,396,109,5,16,2026-04-16,Tra no vay,POS,87000000
2372,271,104,2,8,2026-05-03,Rut tiet kiem,Quay giao dich,207000000
4152,12,105,8,27,2025-07-31,Giai ngan vay,POS,864000000
3975,358,102,6,19,2025-10-17,Phi banca,Mobile Banking,1700000
1343,331,108,10,35,2026-02-16,Phi banca,POS,500000
40,215,102,3,9,2026-03-19,Gui tiet kiem,POS,149000000
3640,329,109,12,42,2026-02-01,Gui tiet kiem,Quay giao dich,480000000
896,54,108,8,28,2025-07-13,Tra no vay,POS,16000000
932,137,106,11,37,2026-06-23,Chi tieu the,POS,4600000
3531,110,104,12,41,2026-04-03,Chi tieu the,ATM,4600000
2831,112,105,7,24,2026-06-07,Gui tiet kiem,ATM,159000000
1614,277,104,7,25,2025-08-28,Rut tiet kiem,POS,164000000
5551,277,109,7,25,2025-11-07,Phi banca,Internet Banking,1900000
633,159,104,10,34,2026-07-13,Rut tiet kiem,ATM,41000000
1636,96,109,11,37,2026-07-25,Phi banca,Internet Banking,600000
5161,365,105,8,26,2025-10-16,Chi tieu the,Quay giao dich,1000000
673,175,110,6,19,2025-10-05,Chi tieu the,Quay giao dich,2500000
2956,,101,12,42,2025-07-24,Giai ngan vay,ATM,1310000000
5393,320,110,1,4,2025-10-20,Phi banca,Mobile Banking,2000000
711,209,106,4,14,2025-08-16,Gui tiet kiem,Quay giao dich,378000000
1645,163,101,5,16,2025-07-09,Giai ngan vay,POS,1477000000
1693,380,101,9,29,2025-10-18,Chi tieu the,POS,3800000
3065,384,108,8,26,2025-12-18,Giai ngan vay,ATM,288000000
5401,46,101,11,39,2026-01-10,Giai ngan vay,ATM,1078000000
490,236,107,9,30,2026-06-02,Phi banca,POS,1300000
4404,218,107,11,38,2026-05-24,Phi banca,ATM,500000
2746,38,102,8,27,2025-07-19,Phi banca,Internet Banking,800000
